{"type":"FeatureCollection","features":[{"type":"Feature","properties":{"id":"nigeria","name":"Nigeria"},"geometry":{"type":"MultiPolygon","coordinates":[[[[12.821,13.4072],[12.8255,13.4094],[12.8255,13.4117],[12.8233,13.4139],[12.8188,13.4117],[12.8188,13.4094],[12.8188,13.4072],[12.821,13.4072]]],[[[12.6436,13.3016],[12.6459,13.3039],[12.6459,13.3061],[12.6436,13.3061],[12.6414,13.3061],[12.6414,13.3039],[12.6414,13.3016],[12.6414,13.2994],[12.6436,13.3016]]],[[[13.2006,13.5442],[13.2028,13.5442],[13.2028,13.5464],[13.205,13.5464],[13.2073,13.5486],[13.2073,13.5509],[13.205,13.5509],[13.205,13.5531],[13.2028,13.5531],[13.2006,13.5531],[13.1983,13.5486],[13.1983,13.5464],[13.2006,13.5442]]],[[[14.301,12.3629],[14.3032,12.3651],[14.3032,12.3674],[14.301,12.3674],[14.301,12.3696],[14.2987,12.3696],[14.2965,12.3719],[14.2942,12.3719],[14.292,12.3719],[14.2897,12.3719],[14.2897,12.3696],[14.2897,12.3674],[14.292,12.3674],[14.2942,12.3651],[14.2965,12.3651],[14.2965,12.3629],[14.2965,12.3606],[14.2987,12.3606],[14.301,12.3629]]],[[[12.8188,13.4072],[12.8165,13.4072],[12.812,13.4072],[12.8098,13.4072],[12.8031,13.4072],[12.8008,13.4072],[12.7986,13.4072],[12.7941,13.4049],[12.7851,13.4004],[12.7851,13.3982],[12.7828,13.3982],[12.7828,13.3959],[12.7851,13.3937],[12.7851,13.3914],[12.7873,13.3914],[12.7873,13.3892],[12.7896,13.3892],[12.7963,13.3847],[12.7963,13.3825],[12.7941,13.378],[12.7918,13.378],[12.7806,13.3757],[12.7761,13.378],[12.7761,13.3802],[12.7784,13.3802],[12.7784,13.3825],[12.7806,13.3847],[12.7806,13.3869],[12.7739,13.3914],[12.7716,13.3914],[12.7694,13.3914],[12.7671,13.3914],[12.7649,13.3914],[12.7626,13.3892],[12.7626,13.3869],[12.7626,13.3847],[12.7626,13.3825],[12.7626,13.378],[12.7626,13.3757],[12.7626,13.3735],[12.7604,13.369],[12.7581,13.369],[12.7581,13.3667],[12.7559,13.3667],[12.7559,13.3645],[12.7536,13.3622],[12.7514,13.36],[12.7514,13.3578],[12.7492,13.3578],[12.7469,13.3578],[12.7469,13.3555],[12.7447,13.3555],[12.7424,13.3555],[12.7424,13.3533],[12.7379,13.351],[12.7379,13.3488],[12.7379,13.3465],[12.7379,13.3443],[12.7357,13.342],[12.7334,13.342],[12.7334,13.3375],[12.7357,13.3375],[12.7379,13.3375],[12.7402,13.3375],[12.7424,13.3353],[12.7424,13.3286],[12.7402,13.3263],[12.7379,13.3263],[12.7357,13.3263],[12.7334,13.3263],[12.7312,13.3263],[12.7289,13.3263],[12.7289,13.3241],[12.7267,13.3241],[12.7222,13.3241],[12.72,13.3241],[12.7177,13.3241],[12.7155,13.3241],[12.7132,13.3241],[12.711,13.3241],[12.7087,13.3218],[12.7087,13.3196],[12.711,13.3196],[12.711,13.3173],[12.7132,13.3173],[12.7132,13.3151],[12.7155,13.3151],[12.7177,13.3151],[12.72,13.3151],[12.7222,13.3151],[12.7222,13.3128],[12.7222,13.3106],[12.72,13.3106],[12.72,13.3083],[12.7177,13.3083],[12.7155,13.3061],[12.711,13.3083],[12.7087,13.3083],[12.7087,13.3106],[12.7065,13.3106],[12.7065,13.3128],[12.7087,13.3128],[12.7087,13.3151],[12.7065,13.3173],[12.7042,13.3196],[12.702,13.3218],[12.6997,13.3218],[12.6975,13.3196],[12.693,13.3196],[12.6885,13.3218],[12.684,13.3218],[12.6818,13.3196],[12.684,13.3173],[12.684,13.3151],[12.6863,13.3128],[12.6885,13.3106],[12.6908,13.3061],[12.693,13.3039],[12.693,13.3016],[12.6908,13.3016],[12.6908,13.2994],[12.6908,13.2971],[12.6885,13.2971],[12.6863,13.2949],[12.684,13.2904],[12.6818,13.2859],[12.6795,13.2859],[12.6795,13.2836],[12.6773,13.2814],[12.6773,13.2792],[12.6773,13.2769],[12.675,13.2769],[12.6706,13.2747],[12.6683,13.2747],[12.6683,13.2769],[12.6661,13.2769],[12.6661,13.2792],[12.6661,13.2814],[12.6661,13.2836],[12.6661,13.2859],[12.6638,13.2881],[12.6616,13.2881],[12.6616,13.2904],[12.6571,13.2904],[12.6571,13.2926],[12.6548,13.2904],[12.6548,13.2881],[12.6526,13.2881],[12.6503,13.2881],[12.6481,13.2881],[12.6459,13.2881],[12.6459,13.2904],[12.6436,13.2971],[12.6414,13.2994],[12.6414,13.2971],[12.6391,13.2949],[12.6369,13.2949],[12.6369,13.2926],[12.6346,13.2926],[12.6346,13.2904],[12.6346,13.2881],[12.6346,13.2859],[12.6324,13.2859],[12.6324,13.2836],[12.6301,13.2814],[12.6279,13.2814],[12.6279,13.2792],[12.6256,13.2792],[12.6234,13.2792],[12.6211,13.2792],[12.6144,13.2792],[12.6122,13.2792],[12.6122,13.2814],[12.6122,13.2836],[12.6099,13.2836],[12.6077,13.2836],[12.6054,13.2836],[12.6032,13.2814],[12.5964,13.2814],[12.5942,13.2814],[12.5942,13.2836],[12.5942,13.2859],[12.5942,13.2881],[12.592,13.2881],[12.592,13.2904],[12.5897,13.2904],[12.5897,13.2881],[12.5897,13.2859],[12.5897,13.2836],[12.5875,13.2836],[12.5852,13.2836],[12.583,13.2836],[12.583,13.2859],[12.5807,13.2859],[12.5785,13.2859],[12.5785,13.2836],[12.5785,13.2814],[12.5807,13.2814],[12.5852,13.2814],[12.5875,13.2792],[12.5897,13.2769],[12.592,13.2702],[12.592,13.2679],[12.5897,13.2679],[12.5897,13.2657],[12.5875,13.2657],[12.5875,13.2679],[12.5875,13.2702],[12.5875,13.2724],[12.5875,13.2747],[12.5852,13.2747],[12.583,13.2769],[12.5807,13.2769],[12.5785,13.2769],[12.5785,13.2747],[12.5762,13.2747],[12.5762,13.2702],[12.5785,13.2702],[12.5807,13.2702],[12.5807,13.2679],[12.5807,13.2589],[12.5807,13.2567],[12.5785,13.2567],[12.5785,13.2545],[12.5762,13.2545],[12.574,13.2545],[12.5717,13.2545],[12.5695,13.2522],[12.5695,13.25],[12.5672,13.25],[12.565,13.25],[12.5628,13.25],[12.5628,13.2522],[12.5605,13.2522],[12.5605,13.2545],[12.5605,13.2567],[12.5628,13.2589],[12.5628,13.2612],[12.5628,13.2634],[12.5605,13.2634],[12.5515,13.2634],[12.5493,13.2589],[12.5515,13.2567],[12.5605,13.25],[12.5605,13.2477],[12.5628,13.2477],[12.565,13.2455],[12.565,13.2432],[12.565,13.241],[12.565,13.2387],[12.5672,13.2387],[12.5695,13.2387],[12.5717,13.2387],[12.5717,13.2365],[12.5717,13.2342],[12.5717,13.232],[12.5695,13.232],[12.5695,13.2297],[12.5672,13.2297],[12.565,13.2275],[12.5628,13.2275],[12.5583,13.2275],[12.556,13.2275],[12.5538,13.2253],[12.556,13.2253],[12.556,13.223],[12.556,13.2208],[12.5538,13.2118],[12.5538,13.2095],[12.5515,13.205],[12.5493,13.205],[12.5493,13.2028],[12.547,13.2028],[12.547,13.205],[12.5448,13.205],[12.5448,13.2073],[12.5425,13.2095],[12.5425,13.2118],[12.5403,13.2118],[12.5381,13.2118],[12.5381,13.214],[12.5381,13.2163],[12.5381,13.2185],[12.5358,13.2185],[12.5336,13.2163],[12.5336,13.214],[12.5313,13.2118],[12.5336,13.2118],[12.5336,13.2095],[12.5336,13.2073],[12.5358,13.205],[12.5358,13.2028],[12.5381,13.2006],[12.5403,13.1983],[12.5425,13.1983],[12.5425,13.1961],[12.5448,13.1961],[12.547,13.1961],[12.5493,13.1961],[12.5515,13.1961],[12.5538,13.1983],[12.5538,13.2006],[12.5538,13.2028],[12.556,13.2028],[12.5583,13.2028],[12.5583,13.2006],[12.5605,13.2006],[12.5605,13.1983],[12.5605,13.1961],[12.5605,13.1938],[12.5583,13.1938],[12.556,13.1916],[12.5538,13.1893],[12.5515,13.1871],[12.5515,13.1848],[12.5515,13.1826],[12.5515,13.1803],[12.5515,13.1781],[12.5515,13.1736],[12.5515,13.1714],[12.5538,13.1714],[12.5538,13.1691],[12.5538,13.1669],[12.5515,13.1624],[12.5493,13.1579],[12.547,13.1579],[12.5448,13.1556],[12.5403,13.1511],[12.5403,13.1489],[12.5425,13.1489],[12.5425,13.1467],[12.5425,13.1444],[12.5425,13.1422],[12.5403,13.1422],[12.5381,13.1422],[12.5358,13.1422],[12.5336,13.1444],[12.5336,13.1467],[12.5358,13.1467],[12.5358,13.1489],[12.5358,13.1511],[12.5336,13.1511],[12.5268,13.1511],[12.5246,13.1511],[12.5223,13.1511],[12.5201,13.1511],[12.5201,13.1534],[12.5178,13.1534],[12.5178,13.1556],[12.5156,13.1556],[12.5156,13.1534],[12.5134,13.1534],[12.5134,13.1511],[12.5089,13.1467],[12.5044,13.1467],[12.5044,13.1444],[12.5021,13.1444],[12.4999,13.1399],[12.4976,13.1354],[12.4976,13.1332],[12.4954,13.1332],[12.4931,13.1287],[12.4909,13.1287],[12.4909,13.1264],[12.4886,13.1242],[12.4909,13.1175],[12.4909,13.1152],[12.4931,13.1152],[12.4954,13.1152],[12.4954,13.113],[12.4931,13.1085],[12.4931,13.1062],[12.4909,13.1062],[12.4931,13.1017],[12.4954,13.0995],[12.4954,13.0972],[12.4931,13.095],[12.4909,13.095],[12.4886,13.095],[12.4886,13.0928],[12.4886,13.0905],[12.4909,13.0905],[12.4931,13.0905],[12.4954,13.0905],[12.4954,13.0883],[12.4976,13.0883],[12.4954,13.086],[12.4909,13.086],[12.4909,13.0883],[12.4886,13.0883],[12.4842,13.0883],[12.4797,13.086],[12.4774,13.086],[12.4774,13.0838],[12.4774,13.0815],[12.4797,13.0815],[12.4797,13.0793],[12.4797,13.077],[12.4819,13.077],[12.4819,13.0748],[12.4819,13.0725],[12.4797,13.0636],[12.4774,13.0636],[12.4774,13.0613],[12.4752,13.0613],[12.4729,13.0636],[12.4617,13.0725],[12.4595,13.0725],[12.4572,13.0725],[12.4572,13.0748],[12.455,13.0748],[12.4527,13.0748],[12.4505,13.0748],[12.4482,13.0748],[12.446,13.077],[12.4437,13.0748],[12.4415,13.0748],[12.4392,13.0748],[12.4392,13.0725],[12.437,13.0725],[12.4347,13.0725],[12.4303,13.0748],[12.428,13.077],[12.428,13.0748],[12.4258,13.0748],[12.4235,13.0748],[12.4213,13.0748],[12.419,13.0748],[12.419,13.077],[12.4168,13.077],[12.4168,13.0793],[12.41,13.0815],[12.4078,13.0815],[12.4078,13.0838],[12.4056,13.0838],[12.4011,13.0815],[12.3966,13.0793],[12.3966,13.077],[12.3943,13.077],[12.3921,13.0748],[12.3898,13.0748],[12.3831,13.0748],[12.3831,13.077],[12.3809,13.077],[12.3809,13.0793],[12.3764,13.0793],[12.3741,13.0793],[12.3741,13.077],[12.3719,13.077],[12.3696,13.0748],[12.3696,13.077],[12.3674,13.077],[12.3674,13.0793],[12.3674,13.0815],[12.3696,13.0838],[12.3696,13.086],[12.3719,13.086],[12.3719,13.0883],[12.3719,13.0905],[12.3696,13.0928],[12.3674,13.0928],[12.3651,13.0905],[12.3561,13.0838],[12.3561,13.0815],[12.3584,13.0815],[12.3584,13.0793],[12.3561,13.0793],[12.3561,13.077],[12.3539,13.077],[12.3539,13.0793],[12.3517,13.0793],[12.3517,13.0815],[12.3494,13.086],[12.3472,13.0883],[12.3427,13.0883],[12.3404,13.0883],[12.3382,13.086],[12.3382,13.0838],[12.3382,13.0815],[12.3382,13.0793],[12.3382,13.077],[12.3404,13.077],[12.3404,13.0748],[12.3404,13.0725],[12.3382,13.0725],[12.3337,13.0725],[12.3314,13.0725],[12.3314,13.0748],[12.3314,13.077],[12.3337,13.0793],[12.3337,13.0838],[12.3337,13.086],[12.3314,13.086],[12.3292,13.086],[12.327,13.086],[12.3247,13.086],[12.3225,13.086],[12.3202,13.0883],[12.318,13.0905],[12.318,13.0928],[12.3157,13.0928],[12.3135,13.0972],[12.3112,13.0972],[12.3067,13.0972],[12.3022,13.0995],[12.3,13.0995],[12.2978,13.0995],[12.2955,13.0995],[12.2933,13.0995],[12.291,13.0995],[12.2888,13.0972],[12.2843,13.095],[12.2775,13.0905],[12.2775,13.0883],[12.2775,13.086],[12.2798,13.086],[12.2798,13.0838],[12.2775,13.0838],[12.2753,13.0838],[12.2753,13.0815],[12.2731,13.0815],[12.2708,13.0838],[12.2708,13.0905],[12.2708,13.095],[12.2731,13.0972],[12.2731,13.104],[12.2731,13.1062],[12.2708,13.1062],[12.2708,13.1085],[12.2641,13.1152],[12.2573,13.1175],[12.2551,13.1175],[12.2506,13.1175],[12.2461,13.1175],[12.2394,13.1175],[12.2371,13.1175],[12.2371,13.1152],[12.2349,13.1107],[12.2304,13.1107],[12.2281,13.113],[12.2259,13.1152],[12.2236,13.1152],[12.2236,13.113],[12.2214,13.113],[12.2147,13.1152],[12.2124,13.1152],[12.2102,13.1175],[12.2079,13.1197],[12.2079,13.122],[12.2102,13.1242],[12.2057,13.1242],[12.2034,13.1264],[12.2034,13.1287],[12.2012,13.1309],[12.1989,13.1309],[12.19,13.1264],[12.1877,13.1242],[12.1855,13.1242],[12.1855,13.122],[12.1855,13.1197],[12.1832,13.1197],[12.181,13.1175],[12.181,13.1197],[12.1787,13.1197],[12.1787,13.122],[12.181,13.122],[12.181,13.1242],[12.181,13.1264],[12.1787,13.1264],[12.1765,13.1242],[12.1765,13.1197],[12.1765,13.1175],[12.1832,13.113],[12.1832,13.1107],[12.1855,13.1107],[12.1877,13.1107],[12.1877,13.1085],[12.1855,13.1085],[12.181,13.1062],[12.181,13.1085],[12.1787,13.1085],[12.1765,13.1085],[12.1742,13.1062],[12.172,13.104],[12.1698,13.104],[12.163,13.1017],[12.163,13.104],[12.1608,13.104],[12.1585,13.1062],[12.1585,13.1085],[12.1518,13.1085],[12.1495,13.1062],[12.1518,13.0995],[12.1495,13.0972],[12.1383,13.0995],[12.1338,13.104],[12.1316,13.1017],[12.1316,13.095],[12.1293,13.0905],[12.1226,13.0905],[12.1203,13.0928],[12.1181,13.0928],[12.1136,13.0905],[12.1046,13.0928],[12.0956,13.0972],[12.0889,13.1017],[12.0822,13.1062],[12.0732,13.1107],[12.0664,13.1152],[12.0597,13.1197],[12.053,13.122],[12.0462,13.1264],[12.0462,13.1287],[12.0417,13.1309],[12.026,13.1399],[12.0148,13.1511],[12.0125,13.1579],[12.0058,13.1624],[12.0013,13.1691],[11.9946,13.1736],[11.9901,13.1758],[11.9429,13.2118],[11.9295,13.223],[11.9227,13.2253],[11.916,13.2297],[11.9115,13.232],[11.9048,13.2365],[11.898,13.2387],[11.8913,13.2432],[11.8845,13.2455],[11.88,13.2477],[11.8756,13.25],[11.8666,13.2522],[11.8598,13.2522],[11.8509,13.2545],[11.8441,13.2567],[11.8351,13.2589],[11.8284,13.2589],[11.8149,13.2634],[11.8104,13.2634],[11.8014,13.2657],[11.7947,13.2679],[11.7857,13.2679],[11.7767,13.2679],[11.7723,13.2724],[11.7655,13.2724],[11.761,13.2724],[11.7588,13.2747],[11.752,13.2747],[11.7431,13.2747],[11.7386,13.2769],[11.7341,13.2792],[11.7273,13.2792],[11.6959,13.2859],[11.6869,13.2904],[11.6802,13.2926],[11.6712,13.2949],[11.6667,13.2949],[11.6622,13.2994],[11.6577,13.3016],[11.651,13.3016],[11.6442,13.3039],[11.6375,13.3061],[11.6308,13.3083],[11.6263,13.3106],[11.6173,13.3128],[11.6106,13.3173],[11.6016,13.3196],[11.5971,13.3218],[11.5903,13.3263],[11.5836,13.3286],[11.5769,13.3308],[11.5679,13.3353],[11.5612,13.3375],[11.5544,13.342],[11.5477,13.3443],[11.5387,13.3488],[11.532,13.351],[11.523,13.351],[11.523,13.3533],[11.5162,13.3533],[11.5095,13.3533],[11.5005,13.3555],[11.4938,13.3555],[11.4848,13.3578],[11.4803,13.3555],[11.4691,13.3578],[11.4646,13.36],[11.4578,13.36],[11.4511,13.3622],[11.4444,13.3622],[11.4287,13.3645],[11.4197,13.3667],[11.4129,13.3667],[11.4039,13.369],[11.395,13.369],[11.3882,13.3712],[11.3815,13.3712],[11.3748,13.3712],[11.368,13.3712],[11.359,13.3712],[11.35,13.3735],[11.3433,13.3735],[11.3343,13.3735],[11.3253,13.3735],[11.3186,13.3735],[11.3096,13.3735],[11.3029,13.3735],[11.2962,13.3735],[11.2894,13.3735],[11.2849,13.3735],[11.2804,13.3735],[11.2759,13.3735],[11.267,13.3735],[11.258,13.3735],[11.249,13.3735],[11.24,13.3735],[11.231,13.3757],[11.222,13.3757],[11.2131,13.3757],[11.2063,13.3757],[11.1816,13.3757],[11.1749,13.3757],[11.1659,13.3757],[11.1592,13.3757],[11.1547,13.3757],[11.1524,13.3757],[11.1434,13.3757],[11.1389,13.3757],[11.1345,13.3757],[11.1322,13.3757],[11.1232,13.3757],[11.1142,13.3757],[11.1053,13.3757],[11.0963,13.3735],[11.0873,13.3735],[11.0783,13.3735],[11.0693,13.3735],[11.0648,13.3757],[11.0603,13.3735],[11.0514,13.3735],[11.0424,13.3735],[11.0356,13.3735],[11.0289,13.3735],[11.0244,13.3735],[11.0177,13.3735],[11.0087,13.3735],[11.002,13.3735],[10.993,13.3735],[10.9862,13.3735],[10.9773,13.3712],[10.9683,13.3712],[10.9593,13.3712],[10.9503,13.3712],[10.9413,13.3712],[10.9323,13.369],[10.9234,13.369],[10.9166,13.369],[10.9054,13.369],[10.9009,13.369],[10.8942,13.3667],[10.8874,13.3667],[10.8807,13.3667],[10.8739,13.3667],[10.8672,13.3667],[10.8605,13.3667],[10.8537,13.3667],[10.8492,13.3645],[10.8403,13.3645],[10.8313,13.3645],[10.8223,13.3645],[10.8133,13.3645],[10.8066,13.3645],[10.7998,13.3622],[10.7909,13.3622],[10.7819,13.3622],[10.7729,13.3622],[10.7639,13.36],[10.7549,13.36],[10.7459,13.36],[10.737,13.36],[10.7302,13.36],[10.7212,13.36],[10.7123,13.3578],[10.7033,13.3578],[10.6876,13.3578],[10.6786,13.3578],[10.6696,13.3578],[10.6628,13.3555],[10.6539,13.3533],[10.6471,13.351],[10.6404,13.3488],[10.6314,13.3465],[10.6247,13.3443],[10.6179,13.3398],[10.609,13.3375],[10.6,13.3331],[10.5932,13.3308],[10.5865,13.3286],[10.5798,13.3263],[10.5708,13.3241],[10.5663,13.3218],[10.5618,13.3196],[10.5551,13.3173],[10.5461,13.3128],[10.5393,13.3106],[10.5326,13.3083],[10.5259,13.3061],[10.5169,13.3039],[10.5079,13.2994],[10.5012,13.2971],[10.4922,13.2949],[10.4854,13.2904],[10.4787,13.2881],[10.472,13.2859],[10.4675,13.2814],[10.4585,13.2814],[10.4517,13.2814],[10.445,13.2814],[10.4405,13.2814],[10.4383,13.2792],[10.4383,13.2814],[10.4315,13.2814],[10.4226,13.2792],[10.4136,13.2792],[10.4023,13.2769],[10.3934,13.2769],[10.3844,13.2769],[10.3776,13.2769],[10.3687,13.2769],[10.3597,13.2747],[10.3529,13.2747],[10.344,13.2747],[10.3305,13.2747],[10.326,13.2747],[10.317,13.2724],[10.308,13.2724],[10.2945,13.2724],[10.2878,13.2724],[10.2811,13.2724],[10.2766,13.2702],[10.2698,13.2702],[10.2631,13.2702],[10.2586,13.2724],[10.2496,13.2702],[10.2429,13.2702],[10.2339,13.2679],[10.2249,13.2679],[10.2227,13.2679],[10.2159,13.2679],[10.207,13.2679],[10.2025,13.2657],[10.1957,13.2634],[10.189,13.2612],[10.1823,13.2589],[10.1755,13.2545],[10.1688,13.2522],[10.162,13.2477],[10.1531,13.2455],[10.1463,13.241],[10.1396,13.2387],[10.1328,13.2365],[10.1306,13.2342],[10.1261,13.232],[10.1239,13.2297],[10.1149,13.2275],[10.1081,13.223],[10.0992,13.2208],[10.0924,13.2163],[10.0834,13.214],[10.0767,13.2095],[10.0677,13.2073],[10.061,13.2028],[10.0385,13.1893],[10.034,13.1826],[10.0273,13.1803],[10.0228,13.1781],[10.0161,13.1758],[10.0116,13.1714],[10.0048,13.1691],[10.0004,13.1646],[9.9959,13.1624],[9.9914,13.1556],[9.9846,13.1534],[9.9824,13.1489],[9.9801,13.1444],[9.9465,13.1085],[9.9352,13.095],[9.9128,13.0703],[9.9015,13.0591],[9.897,13.0568],[9.8948,13.0568],[9.8903,13.0523],[9.8858,13.0478],[9.8813,13.0433],[9.8768,13.0411],[9.8723,13.0366],[9.8701,13.0366],[9.8634,13.0299],[9.8589,13.0254],[9.8521,13.0209],[9.8476,13.0142],[9.8431,13.0097],[9.8364,13.0029],[9.8319,12.9962],[9.8297,12.9895],[9.8252,12.9827],[9.8207,12.976],[9.8162,12.9692],[9.8117,12.967],[9.8072,12.9603],[9.8027,12.9535],[9.7937,12.9423],[9.7892,12.94],[9.7848,12.9356],[9.7803,12.9311],[9.7758,12.9266],[9.7735,12.9221],[9.769,12.9176],[9.7623,12.9108],[9.7421,12.8906],[9.7354,12.8839],[9.7286,12.8772],[9.7219,12.8704],[9.7174,12.8637],[9.7106,12.8592],[9.7062,12.8547],[9.6994,12.848],[9.6949,12.8435],[9.6927,12.839],[9.6882,12.8345],[9.677,12.8233],[9.6657,12.8143],[9.659,12.8098],[9.65,12.8031],[9.641,12.8031],[9.6343,12.8053],[9.6253,12.8053],[9.6163,12.8053],[9.6073,12.8053],[9.5984,12.8053],[9.5916,12.8053],[9.5849,12.8075],[9.5804,12.8075],[9.5737,12.8075],[9.5534,12.8075],[9.5467,12.8075],[9.54,12.8098],[9.531,12.8098],[9.522,12.8098],[9.513,12.8098],[9.4883,12.8098],[9.4344,12.8188],[9.4299,12.821],[9.4232,12.821],[9.4075,12.8233],[9.3985,12.8233],[9.3895,12.8233],[9.3828,12.821],[9.3805,12.8188],[9.3648,12.8165],[9.3603,12.8165],[9.3536,12.8165],[9.3468,12.8143],[9.3334,12.812],[9.3266,12.812],[9.3064,12.812],[9.2997,12.812],[9.2929,12.812],[9.2884,12.812],[9.2795,12.8143],[9.2727,12.8165],[9.266,12.8188],[9.2593,12.8188],[9.2525,12.8233],[9.2435,12.8255],[9.2368,12.8255],[9.2301,12.8255],[9.2256,12.8278],[9.2211,12.8278],[9.2121,12.8278],[9.2031,12.8278],[9.1964,12.8278],[9.1874,12.8278],[9.1784,12.8278],[9.1694,12.83],[9.1672,12.8322],[9.1604,12.8345],[9.1537,12.8345],[9.147,12.8345],[9.1425,12.8322],[9.138,12.8345],[9.1312,12.8345],[9.1223,12.8345],[9.1155,12.8345],[9.1065,12.8345],[9.102,12.8367],[9.0931,12.8367],[9.0863,12.8367],[9.0818,12.8345],[9.0729,12.8367],[9.0661,12.8367],[9.0594,12.8367],[9.0459,12.8367],[9.0437,12.8367],[9.0145,12.839],[9.0055,12.839],[8.9965,12.8412],[8.9898,12.839],[8.983,12.839],[8.9785,12.8367],[8.9763,12.8345],[8.9695,12.8322],[8.9628,12.8367],[8.9561,12.839],[8.9493,12.8412],[8.9404,12.8457],[8.9381,12.8457],[8.9336,12.848],[8.9291,12.848],[8.9246,12.8502],[8.9224,12.8502],[8.882,12.8637],[8.8775,12.8659],[8.8707,12.8704],[8.8662,12.8704],[8.8618,12.8704],[8.8528,12.8727],[8.846,12.8749],[8.837,12.8794],[8.8303,12.8817],[8.8236,12.8817],[8.8168,12.8839],[8.8101,12.8884],[8.8034,12.8906],[8.7944,12.8906],[8.7876,12.8929],[8.7809,12.8974],[8.7719,12.8974],[8.7607,12.8996],[8.754,12.9019],[8.7472,12.9041],[8.7405,12.9064],[8.7337,12.9108],[8.7248,12.9131],[8.7203,12.9131],[8.7158,12.9153],[8.709,12.9131],[8.7045,12.9153],[8.6956,12.9176],[8.6911,12.9198],[8.6843,12.9221],[8.6776,12.9243],[8.6664,12.9311],[8.6619,12.9333],[8.6484,12.9378],[8.6439,12.9468],[8.6439,12.9513],[8.6439,12.9558],[8.6394,12.9603],[8.6349,12.9692],[8.6327,12.9782],[8.6259,12.9827],[8.6215,12.9895],[8.617,12.9962],[8.6125,13.0007],[8.6057,13.0052],[8.6012,13.0097],[8.599,13.0119],[8.5923,13.0164],[8.59,13.0209],[8.5855,13.0231],[8.5788,13.0299],[8.572,13.0344],[8.5653,13.0389],[8.5586,13.0411],[8.5518,13.0456],[8.5451,13.0501],[8.5384,13.0523],[8.5316,13.0568],[8.5226,13.0591],[8.5159,13.0636],[8.5069,13.0658],[8.5002,13.0681],[8.4934,13.0681],[8.4867,13.0703],[8.4777,13.0703],[8.4687,13.0681],[8.462,13.0681],[8.4553,13.0658],[8.4485,13.0636],[8.4418,13.0613],[8.4351,13.0591],[8.4283,13.0568],[8.4216,13.0546],[8.4148,13.0546],[8.4104,13.0591],[8.4059,13.0658],[8.4014,13.0703],[8.3946,13.0748],[8.3879,13.0793],[8.3879,13.0815],[8.3812,13.0838],[8.3767,13.0883],[8.3722,13.0928],[8.3654,13.0972],[8.3632,13.104],[8.3587,13.1085],[8.3565,13.1152],[8.352,13.1175],[8.3475,13.1197],[8.3407,13.1242],[8.334,13.1287],[8.3273,13.1332],[8.316,13.1467],[8.3115,13.1534],[8.3071,13.1601],[8.3003,13.1646],[8.2936,13.1669],[8.2868,13.1714],[8.2823,13.1781],[8.2779,13.1826],[8.2734,13.1893],[8.2666,13.1938],[8.2621,13.2006],[8.2599,13.2028],[8.2599,13.205],[8.2554,13.2073],[8.2464,13.2095],[8.2374,13.2118],[8.2284,13.214],[8.2195,13.2163],[8.2127,13.2185],[8.1993,13.2253],[8.197,13.2297],[8.1925,13.232],[8.1903,13.232],[8.1835,13.2387],[8.1768,13.2455],[8.1701,13.2522],[8.1656,13.2589],[8.1588,13.2612],[8.1566,13.2634],[8.1498,13.2679],[8.1454,13.2724],[8.1386,13.2747],[8.1319,13.2769],[8.1207,13.2836],[8.1139,13.2859],[8.1072,13.2904],[8.1004,13.2926],[8.0937,13.2926],[8.0847,13.2949],[8.0825,13.2971],[8.078,13.2971],[8.0735,13.2994],[8.0668,13.3016],[8.0645,13.3016],[8.0623,13.3039],[8.0533,13.3039],[8.0465,13.3061],[8.0421,13.3061],[8.0376,13.3061],[8.0331,13.3083],[8.0263,13.3083],[8.0241,13.3106],[8.0151,13.3128],[8.0061,13.3128],[7.9994,13.3151],[7.9926,13.3151],[7.9859,13.3173],[7.9792,13.3196],[7.9702,13.3196],[7.9634,13.3218],[7.9545,13.3218],[7.9477,13.3241],[7.9387,13.3241],[7.932,13.3241],[7.9253,13.3263],[7.9163,13.3263],[7.9118,13.3286],[7.9051,13.3286],[7.8983,13.3286],[7.8916,13.3308],[7.8871,13.3308],[7.8826,13.3286],[7.8759,13.3308],[7.8759,13.3331],[7.8669,13.3331],[7.8579,13.3331],[7.8489,13.3331],[7.8399,13.3375],[7.8354,13.3375],[7.8332,13.3375],[7.8242,13.3398],[7.8197,13.3398],[7.8152,13.3375],[7.8107,13.3375],[7.804,13.3353],[7.7973,13.3308],[7.7883,13.3263],[7.7815,13.3218],[7.7748,13.3173],[7.7703,13.3151],[7.7636,13.3106],[7.7568,13.3061],[7.7523,13.3039],[7.7501,13.3016],[7.7456,13.2994],[7.7411,13.2971],[7.7344,13.2926],[7.7276,13.2881],[7.7187,13.2836],[7.7142,13.2792],[7.7029,13.2724],[7.6962,13.2702],[7.6962,13.2679],[7.6895,13.2634],[7.6827,13.2589],[7.676,13.2567],[7.6693,13.2522],[7.6603,13.2477],[7.658,13.2432],[7.6535,13.241],[7.649,13.2387],[7.6468,13.2387],[7.6401,13.2342],[7.6356,13.2297],[7.6311,13.2275],[7.6266,13.2253],[7.6221,13.223],[7.6198,13.2208],[7.6154,13.2185],[7.6131,13.2185],[7.6019,13.2118],[7.5951,13.2073],[7.5884,13.2028],[7.5839,13.2006],[7.5794,13.1983],[7.5727,13.1938],[7.566,13.1916],[7.5525,13.1826],[7.5233,13.1669],[7.5188,13.1646],[7.5121,13.1601],[7.5053,13.1556],[7.5031,13.1511],[7.4986,13.1511],[7.4941,13.1489],[7.4896,13.1444],[7.4851,13.1422],[7.4784,13.1399],[7.4739,13.1377],[7.4694,13.1354],[7.4626,13.1309],[7.4582,13.1264],[7.4537,13.1242],[7.4492,13.122],[7.4424,13.1197],[7.4335,13.1152],[7.4267,13.1107],[7.3998,13.1017],[7.384,13.0995],[7.3706,13.0995],[7.3638,13.0995],[7.3571,13.0995],[7.3481,13.0995],[7.3391,13.1017],[7.3324,13.1017],[7.3234,13.1017],[7.3167,13.104],[7.3099,13.104],[7.3032,13.104],[7.2942,13.1062],[7.2875,13.1062],[7.2807,13.1062],[7.265,13.1085],[7.2583,13.1085],[7.2515,13.1107],[7.2448,13.1107],[7.2358,13.1107],[7.2268,13.1107],[7.2246,13.1085],[7.2224,13.104],[7.2201,13.1017],[7.2179,13.1017],[7.2134,13.095],[7.2089,13.0928],[7.1976,13.0815],[7.1932,13.077],[7.1864,13.0703],[7.1842,13.0658],[7.1797,13.0613],[7.1527,13.0321],[7.1437,13.0254],[7.137,13.0231],[7.1303,13.0209],[7.1258,13.0209],[7.1168,13.0186],[7.1078,13.0142],[7.1011,13.0119],[7.0943,13.0097],[7.0854,13.0074],[7.0786,13.0052],[7.0696,13.0029],[7.0629,13.0007],[7.0562,13.0007],[7.0517,12.9984],[7.0494,12.9984],[7.0449,12.9984],[7.0382,12.9984],[7.0315,12.9962],[7.0247,12.9939],[7.018,12.9939],[7.009,12.9917],[7.0,12.9917],[6.991,12.9917],[6.9821,12.9917],[6.9731,12.9917],[6.9641,12.9917],[6.9551,12.9917],[6.9461,12.9917],[6.9394,12.9895],[6.9349,12.9895],[6.9282,12.9895],[6.9124,13.0052],[6.9102,13.0119],[6.9057,13.0186],[6.9012,13.0231],[6.8967,13.0276],[6.8922,13.0321],[6.89,13.0366],[6.8832,13.0433],[6.8765,13.0501],[6.872,13.0568],[6.8653,13.0636],[6.8585,13.0703],[6.854,13.077],[6.8473,13.0838],[6.8428,13.0905],[6.8361,13.0972],[6.8293,13.104],[6.8249,13.1107],[6.8181,13.1175],[6.8159,13.1242],[6.8114,13.1309],[6.8069,13.1354],[6.8024,13.1444],[6.7979,13.1511],[6.7912,13.1579],[6.7912,13.1601],[6.7889,13.1646],[6.7844,13.1736],[6.7799,13.1803],[6.7777,13.1871],[6.7732,13.1938],[6.7687,13.2006],[6.7642,13.2073],[6.7507,13.2297],[6.7485,13.2342],[6.7463,13.2365],[6.744,13.2432],[6.7395,13.25],[6.7373,13.2567],[6.7328,13.2612],[6.7283,13.2679],[6.726,13.2747],[6.7215,13.2814],[6.7171,13.2881],[6.6991,13.3196],[6.6946,13.3263],[6.6901,13.3331],[6.6856,13.342],[6.6811,13.3488],[6.6789,13.3555],[6.6744,13.3578],[6.6721,13.3622],[6.6654,13.3667],[6.6609,13.3712],[6.6587,13.3735],[6.6587,13.3757],[6.6542,13.378],[6.6497,13.3825],[6.6429,13.3892],[6.6362,13.3959],[6.6295,13.4004],[6.6227,13.4072],[6.6182,13.4139],[6.6115,13.4206],[6.6048,13.4274],[6.598,13.4341],[6.5913,13.4408],[6.5846,13.4453],[6.5801,13.4521],[6.5756,13.4566],[6.5688,13.4611],[6.5643,13.4656],[6.5576,13.4723],[6.5509,13.4768],[6.5464,13.4835],[6.5396,13.4903],[6.5329,13.497],[6.5262,13.5015],[6.5217,13.5105],[6.5194,13.5172],[6.5149,13.5262],[6.5104,13.5329],[6.506,13.5397],[6.5037,13.5486],[6.4992,13.5554],[6.4925,13.5599],[6.4655,13.5891],[6.4543,13.5981],[6.4498,13.6048],[6.4431,13.6093],[6.4408,13.6115],[6.4386,13.616],[6.4318,13.6205],[6.4274,13.6272],[6.4206,13.634],[6.4139,13.6385],[6.4071,13.643],[6.3982,13.6475],[6.3892,13.6519],[6.3824,13.6564],[6.3735,13.6609],[6.3577,13.6677],[6.351,13.6722],[6.3443,13.6767],[6.3353,13.6811],[6.3285,13.6834],[6.3196,13.6879],[6.3128,13.6924],[6.3038,13.6969],[6.2971,13.7014],[6.2881,13.7058],[6.2859,13.7058],[6.2814,13.7081],[6.2769,13.7103],[6.2724,13.7126],[6.2657,13.7171],[6.2589,13.7171],[6.2522,13.7171],[6.2499,13.7171],[6.2477,13.7171],[6.2387,13.7148],[6.2297,13.7148],[6.2163,13.7148],[6.2095,13.7126],[6.196,13.7058],[6.1915,13.7058],[6.1893,13.7036],[6.1871,13.7014],[6.1803,13.7014],[6.1668,13.6946],[6.1511,13.6879],[6.1399,13.6856],[6.1309,13.6901],[6.1287,13.6901],[6.1219,13.6946],[6.1152,13.6991],[6.0905,13.7103],[6.0838,13.7148],[6.0793,13.7171],[6.077,13.7171],[6.0725,13.7193],[6.068,13.7193],[6.059,13.7216],[6.0186,13.735],[6.0119,13.7373],[6.0074,13.7395],[6.0007,13.7395],[5.9962,13.7418],[5.9917,13.744],[5.9827,13.7463],[5.976,13.7485],[5.9692,13.7508],[5.9602,13.753],[5.9378,13.7597],[5.931,13.762],[5.9221,13.7642],[5.9153,13.7665],[5.9063,13.771],[5.8974,13.7732],[5.8906,13.7755],[5.8816,13.7777],[5.8727,13.78],[5.8659,13.7822],[5.8569,13.7867],[5.839,13.7912],[5.8322,13.7934],[5.8277,13.7957],[5.821,13.7979],[5.812,13.7979],[5.8053,13.8002],[5.7985,13.8002],[5.7896,13.8024],[5.7828,13.8024],[5.7783,13.8047],[5.7716,13.8047],[5.7491,13.8114],[5.7446,13.8159],[5.7402,13.8159],[5.7379,13.8181],[5.7357,13.8181],[5.7289,13.8204],[5.7267,13.8226],[5.7222,13.8226],[5.7132,13.8271],[5.7065,13.8294],[5.702,13.8316],[5.6907,13.8361],[5.6818,13.8383],[5.675,13.8406],[5.6683,13.8451],[5.666,13.8451],[5.6593,13.8473],[5.6526,13.8496],[5.6458,13.8518],[5.6436,13.8518],[5.6391,13.8541],[5.6324,13.8563],[5.6189,13.8608],[5.5987,13.872],[5.5695,13.8855],[5.5582,13.8922],[5.5538,13.8945],[5.5515,13.8967],[5.5448,13.8967],[5.5358,13.899],[5.5313,13.899],[5.5246,13.9012],[5.5223,13.899],[5.5201,13.899],[5.5111,13.8945],[5.4999,13.89],[5.4931,13.8855],[5.4864,13.881],[5.4796,13.8788],[5.4707,13.8743],[5.4639,13.8698],[5.4594,13.8675],[5.4527,13.8675],[5.446,13.8653],[5.437,13.8631],[5.4235,13.8586],[5.4213,13.8563],[5.4168,13.8563],[5.41,13.8541],[5.4033,13.8518],[5.3966,13.8496],[5.3808,13.8451],[5.3718,13.8428],[5.3629,13.8406],[5.3539,13.8383],[5.3516,13.8316],[5.3471,13.8249],[5.3449,13.8181],[5.3427,13.8092],[5.3157,13.78],[5.3112,13.7755],[5.3045,13.7687],[5.3,13.762],[5.2955,13.7575],[5.291,13.753],[5.2865,13.7485],[5.2798,13.7395],[5.2775,13.7395],[5.2685,13.7395],[5.2618,13.7395],[5.2551,13.7395],[5.2461,13.7373],[5.2393,13.7373],[5.2304,13.7373],[5.2214,13.7373],[5.2057,13.7373],[5.1944,13.7373],[5.1877,13.7373],[5.1787,13.7395],[5.172,13.7395],[5.1652,13.7395],[5.1585,13.7418],[5.1563,13.7418],[5.1495,13.7418],[5.1473,13.7418],[5.1383,13.7418],[5.1293,13.744],[5.1203,13.744],[5.1113,13.744],[5.1024,13.744],[5.0956,13.7463],[5.0889,13.7463],[5.0799,13.7463],[5.0754,13.7463],[5.0619,13.7418],[5.0552,13.7418],[5.053,13.7418],[5.0462,13.7395],[5.0372,13.7373],[5.0282,13.7373],[5.0238,13.735],[5.017,13.7328],[5.008,13.7328],[5.0013,13.7328],[4.9946,13.7373],[4.9878,13.744],[4.9811,13.744],[4.9676,13.744],[4.9586,13.744],[4.9519,13.7463],[4.9452,13.7463],[4.9362,13.7463],[4.9272,13.7485],[4.9182,13.7485],[4.9092,13.7485],[4.898,13.7553],[4.8755,13.7755],[4.871,13.7822],[4.8621,13.78],[4.8441,13.7777],[4.8239,13.7732],[4.8014,13.7687],[4.7947,13.7687],[4.779,13.7642],[4.7767,13.7642],[4.7722,13.7642],[4.7655,13.762],[4.7588,13.762],[4.7498,13.7597],[4.743,13.7575],[4.7341,13.7553],[4.7273,13.7553],[4.7206,13.753],[4.7138,13.753],[4.7049,13.7508],[4.6981,13.7485],[4.6734,13.744],[4.6644,13.744],[4.6577,13.7418],[4.6487,13.7418],[4.642,13.7395],[4.633,13.7373],[4.6263,13.7373],[4.6218,13.735],[4.6173,13.735],[4.6016,13.7306],[4.5971,13.7306],[4.5948,13.7306],[4.5903,13.7283],[4.5836,13.7283],[4.5746,13.7261],[4.5679,13.7238],[4.5611,13.7193],[4.5544,13.7148],[4.5409,13.7036],[4.5342,13.7014],[4.5274,13.6991],[4.5207,13.6969],[4.514,13.6924],[4.5072,13.6901],[4.5005,13.6856],[4.4915,13.6834],[4.4825,13.6811],[4.4735,13.6789],[4.4646,13.6767],[4.4466,13.6632],[4.4399,13.6587],[4.4286,13.6475],[4.4219,13.643],[4.4174,13.6362],[4.4084,13.6295],[4.3949,13.6183],[4.3837,13.607],[4.3815,13.6048],[4.3792,13.6048],[4.3747,13.6003],[4.3702,13.5958],[4.3635,13.5891],[4.359,13.5846],[4.3478,13.5756],[4.341,13.5711],[4.3366,13.5644],[4.3298,13.5599],[4.3253,13.5576],[4.3208,13.5531],[4.3163,13.5486],[4.3051,13.5397],[4.2984,13.5329],[4.2939,13.5284],[4.2871,13.5217],[4.2804,13.5172],[4.2737,13.5105],[4.2669,13.506],[4.2602,13.4992],[4.2557,13.4947],[4.2512,13.4903],[4.2445,13.4858],[4.24,13.4813],[4.2355,13.4768],[4.231,13.4723],[4.2243,13.4723],[4.2175,13.4723],[4.2085,13.4723],[4.2018,13.4723],[4.1883,13.4723],[4.1838,13.4723],[4.1749,13.4723],[4.1659,13.4723],[4.1569,13.4723],[4.1479,13.4723],[4.1412,13.4723],[4.1344,13.4723],[4.1344,13.4656],[4.1344,13.4611],[4.1344,13.4543],[4.1344,13.4476],[4.1344,13.4386],[4.1344,13.4319],[4.1344,13.4229],[4.1344,13.4139],[4.1344,13.4072],[4.1344,13.4004],[4.1344,13.3914],[4.1344,13.3847],[4.1344,13.3757],[4.1344,13.369],[4.1344,13.36],[4.1344,13.3533],[4.1344,13.3443],[4.1344,13.3353],[4.1344,13.3286],[4.1344,13.3241],[4.1344,13.3196],[4.1344,13.3128],[4.1344,13.3039],[4.1344,13.2971],[4.1344,13.2881],[4.1344,13.2612],[4.1344,13.2522],[4.1344,13.25],[4.1344,13.2432],[4.1344,13.2365],[4.1344,13.2275],[4.1344,13.2253],[4.1344,13.2185],[4.1344,13.2095],[4.1344,13.2006],[4.1344,13.1916],[4.1344,13.1826],[4.1344,13.1736],[4.1344,13.1646],[4.1299,13.1444],[4.1299,13.1354],[4.1277,13.1287],[4.1255,13.1197],[4.1232,13.1107],[4.1232,13.104],[4.121,13.095],[4.1187,13.0883],[4.1187,13.0815],[4.1165,13.0725],[4.1165,13.0658],[4.1142,13.0546],[4.103,12.9984],[4.0985,12.985],[4.094,12.976],[4.0895,12.9715],[4.085,12.967],[4.0828,12.9625],[4.0738,12.949],[4.0671,12.9423],[4.0626,12.9356],[4.0603,12.9288],[4.0558,12.9243],[4.0536,12.9176],[4.0513,12.9108],[4.0491,12.9041],[4.0446,12.8951],[4.0334,12.8817],[4.0311,12.8772],[4.0244,12.8727],[4.0177,12.8682],[4.0132,12.8614],[4.0087,12.8547],[4.0019,12.8412],[3.984,12.8188],[3.9727,12.8031],[3.9683,12.7963],[3.9638,12.7896],[3.9615,12.7828],[3.957,12.7761],[3.9503,12.7671],[3.9413,12.7559],[3.9346,12.7469],[3.9323,12.7447],[3.9076,12.7245],[3.9009,12.72],[3.8964,12.7155],[3.8896,12.711],[3.8852,12.7065],[3.8784,12.702],[3.8717,12.6953],[3.8537,12.684],[3.8447,12.6773],[3.838,12.6728],[3.838,12.6706],[3.8335,12.6683],[3.829,12.6661],[3.8223,12.6616],[3.8155,12.6548],[3.8088,12.6503],[3.7976,12.6414],[3.7908,12.6369],[3.7863,12.6324],[3.7796,12.6279],[3.7751,12.6234],[3.7706,12.6189],[3.7639,12.6144],[3.7594,12.6099],[3.7527,12.6054],[3.7459,12.6009],[3.7414,12.5942],[3.7369,12.5897],[3.7324,12.5875],[3.7302,12.5852],[3.7235,12.5785],[3.7167,12.574],[3.6988,12.5583],[3.6853,12.547],[3.6785,12.5425],[3.6718,12.5358],[3.6651,12.5313],[3.6628,12.5268],[3.6583,12.5246],[3.6583,12.5201],[3.6583,12.5156],[3.6583,12.5021],[3.6583,12.4931],[3.6583,12.4864],[3.6561,12.4639],[3.6561,12.4572],[3.6561,12.4482],[3.6538,12.4392],[3.6538,12.4303],[3.6538,12.4235],[3.6538,12.41],[3.6538,12.4056],[3.6516,12.3966],[3.6516,12.3876],[3.6516,12.3809],[3.6516,12.3741],[3.6516,12.3696],[3.6516,12.3606],[3.6516,12.3539],[3.6494,12.3472],[3.6494,12.3382],[3.6494,12.3337],[3.6494,12.3292],[3.6494,12.318],[3.6516,12.3],[3.6516,12.2933],[3.6516,12.2843],[3.6516,12.2753],[3.6538,12.2686],[3.6561,12.2596],[3.6561,12.2551],[3.6583,12.2506],[3.6538,12.2394],[3.6516,12.2349],[3.6494,12.2304],[3.6449,12.2236],[3.6449,12.2169],[3.6426,12.2102],[3.6404,12.2034],[3.6404,12.1989],[3.6404,12.1832],[3.6404,12.1765],[3.6381,12.1698],[3.6381,12.1653],[3.6381,12.1608],[3.6381,12.154],[3.6381,12.145],[3.6381,12.1383],[3.6359,12.1293],[3.6381,12.1271],[3.6381,12.1226],[3.6404,12.1159],[3.6426,12.1091],[3.6449,12.1024],[3.6471,12.0934],[3.6494,12.0867],[3.6516,12.0799],[3.6538,12.0709],[3.6561,12.0642],[3.6583,12.0552],[3.6606,12.0507],[3.6651,12.0373],[3.6673,12.0305],[3.6696,12.0215],[3.6718,12.0125],[3.6741,12.0058],[3.6763,11.9991],[3.6741,11.9901],[3.6718,11.9811],[3.6673,11.9744],[3.6628,11.9676],[3.6561,11.9631],[3.6516,11.9586],[3.6471,11.9542],[3.6426,11.9474],[3.6359,11.9407],[3.6314,11.9362],[3.6246,11.9295],[3.6202,11.925],[3.6179,11.916],[3.6202,11.8688],[3.6224,11.8531],[3.6269,11.8396],[3.6336,11.8306],[3.6404,11.8284],[3.6449,11.8239],[3.6494,11.8217],[3.6561,11.8172],[3.6606,11.8149],[3.6651,11.8104],[3.6696,11.8059],[3.6718,11.7992],[3.6718,11.7947],[3.6741,11.7857],[3.6763,11.779],[3.6785,11.7723],[3.6785,11.7633],[3.6785,11.7588],[3.6741,11.7543],[3.6673,11.7498],[3.6606,11.7431],[3.6538,11.7386],[3.6494,11.7341],[3.6426,11.7296],[3.6381,11.7251],[3.6336,11.7206],[3.6269,11.7161],[3.6269,11.7139],[3.6224,11.7116],[3.6157,11.7071],[3.6112,11.7026],[3.6089,11.7004],[3.6067,11.6981],[3.5887,11.7116],[3.5932,11.7049],[3.5955,11.6981],[3.5999,11.6914],[3.5955,11.6847],[3.591,11.6757],[3.5865,11.6667],[3.5797,11.66],[3.5752,11.6532],[3.5685,11.6465],[3.564,11.6398],[3.5573,11.6308],[3.555,11.624],[3.5505,11.615],[3.546,11.6083],[3.5438,11.5993],[3.5393,11.5926],[3.5348,11.5836],[3.5326,11.5769],[3.5281,11.5679],[3.5236,11.5612],[3.5191,11.5522],[3.5169,11.5432],[3.5124,11.5364],[3.5079,11.5275],[3.5056,11.5207],[3.5011,11.5117],[3.4989,11.5095],[3.4966,11.505],[3.4944,11.496],[3.4899,11.4893],[3.4854,11.4803],[3.4832,11.4736],[3.4787,11.4646],[3.4742,11.4556],[3.4719,11.4489],[3.4764,11.4421],[3.4787,11.4376],[3.4809,11.4331],[3.4877,11.4264],[3.4922,11.4197],[3.4966,11.4107],[3.5011,11.4039],[3.5034,11.4039],[3.5034,11.4017],[3.5079,11.3972],[3.5124,11.3882],[3.5169,11.3815],[3.5236,11.3748],[3.5281,11.3658],[3.5326,11.359],[3.5371,11.3523],[3.5438,11.3433],[3.5483,11.3366],[3.5528,11.3298],[3.5595,11.3209],[3.564,11.3141],[3.5685,11.3074],[3.573,11.3006],[3.5797,11.2917],[3.5842,11.2849],[3.5887,11.2782],[3.5955,11.2692],[3.5999,11.2625],[3.6044,11.2557],[3.6089,11.2467],[3.6157,11.24],[3.6202,11.2333],[3.6246,11.2243],[3.6314,11.2175],[3.6359,11.2108],[3.6404,11.2018],[3.6449,11.1951],[3.6516,11.1884],[3.6561,11.1794],[3.6606,11.1726],[3.6673,11.1659],[3.6718,11.1569],[3.6763,11.1502],[3.6808,11.1434],[3.6875,11.1367],[3.6898,11.1322],[3.692,11.1277],[3.701,11.1277],[3.7077,11.1277],[3.7167,11.1277],[3.719,11.1277],[3.7212,11.1255],[3.7257,11.1255],[3.7257,11.1232],[3.728,11.1187],[3.7257,11.112],[3.7235,11.1053],[3.7235,11.0985],[3.7212,11.0918],[3.719,11.0873],[3.7212,11.0738],[3.7235,11.0671],[3.7235,11.0626],[3.7235,11.0581],[3.7212,11.0424],[3.719,11.0379],[3.7167,11.0356],[3.7167,11.0289],[3.7167,11.0244],[3.719,11.0222],[3.7235,11.0222],[3.7257,11.0222],[3.7302,11.0222],[3.7369,11.0199],[3.7437,11.0154],[3.7527,11.0109],[3.7549,11.0042],[3.7594,10.9975],[3.7616,10.9907],[3.7616,10.9817],[3.7639,10.9728],[3.7661,10.9638],[3.7661,10.957],[3.7684,10.9436],[3.7706,10.9391],[3.7706,10.9368],[3.7706,10.9301],[3.7706,10.9189],[3.7684,10.9009],[3.7684,10.8987],[3.7684,10.8942],[3.7639,10.8807],[3.7616,10.8739],[3.7571,10.865],[3.7549,10.856],[3.7527,10.8492],[3.7504,10.8448],[3.7482,10.838],[3.7504,10.8245],[3.7527,10.8156],[3.7571,10.8088],[3.7616,10.8021],[3.7639,10.7953],[3.7684,10.7909],[3.7729,10.7841],[3.7751,10.7796],[3.7774,10.7729],[3.7796,10.7662],[3.7819,10.7617],[3.7841,10.7549],[3.7976,10.7347],[3.8133,10.7235],[3.82,10.719],[3.8268,10.7167],[3.8335,10.7123],[3.838,10.7078],[3.8402,10.7055],[3.8425,10.6988],[3.8447,10.692],[3.8447,10.6853],[3.8447,10.6786],[3.8447,10.6718],[3.847,10.6673],[3.8492,10.6606],[3.8492,10.6516],[3.8492,10.6471],[3.8492,10.6449],[3.8492,10.6359],[3.8492,10.6292],[3.8515,10.6202],[3.8515,10.6067],[3.8515,10.6],[3.8492,10.5887],[3.8425,10.582],[3.838,10.5753],[3.8313,10.5685],[3.829,10.5618],[3.8268,10.5551],[3.8223,10.5461],[3.82,10.5393],[3.8178,10.5348],[3.8155,10.5281],[3.811,10.5191],[3.8088,10.5124],[3.8066,10.5034],[3.8043,10.4967],[3.8021,10.4922],[3.8021,10.4854],[3.8021,10.4765],[3.8021,10.4697],[3.8021,10.463],[3.8021,10.4562],[3.7998,10.4428],[3.7863,10.4046],[3.7751,10.4113],[3.7706,10.4158],[3.7684,10.4158],[3.7616,10.4181],[3.7549,10.4226],[3.7504,10.4248],[3.7437,10.427],[3.7369,10.4315],[3.7302,10.4338],[3.7235,10.4383],[3.7167,10.4428],[3.71,10.4473],[3.7033,10.4495],[3.6943,10.454],[3.6875,10.4562],[3.683,10.454],[3.6808,10.4517],[3.6651,10.4428],[3.6583,10.4405],[3.6516,10.4383],[3.6471,10.436],[3.6426,10.4315],[3.6381,10.427],[3.6336,10.4226],[3.6314,10.4181],[3.6336,10.4136],[3.6336,10.4068],[3.6336,10.3978],[3.6336,10.3911],[3.6291,10.3821],[3.6291,10.3776],[3.6269,10.3731],[3.6224,10.3687],[3.6179,10.3619],[3.6134,10.3552],[3.6112,10.3484],[3.6089,10.3417],[3.6067,10.335],[3.6022,10.3282],[3.5999,10.3192],[3.5977,10.3103],[3.5932,10.3035],[3.591,10.2945],[3.5865,10.2856],[3.5842,10.2788],[3.5842,10.2743],[3.5932,10.2541],[3.5977,10.2429],[3.6134,10.2227],[3.6179,10.2182],[3.6224,10.2137],[3.6291,10.207],[3.6336,10.2025],[3.6404,10.1957],[3.6471,10.189],[3.6561,10.1845],[3.6628,10.1845],[3.6718,10.1845],[3.6785,10.1778],[3.6785,10.1688],[3.6763,10.162],[3.6763,10.1553],[3.6763,10.1486],[3.6741,10.1418],[3.6718,10.1351],[3.6696,10.1284],[3.6673,10.1216],[3.6628,10.1081],[3.6583,10.1037],[3.6516,10.1014],[3.6471,10.1014],[3.6404,10.0969],[3.6359,10.0969],[3.6291,10.0924],[3.6246,10.0879],[3.6202,10.0812],[3.6179,10.0767],[3.6157,10.0767],[3.6157,10.0722],[3.6134,10.07],[3.6112,10.0632],[3.6112,10.0542],[3.6112,10.0453],[3.6112,10.0363],[3.6112,10.0295],[3.6112,10.0206],[3.6112,10.0116],[3.6112,10.0004],[3.6112,9.9959],[3.6089,9.9801],[3.6022,9.9577],[3.5955,9.9465],[3.5887,9.9397],[3.5842,9.9352],[3.5775,9.9307],[3.5708,9.9262],[3.5685,9.9217],[3.564,9.915],[3.564,9.9083],[3.564,9.9015],[3.564,9.8993],[3.5618,9.8948],[3.5595,9.8926],[3.5505,9.8813],[3.5483,9.8791],[3.5393,9.8701],[3.5303,9.8611],[3.5236,9.8611],[3.5191,9.8611],[3.5169,9.8589],[3.5124,9.8566],[3.5034,9.8589],[3.4989,9.8589],[3.4966,9.8589],[3.4899,9.8611],[3.4877,9.8611],[3.4809,9.8611],[3.4742,9.8634],[3.4697,9.8634],[3.463,9.8611],[3.4562,9.8611],[3.4472,9.8589],[3.4405,9.8566],[3.436,9.8544],[3.4315,9.8544],[3.4248,9.8499],[3.4225,9.8499],[3.4158,9.8476],[3.4068,9.8454],[3.3978,9.8409],[3.3911,9.8387],[3.3844,9.8364],[3.3776,9.8342],[3.3641,9.8274],[3.3574,9.8252],[3.3529,9.8207],[3.3462,9.8184],[3.3417,9.814],[3.3417,9.8117],[3.3349,9.805],[3.3305,9.7982],[3.3282,9.7915],[3.326,9.7848],[3.3237,9.7758],[3.3237,9.769],[3.3237,9.7623],[3.3282,9.7466],[3.3327,9.7398],[3.3349,9.7331],[3.3394,9.7264],[3.3394,9.7241],[3.3394,9.7219],[3.3439,9.7151],[3.3462,9.7106],[3.3507,9.7062],[3.3529,9.6972],[3.3484,9.6859],[3.3417,9.6815],[3.3372,9.677],[3.3305,9.6725],[3.326,9.668],[3.3215,9.6612],[3.3147,9.6567],[3.3102,9.6567],[3.3035,9.659],[3.2968,9.6612],[3.2923,9.6612],[3.2855,9.6612],[3.281,9.6612],[3.2721,9.659],[3.2676,9.6567],[3.2631,9.6523],[3.2608,9.6455],[3.2563,9.641],[3.2563,9.6388],[3.2563,9.6343],[3.2563,9.632],[3.2541,9.6253],[3.2541,9.6208],[3.2541,9.6163],[3.2541,9.6096],[3.2496,9.6029],[3.2451,9.5961],[3.2406,9.5894],[3.2361,9.5826],[3.2316,9.5759],[3.2272,9.5714],[3.2227,9.5647],[3.2204,9.5602],[3.2159,9.5534],[3.2114,9.549],[3.2069,9.5445],[3.2047,9.5377],[3.2024,9.5287],[3.198,9.522],[3.198,9.5198],[3.1957,9.5153],[3.1912,9.5108],[3.1867,9.5063],[3.18,9.504],[3.1755,9.5018],[3.1688,9.4995],[3.1643,9.4995],[3.162,9.4973],[3.1598,9.4951],[3.1553,9.4928],[3.1508,9.4883],[3.1485,9.4861],[3.1441,9.4771],[3.1396,9.4704],[3.1373,9.4636],[3.1351,9.4546],[3.1328,9.4479],[3.1306,9.4412],[3.1328,9.4254],[3.1373,9.4187],[3.1396,9.4097],[3.1418,9.4007],[3.1463,9.3918],[3.1485,9.385],[3.1508,9.376],[3.153,9.3693],[3.153,9.3648],[3.153,9.3558],[3.153,9.3491],[3.153,9.3468],[3.1508,9.3401],[3.153,9.3221],[3.153,9.3087],[3.1553,9.3042],[3.1575,9.2974],[3.1575,9.2907],[3.1575,9.2862],[3.1575,9.2817],[3.1508,9.275],[3.1508,9.2727],[3.1441,9.2682],[3.1373,9.2637],[3.1306,9.2593],[3.1261,9.2525],[3.1238,9.2458],[3.1216,9.239],[3.1216,9.2323],[3.1216,9.2256],[3.1216,9.2188],[3.1216,9.2098],[3.1238,9.2009],[3.1238,9.1986],[3.1238,9.1919],[3.1216,9.1896],[3.1216,9.1874],[3.1194,9.1874],[3.1171,9.1806],[3.1126,9.1739],[3.1081,9.1672],[3.1059,9.1604],[3.1014,9.1537],[3.0991,9.1447],[3.0947,9.138],[3.0924,9.129],[3.0902,9.1223],[3.0902,9.1155],[3.0902,9.1088],[3.0879,9.102],[3.0834,9.0976],[3.0767,9.0953],[3.0699,9.0931],[3.0632,9.0908],[3.0565,9.0886],[3.052,9.0863],[3.043,9.0841],[3.0363,9.0818],[3.0273,9.0796],[3.0183,9.0773],[3.0071,9.0729],[3.0003,9.0729],[2.9936,9.0729],[2.9891,9.0729],[2.9846,9.0729],[2.9756,9.0751],[2.9711,9.0773],[2.9644,9.0796],[2.9599,9.0863],[2.9577,9.0908],[2.9554,9.0931],[2.9532,9.0931],[2.9442,9.0908],[2.9374,9.0908],[2.9285,9.0886],[2.9262,9.0886],[2.9217,9.0886],[2.9127,9.0886],[2.9038,9.0863],[2.897,9.0841],[2.8836,9.0751],[2.8813,9.0729],[2.8791,9.0639],[2.8678,9.0616],[2.8611,9.0639],[2.8544,9.0639],[2.8454,9.0639],[2.8364,9.0639],[2.8297,9.0639],[2.8207,9.0639],[2.8139,9.0639],[2.8049,9.0639],[2.796,9.0639],[2.7892,9.0661],[2.7802,9.0661],[2.7802,9.0616],[2.7802,9.0594],[2.778,9.0549],[2.778,9.0526],[2.7825,9.0481],[2.787,9.0459],[2.7847,9.0437],[2.7825,9.0392],[2.7825,9.0369],[2.7825,9.0347],[2.7825,9.0324],[2.778,9.0279],[2.7735,9.0257],[2.7758,9.0234],[2.7825,9.0212],[2.7847,9.019],[2.7825,9.019],[2.7825,9.0167],[2.778,9.0145],[2.7713,9.01],[2.7713,9.0077],[2.7802,9.0055],[2.7825,9.0032],[2.7802,8.9987],[2.778,8.9943],[2.7802,8.992],[2.787,8.9898],[2.7892,8.9875],[2.787,8.9853],[2.7847,8.983],[2.7825,8.983],[2.7825,8.9785],[2.787,8.974],[2.7892,8.9718],[2.7892,8.9695],[2.7847,8.9651],[2.7802,8.9606],[2.7758,8.9583],[2.7758,8.9561],[2.7713,8.9538],[2.778,8.9516],[2.7825,8.9448],[2.778,8.9336],[2.7735,8.9269],[2.7713,8.9201],[2.7713,8.9179],[2.769,8.9179],[2.7645,8.9157],[2.76,8.9112],[2.7578,8.9089],[2.7578,8.9067],[2.7578,8.9044],[2.7623,8.9022],[2.7713,8.9044],[2.7713,8.8999],[2.7713,8.8977],[2.7735,8.8954],[2.7713,8.8842],[2.769,8.873],[2.769,8.8662],[2.7645,8.8662],[2.7623,8.8662],[2.7578,8.864],[2.7578,8.8595],[2.76,8.855],[2.7623,8.8505],[2.76,8.8483],[2.76,8.8438],[2.76,8.837],[2.7578,8.8303],[2.7578,8.8191],[2.76,8.8146],[2.7623,8.8101],[2.7623,8.8079],[2.76,8.8056],[2.7555,8.8034],[2.7511,8.8011],[2.7443,8.7989],[2.7398,8.7944],[2.7376,8.7899],[2.7376,8.7876],[2.7331,8.7832],[2.7331,8.7809],[2.7308,8.7787],[2.7286,8.7719],[2.7308,8.7652],[2.7331,8.7584],[2.7376,8.7517],[2.7421,8.7472],[2.7443,8.745],[2.7443,8.7405],[2.7466,8.736],[2.7466,8.727],[2.7443,8.718],[2.7466,8.7113],[2.7466,8.709],[2.7488,8.7045],[2.7488,8.7023],[2.7511,8.7001],[2.7466,8.6933],[2.7443,8.6866],[2.7421,8.6843],[2.7421,8.6821],[2.7421,8.6776],[2.7443,8.6731],[2.7443,8.6709],[2.7466,8.6664],[2.7398,8.6619],[2.7376,8.6574],[2.7376,8.6551],[2.7398,8.6507],[2.7466,8.6462],[2.7488,8.6394],[2.7488,8.6349],[2.7511,8.6282],[2.7511,8.6215],[2.7511,8.6192],[2.7511,8.617],[2.7511,8.6125],[2.7488,8.6057],[2.7488,8.599],[2.7488,8.5923],[2.7488,8.5855],[2.7488,8.5833],[2.7511,8.5788],[2.7533,8.572],[2.7555,8.5676],[2.7578,8.5631],[2.7578,8.5608],[2.7578,8.5563],[2.7533,8.5473],[2.7511,8.5429],[2.7488,8.5384],[2.7488,8.5339],[2.7555,8.5271],[2.7623,8.5226],[2.7623,8.5137],[2.7623,8.5114],[2.7623,8.5047],[2.76,8.5047],[2.7555,8.5002],[2.7555,8.4979],[2.7511,8.4934],[2.7511,8.489],[2.7533,8.4867],[2.7578,8.4822],[2.7533,8.4777],[2.7488,8.4732],[2.7466,8.4665],[2.7443,8.462],[2.7421,8.453],[2.7421,8.4485],[2.7398,8.444],[2.7353,8.4373],[2.7308,8.4351],[2.7263,8.4328],[2.7196,8.4328],[2.7151,8.4306],[2.7106,8.4261],[2.7084,8.4238],[2.7061,8.4193],[2.7084,8.4126],[2.7106,8.4059],[2.7129,8.3991],[2.7129,8.3946],[2.7151,8.3879],[2.7084,8.3699],[2.7061,8.3654],[2.7039,8.3632],[2.6994,8.3609],[2.6972,8.3565],[2.6972,8.343],[2.6972,8.3362],[2.6949,8.3295],[2.6949,8.3273],[2.6949,8.325],[2.6949,8.3228],[2.6972,8.3205],[2.6972,8.3071],[2.7016,8.3003],[2.7039,8.2913],[2.7084,8.2846],[2.7106,8.2756],[2.7129,8.2689],[2.7151,8.2599],[2.7196,8.2532],[2.7219,8.2509],[2.7241,8.2487],[2.7263,8.2464],[2.7286,8.2419],[2.7353,8.2329],[2.7376,8.2284],[2.7398,8.224],[2.7443,8.2195],[2.7488,8.215],[2.7533,8.2105],[2.7511,8.2082],[2.7511,8.206],[2.7511,8.2015],[2.7511,8.1948],[2.7511,8.1903],[2.7488,8.1656],[2.7443,8.1566],[2.7398,8.1521],[2.7376,8.1476],[2.7353,8.1431],[2.7331,8.1386],[2.7308,8.1364],[2.7308,8.1341],[2.7308,8.1274],[2.7308,8.1251],[2.7308,8.1229],[2.7331,8.1162],[2.7308,8.1094],[2.7308,8.1049],[2.7286,8.0982],[2.7241,8.0915],[2.7241,8.0847],[2.7263,8.078],[2.7286,8.0712],[2.7286,8.069],[2.7286,8.0668],[2.7241,8.06],[2.7196,8.0533],[2.7196,8.0465],[2.7174,8.0376],[2.7151,8.0308],[2.7129,8.0218],[2.7106,8.0151],[2.7084,8.0084],[2.7084,7.9994],[2.7084,7.9971],[2.7039,7.9679],[2.7016,7.9612],[2.6994,7.9522],[2.6994,7.9477],[2.6972,7.9455],[2.6972,7.941],[2.6972,7.9365],[2.6949,7.9298],[2.6904,7.9253],[2.6904,7.9208],[2.6882,7.914],[2.6837,7.9073],[2.6814,7.9006],[2.6769,7.8961],[2.6769,7.8938],[2.6724,7.8916],[2.668,7.8893],[2.6747,7.8826],[2.6792,7.8759],[2.6859,7.8691],[2.6859,7.8669],[2.6904,7.8624],[2.6949,7.8557],[2.7039,7.8377],[2.7061,7.8332],[2.7084,7.8242],[2.7084,7.8197],[2.7084,7.8175],[2.7106,7.813],[2.7151,7.813],[2.7196,7.8107],[2.7241,7.8085],[2.7263,7.7995],[2.7286,7.7928],[2.7308,7.786],[2.7308,7.7793],[2.7331,7.7726],[2.7308,7.7658],[2.7308,7.7591],[2.7286,7.7523],[2.7286,7.7479],[2.7286,7.7456],[2.7286,7.7232],[2.7286,7.7142],[2.7308,7.7097],[2.7308,7.7074],[2.7308,7.6985],[2.7286,7.6917],[2.7286,7.6895],[2.7286,7.6872],[2.7286,7.6827],[2.7286,7.6737],[2.7263,7.6648],[2.7263,7.6558],[2.7263,7.649],[2.7263,7.6401],[2.7286,7.6311],[2.7286,7.6221],[2.7286,7.6154],[2.7286,7.6109],[2.7286,7.6041],[2.7286,7.5974],[2.7308,7.5794],[2.7331,7.5727],[2.7353,7.566],[2.7398,7.5615],[2.7421,7.5615],[2.7466,7.5547],[2.7488,7.548],[2.7466,7.5412],[2.7466,7.5345],[2.7488,7.5278],[2.7555,7.521],[2.7623,7.5188],[2.769,7.5143],[2.7758,7.5098],[2.7802,7.5053],[2.787,7.4986],[2.7892,7.4963],[2.7937,7.4941],[2.796,7.4896],[2.7982,7.4829],[2.7982,7.4739],[2.7982,7.4649],[2.7982,7.4559],[2.8005,7.4469],[2.8005,7.4379],[2.7982,7.4267],[2.796,7.4222],[2.7847,7.4177],[2.778,7.42],[2.7713,7.42],[2.7623,7.42],[2.7578,7.4177],[2.7488,7.4177],[2.7466,7.4177],[2.7466,7.4087],[2.7466,7.3998],[2.7466,7.3908],[2.7466,7.384],[2.7466,7.3751],[2.7466,7.3661],[2.7488,7.3571],[2.7488,7.3504],[2.7488,7.3414],[2.7488,7.3346],[2.7488,7.3257],[2.7488,7.3189],[2.7511,7.3099],[2.7488,7.3032],[2.7488,7.2942],[2.7488,7.2605],[2.7511,7.2583],[2.7555,7.2515],[2.7623,7.2493],[2.7668,7.2426],[2.7713,7.2381],[2.7735,7.2336],[2.7758,7.2268],[2.778,7.2179],[2.778,7.2134],[2.778,7.2089],[2.7802,7.2021],[2.7802,7.1999],[2.7825,7.1909],[2.7825,7.1819],[2.7847,7.1774],[2.7847,7.1729],[2.7847,7.1662],[2.7847,7.1595],[2.7758,7.128],[2.7668,7.1168],[2.7623,7.1123],[2.7555,7.1101],[2.7511,7.1056],[2.7443,7.0988],[2.7443,7.0921],[2.7533,7.0764],[2.7578,7.0719],[2.7623,7.0674],[2.7668,7.0651],[2.7713,7.0607],[2.778,7.0584],[2.7825,7.0539],[2.787,7.0472],[2.7937,7.0404],[2.7847,7.036],[2.7802,7.036],[2.7758,7.0337],[2.7713,7.0292],[2.7668,7.027],[2.76,7.0225],[2.7533,7.0202],[2.7488,7.0157],[2.7443,7.0135],[2.7376,7.0068],[2.7331,7.0023],[2.7308,7.0],[2.7286,6.9978],[2.7263,6.9955],[2.7263,6.9933],[2.7241,6.991],[2.7196,6.9865],[2.7196,6.9798],[2.7196,6.9708],[2.7196,6.9663],[2.7196,6.9641],[2.7196,6.9551],[2.7196,6.9529],[2.7196,6.9506],[2.7196,6.9484],[2.7174,6.9439],[2.7174,6.9394],[2.7196,6.9349],[2.7263,6.9304],[2.7331,6.9304],[2.7353,6.9304],[2.7398,6.9282],[2.7488,6.9282],[2.7488,6.9214],[2.7511,6.9124],[2.7511,6.8945],[2.7511,6.8855],[2.7488,6.8787],[2.7466,6.8698],[2.7466,6.863],[2.7443,6.8563],[2.7443,6.8518],[2.7443,6.8473],[2.7466,6.8428],[2.7488,6.8383],[2.7443,6.8338],[2.7421,6.8271],[2.7376,6.8204],[2.7331,6.8136],[2.7308,6.8091],[2.7286,6.8024],[2.7286,6.7912],[2.7331,6.7777],[2.7398,6.7642],[2.7443,6.7642],[2.7511,6.7597],[2.7623,6.7575],[2.7713,6.7575],[2.778,6.7597],[2.787,6.7552],[2.7892,6.7485],[2.7892,6.744],[2.7892,6.7395],[2.7892,6.735],[2.787,6.7305],[2.787,6.7238],[2.787,6.7171],[2.787,6.7081],[2.787,6.7013],[2.787,6.6946],[2.7847,6.6946],[2.7847,6.6924],[2.7802,6.6901],[2.769,6.6789],[2.7645,6.6766],[2.76,6.6744],[2.7555,6.6699],[2.7533,6.6654],[2.7488,6.6587],[2.7443,6.6542],[2.7443,6.6519],[2.7398,6.6452],[2.7353,6.6385],[2.7308,6.6317],[2.7353,6.6093],[2.7376,6.6025],[2.7421,6.589],[2.7443,6.5846],[2.7443,6.5823],[2.7488,6.5778],[2.7533,6.5711],[2.7511,6.5576],[2.7421,6.5464],[2.7353,6.5396],[2.7286,6.5351],[2.7263,6.5307],[2.7241,6.5262],[2.7241,6.5194],[2.7219,6.5149],[2.7219,6.5127],[2.7196,6.5082],[2.7196,6.4992],[2.7196,6.4902],[2.7196,6.4835],[2.7196,6.4813],[2.7174,6.4768],[2.7174,6.47],[2.7151,6.4655],[2.7129,6.4588],[2.7106,6.4521],[2.7106,6.4453],[2.7084,6.4431],[2.7084,6.4386],[2.7084,6.4318],[2.7061,6.4251],[2.7084,6.4184],[2.7084,6.4116],[2.7084,6.4094],[2.7084,6.4004],[2.7084,6.3937],[2.7084,6.3847],[2.7084,6.3779],[2.7084,6.3757],[2.7106,6.3757],[2.7241,6.3779],[2.7308,6.3779],[2.7331,6.3779],[2.7376,6.3802],[2.7421,6.3802],[2.7466,6.3802],[2.7578,6.3824],[2.7802,6.3847],[2.787,6.3847],[2.7982,6.3869],[2.8049,6.3892],[2.8364,6.3937],[2.8633,6.3937],[2.8903,6.3937],[2.9419,6.3959],[2.9734,6.3982],[2.9891,6.3982],[3.0138,6.3982],[3.034,6.3982],[3.0632,6.4004],[3.0722,6.4004],[3.0722,6.3982],[3.1104,6.3982],[3.1238,6.4004],[3.162,6.4004],[3.171,6.4026],[3.1822,6.4026],[3.2024,6.4026],[3.2047,6.4026],[3.2069,6.4026],[3.2092,6.4026],[3.2137,6.4026],[3.2182,6.4026],[3.2227,6.4026],[3.2249,6.4026],[3.2272,6.4026],[3.2294,6.4026],[3.2339,6.4026],[3.2361,6.4026],[3.2384,6.4026],[3.2406,6.4026],[3.2474,6.4026],[3.2586,6.4026],[3.2698,6.4026],[3.2766,6.4026],[3.281,6.4026],[3.2833,6.4026],[3.2855,6.4026],[3.2878,6.4026],[3.29,6.4026],[3.2923,6.4026],[3.2968,6.4026],[3.299,6.4026],[3.3013,6.4026],[3.3035,6.4026],[3.3058,6.4026],[3.308,6.4026],[3.3147,6.4026],[3.3192,6.4004],[3.3237,6.4004],[3.326,6.4004],[3.3327,6.4004],[3.3349,6.4004],[3.3372,6.4004],[3.3417,6.4004],[3.3462,6.3982],[3.3529,6.3982],[3.3597,6.3982],[3.3709,6.3982],[3.3776,6.3982],[3.3956,6.3982],[3.4023,6.3982],[3.4023,6.4004],[3.4023,6.4026],[3.4023,6.4049],[3.4046,6.4094],[3.4046,6.4116],[3.4068,6.4139],[3.4091,6.4161],[3.4113,6.4161],[3.4135,6.4184],[3.4158,6.4184],[3.418,6.4184],[3.4225,6.4206],[3.4248,6.4206],[3.427,6.4206],[3.4293,6.4206],[3.4293,6.4229],[3.4315,6.4229],[3.4338,6.4229],[3.4383,6.4206],[3.4405,6.4184],[3.4427,6.4184],[3.4472,6.4184],[3.4495,6.4184],[3.454,6.4184],[3.4562,6.4206],[3.4585,6.4206],[3.4607,6.4206],[3.4674,6.4184],[3.4719,6.4184],[3.4764,6.4184],[3.4809,6.4184],[3.4854,6.4184],[3.4922,6.4184],[3.4966,6.4206],[3.5011,6.4206],[3.5079,6.4184],[3.5169,6.4184],[3.5191,6.4184],[3.5236,6.4206],[3.5438,6.4206],[3.5505,6.4206],[3.5595,6.4206],[3.564,6.4206],[3.5708,6.4206],[3.5752,6.4206],[3.5887,6.4206],[3.5955,6.4206],[3.6022,6.4206],[3.6157,6.4206],[3.6269,6.4229],[3.6291,6.4229],[3.6314,6.4229],[3.6404,6.4229],[3.6628,6.4229],[3.6718,6.4229],[3.6785,6.4229],[3.6875,6.4229],[3.6965,6.4229],[3.7145,6.4251],[3.7212,6.4251],[3.7324,6.4274],[3.7369,6.4274],[3.7504,6.4296],[3.7594,6.4296],[3.7684,6.4318],[3.7706,6.4318],[3.7774,6.4318],[3.7796,6.4318],[3.7908,6.4341],[3.7976,6.4341],[3.8066,6.4363],[3.8133,6.4363],[3.82,6.4363],[3.8313,6.4363],[3.8358,6.4363],[3.8447,6.4363],[3.8537,6.4363],[3.8605,6.4363],[3.8717,6.4341],[3.8739,6.4341],[3.8852,6.4341],[3.8964,6.4341],[3.9099,6.4318],[3.9144,6.4318],[3.9256,6.4318],[3.9413,6.4296],[3.9458,6.4296],[3.9503,6.4296],[3.9548,6.4274],[3.9593,6.4274],[3.9705,6.4274],[3.9727,6.4274],[3.975,6.4251],[3.9907,6.4229],[3.9952,6.4229],[3.9974,6.4229],[4.0042,6.4206],[4.0109,6.4206],[4.0244,6.4184],[4.0356,6.4161],[4.0491,6.4139],[4.0536,6.4139],[4.0581,6.4139],[4.0603,6.4139],[4.0671,6.4116],[4.076,6.4116],[4.085,6.4071],[4.0918,6.4071],[4.103,6.4049],[4.1142,6.4026],[4.1187,6.4004],[4.121,6.4004],[4.1255,6.4004],[4.1322,6.4004],[4.1367,6.3982],[4.1479,6.3982],[4.1502,6.3959],[4.1524,6.3959],[4.1861,6.3892],[4.1928,6.3892],[4.1973,6.3869],[4.222,6.3847],[4.2422,6.3824],[4.2512,6.3802],[4.2602,6.3802],[4.2669,6.3779],[4.2692,6.3779],[4.2737,6.3779],[4.2782,6.3779],[4.2939,6.3779],[4.3051,6.3757],[4.3298,6.3735],[4.3433,6.3712],[4.35,6.3712],[4.359,6.3667],[4.368,6.3667],[4.3702,6.3645],[4.386,6.3622],[4.4017,6.3577],[4.4129,6.3532],[4.4264,6.3488],[4.4331,6.3488],[4.4354,6.3465],[4.4421,6.3443],[4.4556,6.3375],[4.4825,6.3263],[4.5611,6.2769],[4.5858,6.2567],[4.5926,6.2522],[4.5993,6.2477],[4.615,6.2342],[4.6263,6.2252],[4.6846,6.1691],[4.6914,6.1601],[4.7093,6.1489],[4.7206,6.1399],[4.7273,6.1354],[4.7453,6.1242],[4.7475,6.1219],[4.7498,6.1219],[4.7632,6.1062],[4.7677,6.1017],[4.7947,6.0748],[4.8037,6.0635],[4.8486,6.0276],[4.8531,6.0254],[4.8621,6.0209],[4.8733,6.0141],[4.8868,5.9984],[4.9092,5.9715],[4.9496,5.9243],[4.9609,5.9086],[4.9721,5.8951],[4.9766,5.8884],[4.9991,5.8569],[5.0013,5.8569],[5.0103,5.8457],[5.053,5.7828],[5.0799,5.7469],[5.0844,5.7402],[5.0844,5.7267],[5.0844,5.7177],[5.0844,5.7154],[5.0844,5.7132],[5.0844,5.7087],[5.0844,5.702],[5.0889,5.693],[5.0889,5.6885],[5.1068,5.6616],[5.1248,5.6301],[5.1428,5.6032],[5.1563,5.5964],[5.172,5.5874],[5.181,5.5874],[5.1854,5.5919],[5.1922,5.5964],[5.2057,5.6054],[5.2281,5.6189],[5.2461,5.6211],[5.3022,5.6144],[5.3516,5.5964],[5.3741,5.5987],[5.3876,5.6077],[5.3988,5.6368],[5.4123,5.6481],[5.4347,5.6526],[5.446,5.6548],[5.4864,5.6301],[5.4931,5.6279],[5.4976,5.6234],[5.5021,5.6211],[5.5043,5.6166],[5.5066,5.6077],[5.5088,5.5987],[5.4954,5.6077],[5.4796,5.6211],[5.4662,5.6301],[5.4347,5.6346],[5.4168,5.6391],[5.4078,5.6368],[5.401,5.6301],[5.4033,5.6121],[5.3966,5.5964],[5.3966,5.5942],[5.3943,5.5874],[5.3876,5.5852],[5.3763,5.5874],[5.3494,5.5852],[5.3269,5.5874],[5.3202,5.5897],[5.2865,5.6009],[5.2461,5.6032],[5.2326,5.6009],[5.2304,5.6032],[5.2259,5.6009],[5.2191,5.6009],[5.2169,5.6009],[5.2146,5.6009],[5.2102,5.5987],[5.2079,5.5987],[5.1989,5.5852],[5.1967,5.5807],[5.181,5.5717],[5.1787,5.5695],[5.1765,5.565],[5.1697,5.5582],[5.1607,5.547],[5.1563,5.538],[5.1765,5.5111],[5.2079,5.4684],[5.2214,5.4549],[5.2281,5.4504],[5.2393,5.4392],[5.2596,5.428],[5.3179,5.4033],[5.3539,5.3898],[5.3786,5.3898],[5.3876,5.3898],[5.3921,5.3898],[5.4302,5.3853],[5.4729,5.3988],[5.4819,5.4145],[5.4909,5.4325],[5.4954,5.4572],[5.4999,5.4796],[5.5088,5.4999],[5.5246,5.5133],[5.5403,5.5178],[5.556,5.5178],[5.5672,5.5156],[5.5785,5.5201],[5.5807,5.5223],[5.6009,5.5178],[5.6077,5.5223],[5.6121,5.5313],[5.6121,5.5335],[5.6121,5.538],[5.6121,5.5425],[5.6166,5.5425],[5.6211,5.5425],[5.6256,5.5403],[5.6301,5.538],[5.6346,5.5335],[5.6279,5.5313],[5.6054,5.5178],[5.5987,5.5133],[5.5942,5.5088],[5.5852,5.5066],[5.5695,5.5043],[5.5538,5.5066],[5.5313,5.5043],[5.5201,5.5021],[5.5088,5.4684],[5.5066,5.4437],[5.5156,5.4257],[5.5246,5.4168],[5.5268,5.4078],[5.5201,5.4055],[5.5133,5.3988],[5.4662,5.3718],[5.4325,5.3651],[5.3898,5.3629],[5.3853,5.3629],[5.3786,5.3629],[5.3516,5.3606],[5.3337,5.3651],[5.3269,5.3674],[5.3224,5.3674],[5.3202,5.3539],[5.3314,5.3],[5.3337,5.291],[5.3449,5.2304],[5.3516,5.1832],[5.3516,5.172],[5.3516,5.1697],[5.3516,5.1675],[5.3539,5.1675],[5.3606,5.1585],[5.3718,5.145],[5.3876,5.1383],[5.3966,5.1428],[5.4123,5.1495],[5.4213,5.1518],[5.4325,5.1518],[5.4437,5.1473],[5.4482,5.1383],[5.4482,5.1338],[5.4572,5.1271],[5.4639,5.1248],[5.4684,5.1203],[5.4684,5.1068],[5.4729,5.0979],[5.4707,5.0934],[5.4639,5.1001],[5.4549,5.1068],[5.4482,5.1181],[5.437,5.1316],[5.4325,5.1338],[5.4145,5.136],[5.4055,5.136],[5.401,5.1383],[5.3988,5.136],[5.3966,5.1338],[5.3876,5.1316],[5.3831,5.1293],[5.3808,5.1271],[5.3763,5.1271],[5.3763,5.1248],[5.3763,5.1203],[5.3831,5.1091],[5.3831,5.1068],[5.3853,5.1024],[5.3898,5.0956],[5.4078,5.0574],[5.4123,5.0462],[5.4235,5.0238],[5.437,4.9901],[5.4415,4.9766],[5.4415,4.9743],[5.4415,4.9631],[5.4415,4.9496],[5.446,4.9429],[5.446,4.9407],[5.4504,4.9339],[5.4527,4.9227],[5.4527,4.9182],[5.4527,4.9092],[5.4527,4.907],[5.4527,4.9047],[5.4572,4.898],[5.4594,4.8913],[5.4662,4.8778],[5.4841,4.8441],[5.4886,4.8351],[5.4954,4.8261],[5.5066,4.8082],[5.5201,4.7857],[5.5223,4.7812],[5.5246,4.7767],[5.5268,4.7722],[5.5291,4.7632],[5.5291,4.761],[5.5313,4.752],[5.5335,4.7453],[5.5335,4.7385],[5.5448,4.7183],[5.5515,4.7071],[5.5672,4.6802],[5.5785,4.6599],[5.5852,4.651],[5.5942,4.6397],[5.6032,4.6307],[5.6571,4.5611],[5.6638,4.5544],[5.6975,4.523],[5.6975,4.5162],[5.6975,4.514],[5.7177,4.5005],[5.7357,4.487],[5.7738,4.4578],[5.7873,4.4466],[5.8435,4.4017],[5.8479,4.3994],[5.8682,4.3815],[5.931,4.341],[5.94,4.3366],[5.976,4.3208],[5.9782,4.3208],[5.9782,4.3163],[5.9782,4.3141],[5.9782,4.3119],[5.9804,4.3119],[5.9962,4.3051],[6.0096,4.3006],[6.0568,4.2871],[6.0725,4.2827],[6.0815,4.2804],[6.0838,4.2804],[6.0838,4.2782],[6.0838,4.2759],[6.0838,4.2737],[6.086,4.2714],[6.0905,4.2714],[6.104,4.2737],[6.1107,4.2714],[6.1152,4.2737],[6.1354,4.2759],[6.1713,4.2782],[6.1915,4.2804],[6.2095,4.2804],[6.2185,4.2827],[6.2207,4.2827],[6.2207,4.2849],[6.2207,4.2871],[6.2185,4.2916],[6.2163,4.3006],[6.214,4.3051],[6.214,4.3298],[6.214,4.3366],[6.2207,4.3568],[6.232,4.377],[6.232,4.386],[6.2365,4.3994],[6.2387,4.4084],[6.2454,4.3994],[6.2454,4.3905],[6.2432,4.3725],[6.241,4.3613],[6.2477,4.359],[6.2522,4.3635],[6.2544,4.377],[6.2567,4.3792],[6.2701,4.3905],[6.2814,4.3747],[6.2791,4.3725],[6.2701,4.368],[6.2589,4.359],[6.2522,4.3343],[6.241,4.3186],[6.241,4.3163],[6.2387,4.3119],[6.2365,4.3051],[6.2342,4.3006],[6.2342,4.2984],[6.2387,4.2916],[6.2432,4.2916],[6.2499,4.2916],[6.2544,4.2894],[6.2634,4.2894],[6.2634,4.2916],[6.2724,4.2939],[6.2926,4.2939],[6.2949,4.2939],[6.3083,4.2961],[6.3308,4.2961],[6.3398,4.2984],[6.3555,4.3006],[6.3667,4.3006],[6.3869,4.3029],[6.4094,4.3051],[6.4139,4.3074],[6.461,4.3141],[6.4655,4.3141],[6.4655,4.3163],[6.4745,4.3163],[6.4947,4.3231],[6.5396,4.3253],[6.5419,4.3253],[6.5486,4.3253],[6.5733,4.3276],[6.5801,4.3253],[6.6407,4.3119],[6.6452,4.3208],[6.6474,4.3253],[6.6519,4.3276],[6.6654,4.3276],[6.6676,4.3276],[6.6834,4.3276],[6.6879,4.3298],[6.6946,4.3298],[6.7058,4.3388],[6.7036,4.3455],[6.7013,4.3613],[6.6901,4.386],[6.6879,4.3927],[6.6856,4.3972],[6.6676,4.4196],[6.6654,4.4241],[6.6632,4.4286],[6.6721,4.4421],[6.6811,4.4399],[6.6879,4.4219],[6.7013,4.4196],[6.6991,4.4488],[6.6901,4.4915],[6.6901,4.5252],[6.7126,4.5611],[6.7283,4.606],[6.7328,4.606],[6.735,4.6016],[6.7418,4.5813],[6.744,4.5701],[6.7373,4.5544],[6.7305,4.5477],[6.7305,4.5454],[6.7193,4.5252],[6.7171,4.5117],[6.7126,4.5027],[6.7103,4.4915],[6.7081,4.4578],[6.7126,4.3837],[6.7126,4.359],[6.7148,4.3545],[6.7171,4.35],[6.7193,4.3455],[6.7328,4.3366],[6.7373,4.3366],[6.7934,4.3366],[6.8496,4.3478],[6.8698,4.3523],[6.8743,4.3635],[6.872,4.3657],[6.8698,4.3657],[6.8518,4.377],[6.8406,4.3994],[6.8563,4.3972],[6.8585,4.3972],[6.8787,4.3927],[6.9349,4.3792],[6.9484,4.3747],[6.9529,4.3747],[6.9551,4.3725],[6.9574,4.3725],[6.9618,4.3725],[6.991,4.3702],[6.9955,4.3702],[6.9978,4.3702],[7.0045,4.3702],[7.0112,4.3702],[7.0202,4.3747],[7.0225,4.3792],[7.0247,4.3837],[7.0247,4.3905],[7.0225,4.3949],[7.0202,4.3994],[7.0157,4.4062],[7.0135,4.4107],[7.009,4.4196],[6.9978,4.4376],[6.991,4.4533],[6.9865,4.4601],[6.9798,4.478],[6.9753,4.4848],[6.9753,4.487],[6.9821,4.5252],[6.9708,4.5903],[6.9708,4.6038],[6.9843,4.6173],[6.9978,4.606],[7.0023,4.5813],[7.0045,4.5701],[7.018,4.5027],[7.0202,4.4915],[7.0404,4.4399],[7.0427,4.4376],[7.0449,4.4376],[7.0449,4.4354],[7.0696,4.4354],[7.0899,4.4421],[7.1595,4.4623],[7.164,4.4623],[7.1729,4.487],[7.1797,4.505],[7.1752,4.5836],[7.1707,4.5993],[7.1707,4.6016],[7.1707,4.6038],[7.1572,4.6285],[7.1505,4.6397],[7.146,4.6442],[7.1303,4.6555],[7.1056,4.6667],[7.0966,4.6689],[7.0921,4.6757],[7.0831,4.6846],[7.0786,4.7026],[7.0809,4.7138],[7.0809,4.7183],[7.0809,4.7228],[7.0854,4.7228],[7.0876,4.7183],[7.0899,4.7116],[7.0876,4.7071],[7.0899,4.7004],[7.0921,4.6936],[7.0966,4.6869],[7.1033,4.6779],[7.1078,4.6734],[7.1235,4.6689],[7.1437,4.6644],[7.1527,4.6599],[7.1685,4.6307],[7.1909,4.6105],[7.2066,4.5656],[7.2179,4.5454],[7.2179,4.5207],[7.1932,4.478],[7.1819,4.4646],[7.1707,4.4511],[7.1662,4.4488],[7.1662,4.4466],[7.1595,4.4376],[7.1482,4.4264],[7.1393,4.4152],[7.137,4.4129],[7.137,4.4107],[7.1348,4.4062],[7.1325,4.4039],[7.1348,4.3949],[7.1348,4.3882],[7.137,4.386],[7.1393,4.386],[7.1437,4.3837],[7.1482,4.3815],[7.1662,4.3792],[7.1797,4.377],[7.1842,4.3792],[7.2044,4.3815],[7.2134,4.3837],[7.2201,4.3837],[7.2336,4.3882],[7.2538,4.3927],[7.2785,4.3994],[7.2987,4.4039],[7.3077,4.4084],[7.3212,4.4152],[7.3279,4.4174],[7.3279,4.4196],[7.3279,4.4219],[7.3234,4.4331],[7.3234,4.4444],[7.3257,4.4444],[7.3324,4.4444],[7.3391,4.4421],[7.3481,4.4421],[7.3504,4.4421],[7.3683,4.4421],[7.3908,4.4354],[7.4065,4.4331],[7.4177,4.4309],[7.429,4.4354],[7.4357,4.4376],[7.4447,4.4399],[7.4469,4.4399],[7.4582,4.4421],[7.4649,4.4444],[7.4806,4.4466],[7.4873,4.4488],[7.4918,4.4488],[7.5098,4.4511],[7.5188,4.4511],[7.5615,4.4511],[7.5772,4.4488],[7.5862,4.4488],[7.5907,4.4533],[7.5907,4.4623],[7.5884,4.4623],[7.5862,4.4623],[7.5839,4.4623],[7.5817,4.4668],[7.5817,4.4691],[7.5817,4.4758],[7.5839,4.478],[7.5862,4.4825],[7.5884,4.487],[7.5884,4.4893],[7.5839,4.4938],[7.5772,4.496],[7.5704,4.4982],[7.557,4.5027],[7.5502,4.5095],[7.5435,4.514],[7.5412,4.5162],[7.539,4.5185],[7.5323,4.5252],[7.5278,4.5387],[7.5255,4.5409],[7.5233,4.5454],[7.521,4.5499],[7.521,4.5544],[7.5278,4.5656],[7.5435,4.5746],[7.5435,4.5791],[7.5368,4.5858],[7.5323,4.5903],[7.53,4.5971],[7.5278,4.5993],[7.5255,4.6038],[7.5255,4.6128],[7.5233,4.6173],[7.5188,4.6263],[7.5165,4.633],[7.5188,4.642],[7.5233,4.6532],[7.5233,4.6555],[7.521,4.6622],[7.5165,4.6622],[7.5165,4.6802],[7.521,4.6891],[7.5278,4.6959],[7.5345,4.7004],[7.5323,4.6914],[7.53,4.6914],[7.5233,4.6846],[7.5233,4.6712],[7.5255,4.6644],[7.5278,4.651],[7.5233,4.6307],[7.53,4.6173],[7.5323,4.6038],[7.5457,4.5858],[7.5457,4.5701],[7.5345,4.5566],[7.5278,4.5499],[7.5345,4.5409],[7.539,4.5387],[7.5435,4.5342],[7.5525,4.5207],[7.5615,4.514],[7.5727,4.514],[7.5772,4.514],[7.5794,4.5117],[7.5862,4.5072],[7.5862,4.505],[7.5974,4.4982],[7.6019,4.4915],[7.6019,4.4893],[7.6019,4.4825],[7.6041,4.4803],[7.6064,4.4758],[7.6198,4.4735],[7.6423,4.4848],[7.6603,4.4938],[7.6625,4.4938],[7.6648,4.4938],[7.6693,4.496],[7.6715,4.4982],[7.676,4.496],[7.6782,4.496],[7.685,4.496],[7.6872,4.496],[7.6962,4.4982],[7.7232,4.5027],[7.7479,4.5072],[7.7546,4.5095],[7.7703,4.514],[7.7748,4.514],[7.7771,4.514],[7.7883,4.5162],[7.7905,4.5162],[7.8062,4.5185],[7.8107,4.5185],[7.8265,4.5207],[7.8399,4.523],[7.8534,4.5252],[7.932,4.5319],[7.9522,4.5342],[7.9882,4.5387],[8.0016,4.5387],[8.0106,4.5409],[8.0196,4.5409],[8.0263,4.5432],[8.0847,4.5432],[8.1162,4.5454],[8.1229,4.5454],[8.1454,4.5454],[8.1476,4.5454],[8.1543,4.5454],[8.1746,4.5454],[8.179,4.5454],[8.2037,4.5454],[8.206,4.5454],[8.215,4.5454],[8.2464,4.5432],[8.2621,4.5432],[8.2756,4.5432],[8.2823,4.5432],[8.2891,4.5432],[8.2936,4.5454],[8.2958,4.5499],[8.3003,4.5544],[8.3115,4.5679],[8.316,4.5724],[8.3295,4.5903],[8.3318,4.5926],[8.3407,4.6038],[8.3565,4.6263],[8.3587,4.6307],[8.3609,4.6375],[8.3385,4.6936],[8.3295,4.7206],[8.3273,4.7251],[8.3228,4.7341],[8.3228,4.7385],[8.3183,4.7475],[8.3183,4.7498],[8.316,4.7565],[8.3138,4.761],[8.3115,4.7632],[8.3048,4.7745],[8.3026,4.7745],[8.2981,4.7812],[8.2958,4.7835],[8.2936,4.7835],[8.2913,4.7857],[8.2756,4.8014],[8.2734,4.8037],[8.2666,4.8127],[8.2644,4.8149],[8.2599,4.8239],[8.2599,4.8284],[8.2644,4.8351],[8.2711,4.8418],[8.2734,4.8463],[8.2734,4.8508],[8.2734,4.8553],[8.2779,4.8486],[8.2779,4.8441],[8.3026,4.8441],[8.3228,4.8239],[8.3318,4.8037],[8.3452,4.7924],[8.3632,4.779],[8.3722,4.7745],[8.3969,4.7812],[8.4014,4.7835],[8.3969,4.7767],[8.3991,4.7745],[8.4036,4.77],[8.3991,4.7655],[8.3946,4.761],[8.3879,4.7565],[8.3857,4.7543],[8.3879,4.7475],[8.3969,4.7363],[8.4014,4.7341],[8.4059,4.7318],[8.4081,4.7341],[8.4104,4.7363],[8.4148,4.7296],[8.4193,4.7273],[8.4283,4.7273],[8.4328,4.7296],[8.4351,4.7296],[8.4396,4.7363],[8.4418,4.7385],[8.4485,4.7363],[8.4508,4.7363],[8.4598,4.7475],[8.4598,4.7543],[8.4575,4.7565],[8.462,4.7565],[8.4643,4.7543],[8.4732,4.7408],[8.4777,4.7363],[8.4777,4.7341],[8.4755,4.7296],[8.4755,4.7273],[8.4687,4.7296],[8.4665,4.7251],[8.4598,4.7049],[8.4598,4.7004],[8.4732,4.6959],[8.4845,4.6914],[8.489,4.6914],[8.4934,4.6914],[8.4934,4.6936],[8.4979,4.6936],[8.5002,4.6936],[8.5092,4.6959],[8.5092,4.7071],[8.5204,4.7049],[8.5249,4.7071],[8.5294,4.7093],[8.5316,4.7093],[8.5316,4.7116],[8.5316,4.7138],[8.5316,4.7183],[8.5271,4.7228],[8.5271,4.7251],[8.5294,4.7273],[8.5271,4.7296],[8.5271,4.7318],[8.5271,4.7341],[8.5271,4.743],[8.5271,4.7475],[8.5271,4.752],[8.5294,4.7588],[8.5294,4.7632],[8.5316,4.7722],[8.5339,4.779],[8.5361,4.7857],[8.5384,4.7924],[8.5406,4.7947],[8.5406,4.7969],[8.5451,4.8037],[8.5541,4.8149],[8.5563,4.8149],[8.5563,4.8171],[8.5631,4.8171],[8.5653,4.8171],[8.5676,4.8149],[8.5698,4.8104],[8.572,4.8059],[8.5765,4.8037],[8.581,4.8014],[8.59,4.8014],[8.5923,4.8037],[8.5968,4.8037],[8.599,4.8059],[8.6035,4.8082],[8.6057,4.8104],[8.6102,4.8127],[8.6125,4.8149],[8.617,4.8171],[8.6192,4.8194],[8.6237,4.8194],[8.6259,4.8216],[8.6282,4.8239],[8.6304,4.8239],[8.6304,4.8261],[8.6304,4.8284],[8.6304,4.8306],[8.6304,4.8329],[8.6282,4.8418],[8.6282,4.8441],[8.6259,4.8463],[8.6259,4.8486],[8.6215,4.8508],[8.6192,4.8531],[8.6192,4.8553],[8.617,4.8553],[8.6147,4.8576],[8.6125,4.8576],[8.6102,4.8598],[8.608,4.8621],[8.6057,4.8643],[8.6057,4.8666],[8.6035,4.8688],[8.6035,4.871],[8.6035,4.8733],[8.6035,4.8755],[8.6035,4.8778],[8.6035,4.88],[8.6035,4.8823],[8.6035,4.8845],[8.6057,4.8845],[8.6057,4.8868],[8.608,4.889],[8.608,4.8913],[8.6125,4.8957],[8.617,4.9025],[8.6192,4.9047],[8.6215,4.907],[8.6237,4.907],[8.6237,4.9092],[8.6259,4.9092],[8.6282,4.9092],[8.6327,4.9092],[8.6372,4.9092],[8.6394,4.9092],[8.6417,4.9092],[8.6439,4.9092],[8.6462,4.9115],[8.6484,4.9137],[8.6507,4.9137],[8.6529,4.916],[8.6529,4.9182],[8.6529,4.9205],[8.6529,4.9227],[8.6529,4.9249],[8.6529,4.9272],[8.6529,4.9294],[8.6507,4.9317],[8.6507,4.9339],[8.6484,4.9339],[8.6484,4.9362],[8.6484,4.9384],[8.6484,4.9407],[8.6507,4.9474],[8.6529,4.9474],[8.6551,4.9452],[8.6574,4.9452],[8.6596,4.9452],[8.6619,4.9452],[8.6619,4.9474],[8.6686,4.9519],[8.6686,4.9541],[8.6686,4.9564],[8.6664,4.9586],[8.6664,4.9609],[8.6664,4.9631],[8.6664,4.9654],[8.6686,4.9654],[8.6709,4.9676],[8.6731,4.9699],[8.6754,4.9699],[8.6798,4.9721],[8.6798,4.9743],[8.6798,4.9766],[8.6798,4.9788],[8.6798,4.9811],[8.6821,4.9811],[8.6821,4.9833],[8.6843,4.9833],[8.6866,4.9856],[8.6911,4.9856],[8.6933,4.9856],[8.6956,4.9856],[8.6978,4.9856],[8.6978,4.9878],[8.6978,4.9901],[8.6978,4.9923],[8.6956,4.9923],[8.6956,4.9946],[8.6933,4.9968],[8.6911,4.9968],[8.6888,4.9968],[8.6843,4.9991],[8.6843,5.0013],[8.6888,5.0058],[8.6911,5.0058],[8.6933,5.0058],[8.6933,5.008],[8.6956,5.008],[8.6956,5.0103],[8.6956,5.0125],[8.6956,5.0148],[8.6978,5.0148],[8.6978,5.017],[8.7001,5.017],[8.7068,5.0215],[8.709,5.0215],[8.709,5.026],[8.7113,5.0305],[8.7113,5.0327],[8.7135,5.0327],[8.7158,5.0327],[8.7158,5.0305],[8.718,5.0305],[8.718,5.035],[8.718,5.0372],[8.718,5.0395],[8.7203,5.0395],[8.7225,5.0417],[8.7248,5.0417],[8.7248,5.044],[8.7225,5.0485],[8.7203,5.0507],[8.7203,5.053],[8.7203,5.0552],[8.7203,5.0597],[8.7225,5.0597],[8.7225,5.0619],[8.7248,5.0642],[8.7248,5.0664],[8.727,5.0687],[8.727,5.0709],[8.727,5.0732],[8.727,5.0754],[8.7293,5.0777],[8.7315,5.0777],[8.7337,5.0777],[8.736,5.0821],[8.7382,5.0821],[8.7405,5.0844],[8.7427,5.0844],[8.745,5.0934],[8.745,5.0956],[8.745,5.0979],[8.7472,5.1001],[8.7495,5.1024],[8.7562,5.1046],[8.7607,5.1046],[8.7629,5.1046],[8.7674,5.1068],[8.7697,5.1068],[8.7742,5.1091],[8.7764,5.1091],[8.7809,5.1113],[8.7832,5.1136],[8.7854,5.1158],[8.7854,5.1181],[8.7854,5.1203],[8.7854,5.1226],[8.7876,5.1248],[8.7899,5.1248],[8.7921,5.1248],[8.7921,5.1271],[8.7944,5.1338],[8.7966,5.1383],[8.7966,5.1405],[8.7966,5.1428],[8.7989,5.145],[8.7989,5.1473],[8.8011,5.1473],[8.8011,5.1495],[8.8011,5.154],[8.8011,5.1563],[8.8034,5.1563],[8.8079,5.1607],[8.8079,5.163],[8.8101,5.1652],[8.8101,5.1675],[8.8146,5.1742],[8.8168,5.181],[8.8213,5.1854],[8.8191,5.1944],[8.8191,5.2012],[8.8168,5.2102],[8.8146,5.2191],[8.8146,5.2281],[8.8146,5.2326],[8.8123,5.2371],[8.8146,5.2438],[8.8146,5.2506],[8.8168,5.2596],[8.8168,5.2618],[8.8168,5.2663],[8.8168,5.2753],[8.8146,5.2843],[8.8191,5.291],[8.8213,5.2977],[8.8236,5.3045],[8.8258,5.3112],[8.8303,5.3179],[8.8303,5.3247],[8.8326,5.3269],[8.8326,5.3292],[8.8326,5.3314],[8.8326,5.3382],[8.8326,5.3449],[8.837,5.3853],[8.837,5.3876],[8.837,5.3898],[8.8393,5.3921],[8.8393,5.3943],[8.8393,5.3966],[8.8393,5.3988],[8.8393,5.401],[8.8393,5.4055],[8.8393,5.41],[8.837,5.4168],[8.837,5.4213],[8.8348,5.4257],[8.8348,5.428],[8.8348,5.4302],[8.8348,5.4325],[8.837,5.4325],[8.8393,5.4415],[8.8438,5.4482],[8.8438,5.4527],[8.8438,5.4549],[8.846,5.4594],[8.8483,5.4617],[8.8528,5.4639],[8.8573,5.4662],[8.864,5.4729],[8.8662,5.4729],[8.8662,5.4752],[8.8685,5.4774],[8.8707,5.4841],[8.8707,5.4886],[8.8707,5.4909],[8.873,5.4954],[8.8752,5.4976],[8.8775,5.5021],[8.8842,5.5088],[8.8865,5.5111],[8.8865,5.5133],[8.8887,5.5133],[8.8887,5.5156],[8.8909,5.5178],[8.8932,5.5178],[8.8954,5.5223],[8.8977,5.5223],[8.8977,5.5246],[8.8977,5.5268],[8.8999,5.5313],[8.9044,5.538],[8.9089,5.547],[8.9112,5.5493],[8.9134,5.5515],[8.9134,5.5538],[8.9112,5.5538],[8.9112,5.556],[8.9134,5.5605],[8.9157,5.5605],[8.9201,5.5627],[8.9224,5.565],[8.9201,5.5672],[8.9201,5.5695],[8.9179,5.5695],[8.9157,5.574],[8.9157,5.5785],[8.9157,5.5807],[8.9157,5.5852],[8.9157,5.5874],[8.9134,5.5919],[8.9134,5.5942],[8.9112,5.5964],[8.9112,5.5987],[8.9112,5.6009],[8.9112,5.6032],[8.9089,5.6077],[8.9089,5.6099],[8.9067,5.6099],[8.9067,5.6121],[8.9067,5.6144],[8.9044,5.6166],[8.9044,5.6211],[8.8999,5.6256],[8.8865,5.6324],[8.8865,5.6346],[8.8865,5.6368],[8.8842,5.6391],[8.8797,5.6436],[8.8775,5.6458],[8.8775,5.6481],[8.8752,5.6481],[8.873,5.6481],[8.8707,5.6481],[8.8707,5.6503],[8.8685,5.6526],[8.8662,5.6571],[8.864,5.6593],[8.8618,5.6616],[8.8618,5.6593],[8.8595,5.6593],[8.8595,5.6616],[8.855,5.666],[8.8505,5.6728],[8.846,5.6773],[8.8438,5.6795],[8.8415,5.6795],[8.8393,5.6795],[8.8393,5.6818],[8.837,5.684],[8.837,5.6863],[8.837,5.6907],[8.837,5.693],[8.837,5.6952],[8.8348,5.6975],[8.8326,5.6975],[8.8326,5.6997],[8.8326,5.7042],[8.8326,5.7065],[8.8348,5.7065],[8.8348,5.7042],[8.8348,5.702],[8.8393,5.6997],[8.8415,5.6997],[8.8438,5.6997],[8.8438,5.702],[8.8483,5.7042],[8.8505,5.7042],[8.855,5.7065],[8.855,5.7087],[8.855,5.711],[8.8528,5.7132],[8.8528,5.7177],[8.855,5.7199],[8.8573,5.7199],[8.8573,5.7177],[8.8595,5.7177],[8.8595,5.7199],[8.8618,5.7199],[8.8618,5.7222],[8.8618,5.7244],[8.8618,5.7267],[8.8618,5.7289],[8.8618,5.7312],[8.864,5.7357],[8.8662,5.7334],[8.8662,5.7312],[8.8685,5.7312],[8.8685,5.7357],[8.8685,5.7402],[8.8707,5.7424],[8.873,5.7424],[8.873,5.7446],[8.8752,5.7446],[8.8752,5.7469],[8.8752,5.7491],[8.8752,5.7514],[8.873,5.7514],[8.8707,5.7536],[8.8685,5.7581],[8.8685,5.7604],[8.8707,5.7626],[8.8707,5.7604],[8.873,5.7626],[8.873,5.7671],[8.873,5.7693],[8.8752,5.7693],[8.8775,5.7693],[8.8797,5.7693],[8.882,5.7693],[8.8842,5.7761],[8.8842,5.7783],[8.8842,5.7806],[8.882,5.7806],[8.882,5.7828],[8.882,5.7851],[8.882,5.7873],[8.8842,5.7918],[8.8842,5.794],[8.8842,5.7963],[8.882,5.7963],[8.8775,5.7985],[8.8775,5.8008],[8.8752,5.803],[8.873,5.803],[8.8707,5.803],[8.8707,5.8008],[8.8685,5.8008],[8.8685,5.7985],[8.8662,5.7985],[8.864,5.7985],[8.8618,5.7985],[8.8618,5.8008],[8.8595,5.803],[8.8573,5.803],[8.8573,5.8008],[8.855,5.8008],[8.8528,5.7985],[8.8505,5.7963],[8.8483,5.794],[8.8483,5.7963],[8.8483,5.7985],[8.8505,5.7985],[8.8505,5.8008],[8.8505,5.803],[8.8505,5.8053],[8.8483,5.812],[8.846,5.8143],[8.846,5.8165],[8.8438,5.8188],[8.8415,5.821],[8.8415,5.8232],[8.8415,5.8255],[8.8415,5.8277],[8.8438,5.8277],[8.846,5.8277],[8.8483,5.8277],[8.8505,5.8277],[8.8528,5.8277],[8.855,5.83],[8.8573,5.83],[8.8595,5.8322],[8.8595,5.8345],[8.8595,5.8367],[8.8595,5.839],[8.8595,5.8412],[8.8595,5.8435],[8.8595,5.8457],[8.8618,5.8457],[8.864,5.8457],[8.8685,5.8479],[8.8707,5.8502],[8.873,5.8524],[8.8752,5.8524],[8.8752,5.8547],[8.8775,5.8547],[8.8797,5.8547],[8.8797,5.8569],[8.882,5.8569],[8.882,5.8592],[8.8842,5.8592],[8.8865,5.8614],[8.8887,5.8614],[8.8909,5.8614],[8.8932,5.8592],[8.8954,5.8592],[8.8977,5.8592],[8.8999,5.8592],[8.8999,5.8614],[8.9022,5.8614],[8.9044,5.8614],[8.9044,5.8637],[8.9044,5.8659],[8.9044,5.8682],[8.9044,5.8704],[8.9044,5.8727],[8.9044,5.8749],[8.9067,5.8749],[8.9089,5.8794],[8.9089,5.8816],[8.9134,5.8884],[8.9134,5.8906],[8.9134,5.8929],[8.9134,5.8951],[8.9112,5.8974],[8.9112,5.8996],[8.9112,5.9018],[8.9134,5.9018],[8.9134,5.9041],[8.9157,5.9041],[8.9179,5.9041],[8.9201,5.9041],[8.9224,5.9041],[8.9246,5.9041],[8.9269,5.9041],[8.9291,5.9063],[8.9314,5.9086],[8.9336,5.9086],[8.9404,5.9131],[8.9426,5.9131],[8.9471,5.9176],[8.9538,5.9243],[8.9606,5.9288],[8.9673,5.9355],[8.974,5.94],[8.9808,5.9468],[8.983,5.949],[8.9875,5.9513],[8.9898,5.9535],[8.9943,5.958],[9.001,5.9625],[9.0077,5.9692],[9.0145,5.976],[9.0212,5.9804],[9.0279,5.9872],[9.0347,5.9917],[9.0414,5.9984],[9.0481,6.0029],[9.0549,6.0096],[9.0616,6.0141],[9.0684,6.0209],[9.0751,6.0254],[9.0818,6.0321],[9.0886,6.0366],[9.0953,6.0433],[9.102,6.0478],[9.1065,6.0546],[9.1133,6.059],[9.12,6.0658],[9.1268,6.0703],[9.1335,6.077],[9.1402,6.0815],[9.147,6.0882],[9.1537,6.0927],[9.1582,6.1017],[9.1604,6.1062],[9.1604,6.1085],[9.1627,6.1152],[9.1672,6.1219],[9.1694,6.1309],[9.1762,6.1332],[9.1851,6.1377],[9.1919,6.1421],[9.1986,6.1466],[9.2054,6.1511],[9.2143,6.1556],[9.2211,6.1601],[9.2278,6.1646],[9.2345,6.1668],[9.2435,6.1713],[9.2503,6.1758],[9.257,6.1803],[9.2637,6.1848],[9.2682,6.1915],[9.2727,6.1983],[9.2772,6.2073],[9.2817,6.214],[9.284,6.2185],[9.284,6.2207],[9.2884,6.2275],[9.2929,6.2365],[9.2974,6.2432],[9.3019,6.2499],[9.3042,6.2567],[9.3087,6.2657],[9.3131,6.2702],[9.3199,6.2746],[9.3221,6.2769],[9.3221,6.2791],[9.3244,6.2791],[9.3244,6.2814],[9.3244,6.2836],[9.3244,6.2859],[9.3266,6.2859],[9.3289,6.2859],[9.3311,6.2859],[9.3311,6.2881],[9.3334,6.2904],[9.3334,6.2926],[9.3356,6.2949],[9.3379,6.3016],[9.3379,6.3128],[9.3379,6.3151],[9.3379,6.3173],[9.3356,6.3196],[9.3379,6.3218],[9.3379,6.324],[9.3401,6.324],[9.3423,6.3263],[9.3423,6.3285],[9.3446,6.3308],[9.3446,6.333],[9.3446,6.3353],[9.3446,6.342],[9.3446,6.3465],[9.3423,6.351],[9.3446,6.351],[9.3446,6.3532],[9.3468,6.3532],[9.3513,6.3532],[9.3536,6.351],[9.3558,6.351],[9.3603,6.3488],[9.3603,6.3465],[9.3626,6.3465],[9.3648,6.3443],[9.3738,6.342],[9.376,6.342],[9.3828,6.3398],[9.3873,6.3353],[9.3918,6.333],[9.4007,6.3285],[9.4052,6.3263],[9.4097,6.324],[9.412,6.324],[9.4142,6.3218],[9.4165,6.3196],[9.4187,6.3196],[9.4209,6.3196],[9.4232,6.3196],[9.4254,6.3196],[9.4277,6.3173],[9.4299,6.3173],[9.4322,6.3173],[9.4344,6.3196],[9.4344,6.3218],[9.4344,6.324],[9.4344,6.3263],[9.4389,6.342],[9.4389,6.3443],[9.4412,6.3443],[9.4412,6.3465],[9.4412,6.3488],[9.4434,6.3555],[9.4434,6.36],[9.4434,6.3622],[9.4434,6.3645],[9.4434,6.3667],[9.4456,6.3712],[9.4456,6.3735],[9.4456,6.3779],[9.4456,6.3802],[9.4456,6.3824],[9.4479,6.3824],[9.4479,6.3847],[9.4501,6.3847],[9.4501,6.3869],[9.4524,6.3869],[9.4501,6.3892],[9.4501,6.3914],[9.4524,6.3982],[9.4524,6.4004],[9.4569,6.4094],[9.4569,6.4116],[9.4569,6.4139],[9.4569,6.4184],[9.4591,6.4229],[9.4591,6.4274],[9.4614,6.4274],[9.4591,6.4296],[9.4591,6.4318],[9.4569,6.4318],[9.4614,6.4408],[9.4636,6.4453],[9.4636,6.4476],[9.4636,6.4498],[9.4636,6.4543],[9.4659,6.4543],[9.4659,6.4565],[9.4681,6.4565],[9.4748,6.4543],[9.5153,6.4453],[9.5287,6.4453],[9.5669,6.4655],[9.5849,6.4745],[9.5849,6.4768],[9.5849,6.479],[9.5849,6.4835],[9.5849,6.4857],[9.5849,6.488],[9.5849,6.4902],[9.5826,6.4902],[9.5826,6.4925],[9.5849,6.4992],[9.5849,6.5037],[9.5849,6.506],[9.5849,6.5082],[9.5871,6.5082],[9.5871,6.5104],[9.5894,6.5104],[9.5894,6.5127],[9.5916,6.5149],[9.5916,6.5172],[9.5916,6.5194],[9.5916,6.5217],[9.5939,6.5217],[9.5939,6.5262],[9.5939,6.5284],[9.5961,6.5284],[9.5961,6.5307],[9.5984,6.5307],[9.6006,6.5307],[9.6006,6.5284],[9.6029,6.5284],[9.6051,6.5284],[9.6073,6.5262],[9.6096,6.5262],[9.6096,6.5239],[9.6118,6.5239],[9.6141,6.5239],[9.6163,6.5239],[9.6186,6.5239],[9.6208,6.5239],[9.6231,6.5239],[9.6253,6.5239],[9.6253,6.5217],[9.6276,6.5217],[9.6298,6.5194],[9.632,6.5194],[9.6343,6.5194],[9.6365,6.5217],[9.641,6.5217],[9.6433,6.5217],[9.6455,6.5217],[9.6478,6.5217],[9.6478,6.5239],[9.65,6.5239],[9.65,6.5262],[9.65,6.5284],[9.65,6.5307],[9.6523,6.5284],[9.6545,6.5262],[9.6545,6.5239],[9.6545,6.5217],[9.6567,6.5217],[9.6567,6.5194],[9.659,6.5194],[9.6612,6.5194],[9.6612,6.5172],[9.6612,6.5149],[9.6635,6.5127],[9.6635,6.5104],[9.6657,6.5104],[9.668,6.5104],[9.6702,6.5104],[9.6725,6.5104],[9.6725,6.5127],[9.6747,6.5127],[9.677,6.5127],[9.6792,6.5127],[9.6815,6.5104],[9.6859,6.5127],[9.6882,6.5127],[9.6882,6.5149],[9.6904,6.5149],[9.6927,6.5149],[9.6927,6.5127],[9.6949,6.5104],[9.6972,6.5104],[9.6972,6.5082],[9.6994,6.5082],[9.7039,6.5104],[9.7062,6.5127],[9.7084,6.5172],[9.7084,6.5194],[9.7084,6.5217],[9.7084,6.5239],[9.7084,6.5284],[9.7106,6.5329],[9.7106,6.5374],[9.7129,6.5396],[9.7129,6.5419],[9.7129,6.5441],[9.7129,6.5464],[9.7151,6.5464],[9.7151,6.5486],[9.7151,6.5509],[9.7151,6.5531],[9.7151,6.5554],[9.7174,6.5599],[9.7196,6.5643],[9.7196,6.5666],[9.7196,6.5688],[9.7196,6.5711],[9.7219,6.5733],[9.7219,6.5756],[9.7219,6.5778],[9.7241,6.5846],[9.7264,6.5913],[9.7264,6.5935],[9.7264,6.5958],[9.7286,6.5958],[9.7286,6.598],[9.7309,6.6003],[9.7309,6.6048],[9.7309,6.607],[9.7309,6.6093],[9.7331,6.6115],[9.7331,6.6138],[9.7354,6.6138],[9.7376,6.6205],[9.7398,6.6227],[9.7398,6.625],[9.7398,6.6272],[9.7398,6.6295],[9.7421,6.6317],[9.7421,6.6362],[9.7443,6.6407],[9.7466,6.6452],[9.7443,6.6452],[9.7443,6.6474],[9.7466,6.6497],[9.7488,6.6497],[9.7511,6.6519],[9.7533,6.6542],[9.7533,6.6564],[9.7533,6.6609],[9.7533,6.6632],[9.7533,6.6654],[9.7533,6.6676],[9.7533,6.6699],[9.7533,6.6721],[9.7533,6.6744],[9.7511,6.6766],[9.7511,6.6789],[9.7533,6.6789],[9.7556,6.6789],[9.7601,6.6789],[9.7623,6.6789],[9.7645,6.6789],[9.7668,6.6856],[9.7645,6.6901],[9.7645,6.6924],[9.7623,6.6924],[9.7601,6.6924],[9.7578,6.6946],[9.7556,6.6946],[9.7578,6.6968],[9.7578,6.6991],[9.7601,6.6991],[9.7601,6.7013],[9.7601,6.7036],[9.7601,6.7058],[9.7623,6.7081],[9.7623,6.7103],[9.7623,6.7126],[9.7601,6.7148],[9.7601,6.7171],[9.7623,6.7193],[9.7645,6.7238],[9.7645,6.7305],[9.7668,6.7305],[9.7668,6.7328],[9.7645,6.735],[9.7645,6.7373],[9.7645,6.7395],[9.7668,6.7395],[9.7668,6.7418],[9.769,6.7485],[9.769,6.7507],[9.769,6.753],[9.769,6.7552],[9.769,6.7575],[9.7668,6.7575],[9.7645,6.7575],[9.7645,6.7597],[9.7645,6.762],[9.7668,6.762],[9.769,6.7665],[9.7713,6.7665],[9.7713,6.7687],[9.7713,6.771],[9.7713,6.7754],[9.7735,6.7799],[9.7735,6.7822],[9.7735,6.7844],[9.7758,6.7889],[9.778,6.7934],[9.7803,6.7957],[9.7803,6.7934],[9.7825,6.7934],[9.7825,6.7912],[9.7848,6.7912],[9.7848,6.7889],[9.787,6.7889],[9.7892,6.7889],[9.7915,6.7889],[9.7937,6.7889],[9.7937,6.7867],[9.7982,6.7844],[9.8005,6.7844],[9.8027,6.7844],[9.8027,6.7867],[9.8027,6.7889],[9.805,6.7889],[9.805,6.7912],[9.8072,6.7912],[9.8072,6.7889],[9.8095,6.7867],[9.8117,6.7844],[9.814,6.7822],[9.8162,6.7822],[9.8184,6.7822],[9.8252,6.7822],[9.8297,6.7822],[9.8364,6.7822],[9.8409,6.7799],[9.8454,6.7799],[9.8499,6.7799],[9.8521,6.7799],[9.8589,6.7777],[9.8611,6.7777],[9.8634,6.7732],[9.8656,6.771],[9.8679,6.7732],[9.8723,6.7777],[9.8881,6.7934],[9.8903,6.7979],[9.8926,6.8001],[9.897,6.8046],[9.9038,6.8114],[9.9083,6.8159],[9.915,6.8204],[9.9195,6.8249],[9.9262,6.8293],[9.9262,6.8316],[9.9285,6.8316],[9.9307,6.8338],[9.9352,6.8383],[9.9397,6.8428],[9.9397,6.8451],[9.9442,6.8496],[9.9509,6.8563],[9.9554,6.8608],[9.9599,6.8675],[9.9667,6.872],[9.9712,6.8765],[9.9779,6.8832],[9.9846,6.8877],[9.9891,6.8945],[9.9959,6.899],[10.0026,6.9012],[10.0071,6.9012],[10.0138,6.9035],[10.0183,6.9079],[10.0228,6.9147],[10.0273,6.9192],[10.034,6.9259],[10.0408,6.9304],[10.0453,6.9371],[10.0475,6.9394],[10.0498,6.9394],[10.0655,6.9551],[10.07,6.9596],[10.0745,6.9663],[10.0767,6.9663],[10.0812,6.9708],[10.0857,6.9753],[10.0902,6.9821],[10.0969,6.9865],[10.1014,6.991],[10.1059,6.9955],[10.1171,7.0068],[10.1239,7.0112],[10.1306,7.018],[10.1351,7.0225],[10.1396,7.0247],[10.1463,7.0337],[10.1508,7.036],[10.1508,7.0382],[10.1531,7.0382],[10.1553,7.0382],[10.1598,7.0382],[10.162,7.0382],[10.162,7.036],[10.162,7.0337],[10.162,7.0292],[10.1598,7.0247],[10.1576,7.0225],[10.1576,7.0202],[10.1598,7.0202],[10.171,7.0157],[10.1733,7.0157],[10.1755,7.0157],[10.1755,7.0135],[10.1755,7.0112],[10.1733,7.0112],[10.171,7.009],[10.1688,7.0068],[10.1665,7.0023],[10.1665,7.0],[10.1688,6.9955],[10.1688,6.991],[10.1733,6.9865],[10.1755,6.9865],[10.1778,6.9865],[10.18,6.9865],[10.18,6.9843],[10.1778,6.9843],[10.1778,6.9821],[10.1778,6.9798],[10.1778,6.9776],[10.1778,6.9731],[10.1778,6.9708],[10.18,6.9686],[10.18,6.9596],[10.1778,6.9529],[10.1733,6.9439],[10.1733,6.9416],[10.1778,6.9349],[10.1845,6.9282],[10.189,6.9214],[10.1957,6.9124],[10.2002,6.9057],[10.207,6.899],[10.2115,6.8922],[10.2159,6.8855],[10.2249,6.8855],[10.2339,6.8855],[10.2429,6.8832],[10.2519,6.8832],[10.2609,6.8832],[10.2698,6.8832],[10.2788,6.8832],[10.2878,6.881],[10.2968,6.881],[10.3058,6.881],[10.3148,6.881],[10.3237,6.881],[10.3327,6.8787],[10.3417,6.8787],[10.3507,6.8787],[10.3597,6.8787],[10.3687,6.8787],[10.3776,6.8765],[10.3866,6.8765],[10.3956,6.8765],[10.4046,6.8765],[10.4136,6.8765],[10.4203,6.8765],[10.4226,6.8765],[10.4226,6.8743],[10.427,6.8743],[10.4315,6.8743],[10.4405,6.8743],[10.4495,6.8743],[10.4585,6.8743],[10.4675,6.8743],[10.4765,6.872],[10.4854,6.872],[10.4944,6.872],[10.4944,6.8765],[10.4922,6.881],[10.4922,6.8855],[10.4922,6.89],[10.4899,6.8922],[10.4922,6.8967],[10.4922,6.9035],[10.4922,6.9079],[10.4944,6.9102],[10.4944,6.9124],[10.4944,6.9147],[10.4967,6.9147],[10.4967,6.9169],[10.4989,6.9169],[10.4989,6.9147],[10.5012,6.9147],[10.5012,6.9169],[10.5034,6.9169],[10.5056,6.9192],[10.5124,6.9214],[10.5169,6.9237],[10.5191,6.9237],[10.5214,6.9237],[10.5236,6.9237],[10.5259,6.9237],[10.5303,6.9259],[10.5303,6.9282],[10.5303,6.9304],[10.5326,6.9326],[10.5348,6.9371],[10.5348,6.9394],[10.5371,6.9394],[10.5393,6.9394],[10.5393,6.9371],[10.5416,6.9371],[10.5416,6.9394],[10.5416,6.9416],[10.5416,6.9439],[10.5416,6.9574],[10.5416,6.9596],[10.5438,6.9686],[10.5461,6.9731],[10.5483,6.9731],[10.5506,6.9753],[10.5506,6.9776],[10.5528,6.9776],[10.5528,6.9798],[10.5528,6.9865],[10.5528,6.9888],[10.5528,6.9933],[10.5551,6.9955],[10.5573,7.0045],[10.5551,7.0045],[10.5551,7.0068],[10.5551,7.0135],[10.5551,7.0157],[10.5573,7.018],[10.5595,7.0292],[10.5595,7.036],[10.5595,7.0382],[10.5595,7.0404],[10.5573,7.0427],[10.5573,7.0472],[10.5573,7.0539],[10.5595,7.0562],[10.5595,7.0607],[10.5595,7.0651],[10.5595,7.0674],[10.5595,7.0696],[10.5595,7.0764],[10.5595,7.0831],[10.5595,7.0854],[10.5618,7.0854],[10.5618,7.0876],[10.564,7.0876],[10.5618,7.0899],[10.5618,7.0921],[10.5618,7.0943],[10.564,7.0966],[10.564,7.1011],[10.564,7.1033],[10.564,7.1123],[10.564,7.119],[10.564,7.1213],[10.5663,7.1235],[10.5663,7.128],[10.5663,7.1348],[10.5663,7.1393],[10.5663,7.1415],[10.5663,7.1437],[10.5663,7.146],[10.5663,7.1482],[10.5663,7.1505],[10.5663,7.1527],[10.5685,7.155],[10.5685,7.1572],[10.5708,7.1595],[10.5708,7.1617],[10.5775,7.1595],[10.5798,7.1572],[10.582,7.1572],[10.582,7.155],[10.5842,7.1527],[10.5842,7.1505],[10.5865,7.1482],[10.5887,7.1482],[10.591,7.1482],[10.5932,7.1482],[10.5955,7.1482],[10.5955,7.146],[10.5977,7.1393],[10.6,7.1393],[10.6,7.1325],[10.6,7.1303],[10.6,7.128],[10.6,7.1258],[10.6,7.1235],[10.6,7.1213],[10.6,7.119],[10.6,7.1168],[10.6,7.1146],[10.6022,7.1123],[10.6045,7.1101],[10.6045,7.1078],[10.6067,7.1056],[10.6045,7.1056],[10.6045,7.1033],[10.6045,7.1011],[10.6045,7.0988],[10.6045,7.0966],[10.6045,7.0943],[10.6022,7.0943],[10.6022,7.0921],[10.6022,7.0899],[10.6022,7.0876],[10.6,7.0876],[10.6,7.0854],[10.5977,7.0854],[10.5977,7.0831],[10.5955,7.0786],[10.5955,7.0764],[10.5977,7.0764],[10.5977,7.0741],[10.6,7.0741],[10.6022,7.0719],[10.6045,7.0719],[10.6045,7.0696],[10.6067,7.0674],[10.609,7.0629],[10.6112,7.0629],[10.6157,7.0562],[10.6247,7.0494],[10.6269,7.0494],[10.6292,7.0494],[10.6314,7.0494],[10.6337,7.0472],[10.6359,7.0472],[10.6381,7.0472],[10.6404,7.0472],[10.6426,7.0472],[10.6426,7.0449],[10.6449,7.0449],[10.6471,7.0449],[10.6516,7.0427],[10.6539,7.0427],[10.6539,7.0449],[10.6561,7.0449],[10.6561,7.0472],[10.6561,7.0494],[10.6561,7.0517],[10.6584,7.0517],[10.6651,7.0472],[10.6718,7.0427],[10.6786,7.0404],[10.6786,7.0382],[10.6808,7.0382],[10.6808,7.036],[10.6786,7.0292],[10.6786,7.0247],[10.6786,7.0225],[10.6808,7.0225],[10.6831,7.0225],[10.6831,7.0202],[10.6831,7.018],[10.6831,7.0157],[10.6853,7.0157],[10.6876,7.0157],[10.6898,7.0157],[10.692,7.0157],[10.6988,7.0135],[10.701,7.0135],[10.7033,7.009],[10.7033,7.0068],[10.7055,7.0068],[10.7055,7.0045],[10.7078,7.0],[10.7078,6.9978],[10.71,6.9978],[10.7145,6.9955],[10.7167,6.9933],[10.7167,6.991],[10.719,6.991],[10.719,6.9888],[10.7212,6.9888],[10.728,6.9888],[10.7302,6.9888],[10.7325,6.991],[10.7347,6.991],[10.7392,6.9888],[10.7392,6.9865],[10.7392,6.9843],[10.7437,6.9798],[10.7459,6.9776],[10.7482,6.9753],[10.7482,6.9731],[10.7459,6.9708],[10.7482,6.9708],[10.7482,6.9686],[10.7504,6.9686],[10.7527,6.9663],[10.7549,6.9663],[10.7572,6.9641],[10.7594,6.9641],[10.7594,6.9618],[10.7617,6.9596],[10.7617,6.9574],[10.7639,6.9551],[10.7662,6.9551],[10.7684,6.9574],[10.7684,6.9596],[10.7706,6.9618],[10.7706,6.9641],[10.7751,6.9663],[10.7774,6.9663],[10.7796,6.9663],[10.7841,6.9663],[10.7841,6.9641],[10.7864,6.9641],[10.7864,6.9618],[10.7886,6.9596],[10.7909,6.9596],[10.7953,6.9618],[10.7976,6.9618],[10.7998,6.9618],[10.7998,6.9596],[10.8021,6.9574],[10.8066,6.9529],[10.8088,6.9506],[10.8111,6.9484],[10.8133,6.9484],[10.8156,6.9484],[10.8178,6.9461],[10.8201,6.9461],[10.8223,6.9461],[10.8268,6.9439],[10.8335,6.9394],[10.8358,6.9394],[10.838,6.9394],[10.838,6.9371],[10.8403,6.9326],[10.8403,6.9304],[10.8403,6.9259],[10.8403,6.9237],[10.8403,6.9214],[10.838,6.9214],[10.8358,6.9192],[10.8358,6.9169],[10.8358,6.9147],[10.8335,6.9079],[10.8313,6.9012],[10.8313,6.899],[10.8268,6.8922],[10.8268,6.89],[10.8245,6.8877],[10.8245,6.8855],[10.8245,6.8832],[10.8245,6.881],[10.8223,6.8787],[10.8223,6.8765],[10.8201,6.8743],[10.8201,6.872],[10.8223,6.8698],[10.8223,6.8675],[10.8223,6.8653],[10.8201,6.8653],[10.8178,6.8653],[10.8178,6.863],[10.8133,6.8563],[10.8133,6.854],[10.8156,6.854],[10.8156,6.8518],[10.8178,6.8518],[10.8201,6.8518],[10.8201,6.8496],[10.8178,6.8473],[10.8156,6.8451],[10.8156,6.8428],[10.8178,6.8428],[10.8201,6.8406],[10.8201,6.8383],[10.8223,6.8338],[10.8223,6.8316],[10.8223,6.8293],[10.8245,6.8293],[10.8245,6.8271],[10.8268,6.8271],[10.829,6.8226],[10.8335,6.8159],[10.8358,6.8159],[10.8358,6.8136],[10.838,6.8114],[10.8403,6.8114],[10.847,6.8091],[10.8492,6.8069],[10.8515,6.8091],[10.8537,6.8091],[10.856,6.8091],[10.8582,6.8069],[10.8605,6.8046],[10.8627,6.8046],[10.8627,6.8024],[10.865,6.8024],[10.8672,6.8024],[10.8695,6.8001],[10.8717,6.8001],[10.8762,6.7957],[10.8829,6.7844],[10.8852,6.7799],[10.8852,6.7777],[10.8852,6.7754],[10.8852,6.7732],[10.8874,6.771],[10.8919,6.7665],[10.8964,6.762],[10.8987,6.762],[10.8987,6.7642],[10.9009,6.7642],[10.9009,6.7665],[10.9009,6.7687],[10.9009,6.771],[10.9009,6.7732],[10.9031,6.7732],[10.9031,6.771],[10.9099,6.7665],[10.9121,6.7642],[10.9144,6.7575],[10.9144,6.753],[10.9121,6.7485],[10.9121,6.7463],[10.9121,6.744],[10.9099,6.7395],[10.9121,6.7373],[10.9121,6.735],[10.9121,6.7305],[10.9121,6.7283],[10.9121,6.726],[10.9121,6.7238],[10.9121,6.7215],[10.9144,6.7215],[10.9144,6.7193],[10.9166,6.7103],[10.9166,6.7081],[10.9189,6.7081],[10.9211,6.7058],[10.9256,6.7036],[10.9278,6.7036],[10.9278,6.7013],[10.9301,6.6991],[10.9323,6.6991],[10.9323,6.6968],[10.9391,6.6924],[10.9413,6.6924],[10.9413,6.6901],[10.9458,6.6879],[10.9481,6.6879],[10.9481,6.6901],[10.9481,6.6924],[10.9481,6.6946],[10.9503,6.6946],[10.9526,6.6924],[10.957,6.6924],[10.9593,6.6924],[10.9615,6.6924],[10.9638,6.6901],[10.966,6.6901],[10.966,6.6879],[10.9705,6.6879],[10.9728,6.6901],[10.975,6.6901],[10.975,6.6924],[10.9773,6.6901],[10.9795,6.6901],[10.9862,6.6879],[10.9862,6.6856],[10.9907,6.6879],[10.993,6.6879],[10.9975,6.6901],[10.9997,6.6924],[11.002,6.6924],[11.0042,6.6924],[11.0064,6.6946],[11.0087,6.6968],[11.0154,6.7013],[11.0177,6.7036],[11.0177,6.7058],[11.0199,6.7058],[11.0199,6.7081],[11.0222,6.7103],[11.0289,6.7148],[11.0334,6.7126],[11.0356,6.7126],[11.0356,6.7103],[11.0379,6.7103],[11.0401,6.7103],[11.0424,6.7103],[11.0446,6.7103],[11.0469,6.7081],[11.0491,6.7081],[11.0514,6.7081],[11.0536,6.7081],[11.0536,6.7103],[11.0536,6.7126],[11.0536,6.7148],[11.0559,6.7148],[11.0581,6.7148],[11.0603,6.7126],[11.0671,6.7081],[11.0693,6.7058],[11.0716,6.7036],[11.0738,6.6991],[11.0783,6.6946],[11.0828,6.6901],[11.0873,6.6856],[11.0895,6.6834],[11.0918,6.6811],[11.094,6.6811],[11.094,6.6789],[11.0963,6.6721],[11.0963,6.6699],[11.094,6.6676],[11.0918,6.6587],[11.0918,6.6542],[11.0918,6.6497],[11.0918,6.6429],[11.0918,6.6362],[11.0918,6.634],[11.0918,6.6227],[11.0918,6.6138],[11.0918,6.6115],[11.094,6.6048],[11.094,6.598],[11.094,6.5958],[11.094,6.5935],[11.0963,6.5913],[11.0963,6.5868],[11.0963,6.5823],[11.0963,6.5801],[11.094,6.5756],[11.094,6.5733],[11.094,6.5711],[11.094,6.5688],[11.0963,6.5666],[11.0963,6.5576],[11.0963,6.5509],[11.0963,6.5486],[11.0963,6.5374],[11.0963,6.5329],[11.0963,6.5307],[11.0963,6.5239],[11.0985,6.5194],[11.1008,6.5194],[11.103,6.5194],[11.1075,6.5172],[11.1098,6.5172],[11.112,6.5149],[11.1165,6.5149],[11.1232,6.5172],[11.1255,6.5194],[11.1277,6.5217],[11.1277,6.5239],[11.13,6.5284],[11.1322,6.5284],[11.1345,6.5307],[11.1367,6.5307],[11.1389,6.5307],[11.1389,6.5284],[11.1389,6.5262],[11.1389,6.5217],[11.1389,6.5194],[11.1389,6.5172],[11.1389,6.5127],[11.1389,6.5104],[11.1412,6.5082],[11.1434,6.506],[11.1457,6.506],[11.1479,6.5037],[11.1502,6.5037],[11.1569,6.5037],[11.1614,6.5015],[11.1681,6.4992],[11.1681,6.5037],[11.1726,6.5037],[11.1749,6.5037],[11.1794,6.506],[11.1839,6.5082],[11.1861,6.5082],[11.1884,6.5082],[11.1973,6.5104],[11.1996,6.5127],[11.1996,6.5149],[11.1996,6.5172],[11.1973,6.5194],[11.1973,6.5217],[11.1973,6.5239],[11.1973,6.5262],[11.1973,6.5284],[11.1951,6.5284],[11.1951,6.5307],[11.1951,6.5329],[11.1951,6.5351],[11.1951,6.5374],[11.1973,6.5374],[11.1996,6.5374],[11.2086,6.5351],[11.2108,6.5351],[11.2108,6.5374],[11.2131,6.5374],[11.2153,6.5374],[11.2175,6.5374],[11.222,6.5374],[11.2243,6.5351],[11.2243,6.5329],[11.2288,6.5329],[11.231,6.5329],[11.2355,6.5329],[11.2378,6.5307],[11.24,6.5307],[11.2467,6.5262],[11.249,6.5262],[11.249,6.5284],[11.2512,6.5284],[11.2535,6.5284],[11.2557,6.5284],[11.258,6.5284],[11.2602,6.5307],[11.2625,6.5329],[11.2647,6.5351],[11.2714,6.5374],[11.2782,6.5374],[11.2804,6.5374],[11.2827,6.5374],[11.2827,6.5351],[11.2827,6.5329],[11.2849,6.5329],[11.2849,6.5307],[11.2872,6.5307],[11.2894,6.5307],[11.2917,6.5307],[11.2939,6.5284],[11.2962,6.5284],[11.2984,6.5262],[11.3029,6.5217],[11.3051,6.5217],[11.3074,6.5172],[11.3096,6.5172],[11.3096,6.5149],[11.3119,6.5104],[11.3164,6.506],[11.3186,6.506],[11.3209,6.506],[11.3231,6.506],[11.3253,6.506],[11.3276,6.506],[11.3276,6.5037],[11.3298,6.5037],[11.3321,6.5037],[11.3343,6.506],[11.3343,6.5082],[11.3366,6.5082],[11.3388,6.5082],[11.3388,6.506],[11.3411,6.506],[11.3411,6.5037],[11.3411,6.5015],[11.3433,6.5015],[11.3456,6.5015],[11.35,6.4992],[11.3545,6.5015],[11.359,6.5015],[11.359,6.5037],[11.3568,6.506],[11.3545,6.5104],[11.3523,6.5104],[11.35,6.5104],[11.35,6.5127],[11.35,6.5149],[11.3523,6.5172],[11.3545,6.5239],[11.3568,6.5262],[11.3568,6.5239],[11.359,6.5239],[11.3613,6.5239],[11.3635,6.5239],[11.3635,6.5262],[11.3658,6.5262],[11.368,6.5262],[11.3703,6.5262],[11.3703,6.5239],[11.3725,6.5239],[11.377,6.5239],[11.3792,6.5239],[11.3815,6.5239],[11.3815,6.5262],[11.386,6.5284],[11.3882,6.5284],[11.3927,6.5307],[11.395,6.5307],[11.3995,6.5307],[11.3995,6.5284],[11.4017,6.5284],[11.4084,6.5307],[11.4107,6.5307],[11.4107,6.5329],[11.4129,6.5329],[11.4174,6.5307],[11.4242,6.5307],[11.4264,6.5307],[11.4264,6.5329],[11.4287,6.5329],[11.4264,6.5351],[11.4242,6.5351],[11.4219,6.5351],[11.4197,6.5351],[11.4197,6.5374],[11.4174,6.5374],[11.4174,6.5396],[11.4174,6.5419],[11.4197,6.5419],[11.4219,6.5419],[11.4242,6.5441],[11.4309,6.5441],[11.4309,6.5464],[11.4331,6.5464],[11.4331,6.5486],[11.4331,6.5531],[11.4331,6.5554],[11.4309,6.5554],[11.4287,6.5554],[11.4287,6.5576],[11.4287,6.5599],[11.4287,6.5643],[11.4287,6.5666],[11.4264,6.5711],[11.4264,6.5733],[11.4264,6.5778],[11.4242,6.5846],[11.4219,6.5868],[11.4197,6.5868],[11.4174,6.5868],[11.4174,6.589],[11.4152,6.589],[11.4152,6.5913],[11.4129,6.5913],[11.4129,6.5958],[11.4129,6.598],[11.4152,6.598],[11.4174,6.598],[11.4197,6.598],[11.4219,6.598],[11.4242,6.598],[11.4242,6.6003],[11.4264,6.6025],[11.4287,6.6025],[11.4309,6.6025],[11.4309,6.6003],[11.4331,6.6003],[11.4354,6.6003],[11.4376,6.6025],[11.4399,6.6025],[11.4421,6.6025],[11.4444,6.6025],[11.4444,6.6003],[11.4466,6.6003],[11.4489,6.6003],[11.4511,6.6025],[11.4511,6.6048],[11.4601,6.6115],[11.4623,6.6115],[11.4646,6.6093],[11.4668,6.607],[11.4691,6.6048],[11.4713,6.6048],[11.4713,6.6025],[11.4736,6.6025],[11.4758,6.6025],[11.4758,6.6048],[11.4781,6.6048],[11.4781,6.6025],[11.4803,6.6025],[11.4825,6.6003],[11.4825,6.598],[11.4848,6.598],[11.496,6.6003],[11.496,6.6025],[11.4983,6.6025],[11.5005,6.6048],[11.5028,6.6093],[11.505,6.6093],[11.5073,6.6115],[11.5073,6.6138],[11.5117,6.6182],[11.5162,6.625],[11.5185,6.6272],[11.5185,6.6295],[11.5207,6.6317],[11.5207,6.634],[11.523,6.634],[11.523,6.6362],[11.5252,6.6362],[11.523,6.6385],[11.523,6.6407],[11.523,6.6429],[11.5252,6.6452],[11.5275,6.6452],[11.5297,6.6452],[11.5342,6.6474],[11.5342,6.6497],[11.5342,6.6519],[11.532,6.6519],[11.532,6.6542],[11.532,6.6564],[11.5342,6.6564],[11.5409,6.6609],[11.5432,6.6609],[11.5454,6.6632],[11.5477,6.6632],[11.5499,6.6632],[11.5522,6.6632],[11.5544,6.6654],[11.5544,6.6676],[11.5544,6.6699],[11.5522,6.6721],[11.5499,6.6721],[11.5499,6.6744],[11.5477,6.6766],[11.5477,6.6789],[11.5499,6.6789],[11.5499,6.6811],[11.5522,6.6811],[11.5522,6.6834],[11.5522,6.6856],[11.5522,6.6879],[11.5499,6.6879],[11.5499,6.6901],[11.5477,6.6901],[11.5477,6.6924],[11.5477,6.6946],[11.5454,6.7013],[11.5477,6.7036],[11.5499,6.7058],[11.5499,6.7126],[11.5499,6.7148],[11.5522,6.7171],[11.5544,6.7215],[11.5567,6.7215],[11.5567,6.7238],[11.5589,6.7238],[11.5612,6.7238],[11.5634,6.7238],[11.5656,6.7238],[11.5679,6.7238],[11.5701,6.726],[11.5701,6.7283],[11.5701,6.7305],[11.5724,6.7305],[11.5724,6.7328],[11.5746,6.7328],[11.5769,6.7328],[11.5814,6.7328],[11.5836,6.7328],[11.5836,6.735],[11.5836,6.7373],[11.5859,6.7373],[11.5859,6.7395],[11.5836,6.744],[11.5814,6.7507],[11.5814,6.7552],[11.5791,6.7552],[11.5769,6.7597],[11.5746,6.7642],[11.5724,6.7665],[11.5701,6.771],[11.5701,6.7732],[11.5701,6.7754],[11.5701,6.7799],[11.5701,6.7822],[11.5724,6.7822],[11.5724,6.7844],[11.5746,6.7889],[11.5746,6.7912],[11.5769,6.7912],[11.5791,6.7934],[11.5836,6.7957],[11.5859,6.7957],[11.5881,6.7979],[11.5903,6.7979],[11.5903,6.8001],[11.5903,6.8024],[11.5903,6.8046],[11.5859,6.8091],[11.5859,6.8114],[11.5859,6.8136],[11.5814,6.8159],[11.5791,6.8159],[11.5791,6.8181],[11.5791,6.8204],[11.5791,6.8226],[11.5791,6.8249],[11.5791,6.8271],[11.5814,6.8271],[11.5814,6.8316],[11.5814,6.8338],[11.5791,6.8406],[11.5791,6.8428],[11.5769,6.8428],[11.5746,6.8428],[11.5746,6.8451],[11.5724,6.8451],[11.5724,6.8473],[11.5701,6.8473],[11.5701,6.8496],[11.5679,6.8496],[11.5656,6.8518],[11.5612,6.8518],[11.5612,6.8496],[11.5589,6.8496],[11.5589,6.8518],[11.5567,6.8518],[11.5544,6.8518],[11.5544,6.854],[11.5544,6.8585],[11.5567,6.8653],[11.5589,6.8653],[11.5612,6.8698],[11.5656,6.8743],[11.5656,6.8765],[11.5634,6.8787],[11.5634,6.881],[11.5634,6.8832],[11.5634,6.8855],[11.5656,6.8855],[11.5656,6.8877],[11.5679,6.8877],[11.5679,6.89],[11.5701,6.8922],[11.5724,6.8967],[11.5746,6.899],[11.5769,6.9035],[11.5814,6.9057],[11.5814,6.9079],[11.5836,6.9079],[11.5859,6.9079],[11.5926,6.9057],[11.5948,6.9057],[11.5993,6.9057],[11.5993,6.9079],[11.6038,6.9079],[11.6038,6.9102],[11.6083,6.9124],[11.6083,6.9147],[11.6083,6.9169],[11.6083,6.9192],[11.6083,6.9214],[11.6083,6.9237],[11.6061,6.9237],[11.6061,6.9259],[11.6038,6.9304],[11.6038,6.9326],[11.6038,6.9349],[11.6061,6.9371],[11.6106,6.9416],[11.615,6.9416],[11.615,6.9439],[11.6195,6.9461],[11.6218,6.9484],[11.624,6.9506],[11.624,6.9529],[11.624,6.9551],[11.6218,6.9596],[11.6218,6.9708],[11.6218,6.9731],[11.624,6.9776],[11.624,6.9798],[11.6308,6.9888],[11.6353,6.9888],[11.6487,6.9888],[11.651,6.9888],[11.6532,6.9888],[11.6555,6.9888],[11.6555,6.9865],[11.6577,6.9865],[11.6577,6.9888],[11.66,6.9888],[11.66,6.991],[11.6577,6.991],[11.6577,6.9933],[11.6577,6.9955],[11.6577,6.9978],[11.66,6.9978],[11.6622,6.9978],[11.6645,6.9978],[11.6689,6.9978],[11.6689,7.0],[11.6712,7.0],[11.6712,7.0023],[11.6712,7.0045],[11.6734,7.0045],[11.6757,7.0045],[11.6779,7.0045],[11.6779,7.0068],[11.6802,7.0068],[11.6802,7.009],[11.6802,7.0112],[11.6802,7.0135],[11.6779,7.0135],[11.6779,7.0157],[11.6802,7.0157],[11.6869,7.0225],[11.6959,7.027],[11.7004,7.027],[11.7026,7.0292],[11.7071,7.0315],[11.7094,7.0315],[11.7094,7.0337],[11.7116,7.0315],[11.7139,7.0315],[11.7139,7.0337],[11.7139,7.036],[11.7139,7.0382],[11.7116,7.0382],[11.7116,7.0404],[11.7139,7.0427],[11.7184,7.0449],[11.7184,7.0472],[11.7228,7.0494],[11.7296,7.0494],[11.7318,7.0494],[11.7341,7.0494],[11.7363,7.0494],[11.7386,7.0494],[11.7408,7.0494],[11.7431,7.0472],[11.7453,7.0472],[11.7475,7.0472],[11.7498,7.0472],[11.752,7.0472],[11.7543,7.0472],[11.7565,7.0449],[11.7588,7.0449],[11.7633,7.0427],[11.7655,7.0427],[11.7678,7.0427],[11.77,7.0427],[11.7723,7.0427],[11.7745,7.0427],[11.779,7.0449],[11.779,7.0472],[11.7857,7.0607],[11.7857,7.0629],[11.7857,7.0651],[11.7857,7.0674],[11.788,7.0674],[11.788,7.0696],[11.7902,7.0696],[11.7925,7.0696],[11.7947,7.0719],[11.797,7.0719],[11.7992,7.0764],[11.8014,7.0786],[11.8014,7.0809],[11.8037,7.0809],[11.8037,7.0831],[11.8082,7.0809],[11.8104,7.0809],[11.8104,7.0786],[11.8127,7.0786],[11.8127,7.0764],[11.8194,7.0741],[11.8239,7.0696],[11.8261,7.0674],[11.8284,7.0674],[11.8329,7.0741],[11.8329,7.0764],[11.8329,7.0786],[11.8306,7.0786],[11.8306,7.0809],[11.8329,7.0831],[11.8351,7.0854],[11.8374,7.0876],[11.8396,7.0854],[11.8419,7.0854],[11.8441,7.0854],[11.8441,7.0876],[11.8464,7.0876],[11.8486,7.0876],[11.8486,7.0854],[11.8486,7.0831],[11.8486,7.0809],[11.8509,7.0809],[11.8531,7.0809],[11.8553,7.0809],[11.8576,7.0809],[11.8598,7.0809],[11.8621,7.0786],[11.8621,7.0764],[11.8666,7.0764],[11.8666,7.0786],[11.8688,7.0854],[11.8688,7.0876],[11.8688,7.0899],[11.8688,7.0921],[11.8711,7.0943],[11.8733,7.0943],[11.8756,7.0966],[11.8778,7.0966],[11.8778,7.0988],[11.88,7.0988],[11.88,7.1011],[11.8778,7.1011],[11.8778,7.1033],[11.88,7.1056],[11.88,7.1078],[11.88,7.1101],[11.88,7.1123],[11.8778,7.1123],[11.8733,7.1168],[11.8733,7.119],[11.8711,7.1213],[11.8711,7.1235],[11.8711,7.1258],[11.8688,7.1258],[11.8666,7.1258],[11.8666,7.128],[11.8643,7.1303],[11.8621,7.1393],[11.8598,7.1415],[11.8598,7.1437],[11.8621,7.1505],[11.8621,7.1527],[11.8643,7.1527],[11.8643,7.155],[11.8643,7.1572],[11.8643,7.1595],[11.8621,7.1595],[11.8621,7.1617],[11.8598,7.1617],[11.8576,7.1662],[11.8576,7.1685],[11.8576,7.1729],[11.8598,7.1752],[11.8598,7.1774],[11.8621,7.1774],[11.8643,7.1797],[11.8643,7.1819],[11.8643,7.1842],[11.8643,7.1864],[11.8621,7.1864],[11.8621,7.1887],[11.8598,7.1887],[11.8576,7.1909],[11.8553,7.1909],[11.8553,7.1932],[11.8576,7.1999],[11.8576,7.2021],[11.8598,7.2021],[11.8598,7.2044],[11.8598,7.2066],[11.8576,7.2089],[11.8576,7.2156],[11.8598,7.2179],[11.8643,7.2179],[11.8643,7.2201],[11.8666,7.2201],[11.8666,7.2224],[11.8666,7.2291],[11.8688,7.2336],[11.8711,7.2358],[11.8733,7.2381],[11.8756,7.2381],[11.88,7.2426],[11.88,7.2448],[11.8823,7.2448],[11.8823,7.2471],[11.88,7.2471],[11.88,7.2493],[11.8778,7.2493],[11.8733,7.2493],[11.8711,7.2493],[11.8643,7.2515],[11.8621,7.2515],[11.8598,7.2515],[11.8576,7.2515],[11.8576,7.2538],[11.8553,7.2538],[11.8531,7.2538],[11.8509,7.2538],[11.8486,7.2538],[11.8464,7.2538],[11.8441,7.2605],[11.8419,7.2673],[11.8419,7.2695],[11.8441,7.2718],[11.8464,7.274],[11.8509,7.2762],[11.8531,7.2762],[11.8553,7.2785],[11.8576,7.2852],[11.8576,7.2875],[11.8598,7.292],[11.8598,7.2942],[11.8621,7.2987],[11.8643,7.2987],[11.8643,7.301],[11.8688,7.3054],[11.8711,7.3077],[11.8733,7.3077],[11.8733,7.3099],[11.8778,7.3167],[11.8823,7.3234],[11.8868,7.3301],[11.889,7.3324],[11.8913,7.3369],[11.8935,7.3414],[11.8958,7.3436],[11.9003,7.3504],[11.9048,7.3593],[11.9092,7.3661],[11.9137,7.3706],[11.9137,7.3728],[11.9182,7.3796],[11.9227,7.384],[11.9227,7.3863],[11.925,7.3908],[11.925,7.393],[11.9272,7.393],[11.9272,7.3953],[11.9272,7.3998],[11.9272,7.4043],[11.9272,7.4087],[11.9272,7.4155],[11.9272,7.42],[11.9272,7.4222],[11.925,7.4222],[11.925,7.4245],[11.925,7.4267],[11.9272,7.429],[11.9317,7.4357],[11.9317,7.4379],[11.9295,7.4402],[11.925,7.4447],[11.9227,7.4469],[11.9205,7.4469],[11.9182,7.4469],[11.916,7.4514],[11.916,7.4537],[11.9137,7.4626],[11.9137,7.4649],[11.9137,7.4671],[11.916,7.4671],[11.9182,7.4694],[11.9205,7.4716],[11.9227,7.4739],[11.9227,7.4761],[11.9227,7.4784],[11.925,7.4784],[11.9317,7.4851],[11.9339,7.4873],[11.9362,7.4873],[11.9407,7.4873],[11.9429,7.4873],[11.9474,7.4873],[11.9497,7.4873],[11.9542,7.4873],[11.9564,7.4873],[11.9586,7.4873],[11.9586,7.4896],[11.9586,7.4918],[11.9609,7.4941],[11.9631,7.4941],[11.9631,7.4963],[11.9654,7.4963],[11.9676,7.4963],[11.9699,7.4986],[11.9699,7.5008],[11.9721,7.5008],[11.9766,7.5053],[11.9789,7.5053],[11.9856,7.5076],[11.9878,7.5076],[11.9901,7.5076],[11.9901,7.5098],[11.9923,7.5098],[11.9968,7.5098],[11.9991,7.5121],[12.0013,7.5143],[12.0036,7.5143],[12.0081,7.5188],[12.0103,7.521],[12.0103,7.5233],[12.0125,7.5233],[12.017,7.5233],[12.0193,7.5233],[12.0238,7.5278],[12.026,7.5278],[12.0238,7.53],[12.0193,7.5323],[12.017,7.5368],[12.0148,7.5368],[12.0103,7.5457],[12.0103,7.548],[12.0103,7.5502],[12.0125,7.5547],[12.0125,7.5592],[12.0081,7.5592],[12.0058,7.5615],[12.0058,7.5637],[12.0081,7.5637],[12.0081,7.566],[12.0103,7.566],[12.0103,7.5682],[12.0103,7.5727],[12.0081,7.5727],[12.0081,7.5749],[12.0058,7.5749],[12.0058,7.5794],[12.0036,7.5794],[12.0036,7.5817],[12.0058,7.5817],[12.0058,7.5839],[12.0081,7.5839],[12.0081,7.5862],[12.0103,7.5862],[12.0103,7.5884],[12.0103,7.5907],[12.0125,7.5907],[12.0125,7.5929],[12.0125,7.5951],[12.0081,7.5996],[12.0058,7.6019],[12.0058,7.6041],[12.0081,7.6109],[12.0081,7.6131],[12.0103,7.6131],[12.0103,7.6154],[12.0103,7.6176],[12.0103,7.6198],[12.0081,7.6221],[12.0103,7.6266],[12.0103,7.6288],[12.0125,7.6311],[12.0103,7.6311],[12.0081,7.6333],[12.0058,7.6356],[12.0036,7.6378],[12.0036,7.6401],[12.0036,7.6423],[12.0036,7.6446],[12.0058,7.6446],[12.0058,7.6468],[12.0081,7.6468],[12.0081,7.649],[12.0058,7.649],[12.0058,7.6513],[12.0058,7.6535],[12.0036,7.6558],[12.0036,7.658],[12.0013,7.658],[11.9991,7.6648],[11.9968,7.6648],[11.9968,7.667],[11.9968,7.6737],[11.9991,7.676],[11.9991,7.6782],[12.0013,7.6782],[12.0036,7.6782],[12.0058,7.676],[12.0148,7.6782],[12.017,7.6827],[12.017,7.685],[12.017,7.6872],[12.017,7.6895],[12.0193,7.6962],[12.0215,7.6985],[12.026,7.7029],[12.0283,7.7074],[12.0283,7.7097],[12.0283,7.7119],[12.0305,7.7119],[12.0305,7.7142],[12.0305,7.7164],[12.0328,7.7164],[12.0328,7.7187],[12.035,7.7187],[12.0373,7.7187],[12.0373,7.7209],[12.0395,7.7254],[12.0373,7.7276],[12.0373,7.7299],[12.0395,7.7321],[12.0417,7.7344],[12.0462,7.7344],[12.0507,7.7366],[12.053,7.7366],[12.053,7.7389],[12.0552,7.7434],[12.0552,7.7456],[12.0575,7.7456],[12.0575,7.7479],[12.0597,7.7523],[12.062,7.7546],[12.062,7.7568],[12.062,7.7591],[12.062,7.7613],[12.0597,7.7658],[12.0597,7.7681],[12.0597,7.7726],[12.0642,7.7771],[12.0664,7.7815],[12.0664,7.7838],[12.0687,7.786],[12.0687,7.7883],[12.0687,7.7928],[12.0709,7.795],[12.0732,7.7995],[12.0754,7.7995],[12.0777,7.7995],[12.0822,7.8062],[12.0844,7.8085],[12.0889,7.813],[12.0934,7.8197],[12.0979,7.8265],[12.1046,7.8332],[12.1091,7.8399],[12.1159,7.8444],[12.1203,7.8512],[12.1248,7.8579],[12.1271,7.8601],[12.1316,7.8646],[12.1361,7.8714],[12.1428,7.8781],[12.1473,7.8848],[12.1518,7.8916],[12.154,7.8938],[12.1563,7.8961],[12.1585,7.8983],[12.1585,7.9006],[12.163,7.9028],[12.163,7.9096],[12.1653,7.914],[12.1698,7.9185],[12.1698,7.9208],[12.1698,7.923],[12.172,7.923],[12.172,7.9253],[12.1742,7.9275],[12.1765,7.9275],[12.1765,7.9298],[12.1787,7.9298],[12.181,7.9298],[12.1832,7.9343],[12.1832,7.9365],[12.1855,7.9365],[12.1877,7.9365],[12.19,7.9387],[12.1945,7.941],[12.1945,7.9432],[12.1922,7.9455],[12.1922,7.9477],[12.1922,7.95],[12.1945,7.95],[12.1945,7.9522],[12.1945,7.9545],[12.1922,7.9545],[12.19,7.9567],[12.1922,7.959],[12.1945,7.9612],[12.1989,7.9612],[12.2012,7.9634],[12.2034,7.9657],[12.2057,7.9657],[12.2057,7.9679],[12.2079,7.9702],[12.2079,7.9724],[12.2102,7.9724],[12.2102,7.9747],[12.2102,7.9769],[12.2102,7.9792],[12.2102,7.9814],[12.2124,7.9814],[12.2102,7.9859],[12.2102,7.9882],[12.2079,7.9904],[12.2034,7.9971],[12.2012,7.9994],[12.2012,8.0016],[12.1989,8.0084],[12.1989,8.0106],[12.1989,8.0129],[12.1989,8.0151],[12.1989,8.0196],[12.1989,8.0218],[12.2012,8.0241],[12.1989,8.0263],[12.1989,8.0286],[12.1989,8.0308],[12.1989,8.0331],[12.1989,8.0353],[12.1989,8.0443],[12.1989,8.051],[12.2012,8.0555],[12.2012,8.06],[12.1989,8.0623],[12.1967,8.0668],[12.1967,8.069],[12.1945,8.0712],[12.1945,8.0735],[12.1945,8.078],[12.1922,8.087],[12.1922,8.0892],[12.19,8.0937],[12.19,8.0959],[12.1922,8.1072],[12.1922,8.1094],[12.1922,8.1117],[12.1945,8.1139],[12.1967,8.1162],[12.1967,8.1184],[12.2012,8.1251],[12.2012,8.1274],[12.2034,8.1296],[12.2034,8.1319],[12.2057,8.1319],[12.2079,8.1341],[12.2102,8.1364],[12.2124,8.1386],[12.2169,8.1409],[12.2214,8.1431],[12.2259,8.1431],[12.2281,8.1476],[12.2326,8.1543],[12.2326,8.1588],[12.2349,8.1633],[12.2349,8.1723],[12.2349,8.1746],[12.2349,8.1768],[12.2349,8.1813],[12.2349,8.1858],[12.2349,8.1903],[12.2349,8.1925],[12.2349,8.197],[12.2349,8.1993],[12.2349,8.2082],[12.2371,8.2172],[12.2371,8.2195],[12.2371,8.2217],[12.2371,8.224],[12.2371,8.2329],[12.2371,8.2419],[12.2371,8.2442],[12.2371,8.2464],[12.2371,8.2509],[12.2371,8.2599],[12.2371,8.2689],[12.2394,8.2779],[12.2394,8.2846],[12.2394,8.2868],[12.2394,8.2958],[12.2394,8.3048],[12.2394,8.3071],[12.2394,8.3115],[12.2394,8.3138],[12.2394,8.3183],[12.2394,8.3228],[12.2394,8.3273],[12.2394,8.3318],[12.2416,8.3407],[12.2416,8.343],[12.2416,8.3497],[12.2416,8.3587],[12.2416,8.3677],[12.2439,8.3744],[12.2439,8.3834],[12.2439,8.3857],[12.2461,8.3879],[12.2461,8.3901],[12.2484,8.3924],[12.2484,8.3991],[12.2506,8.4014],[12.2506,8.4104],[12.2528,8.4148],[12.2528,8.4171],[12.2551,8.4216],[12.2573,8.4238],[12.2596,8.4238],[12.2618,8.4261],[12.2618,8.4283],[12.2618,8.4306],[12.2596,8.4328],[12.2596,8.4351],[12.2596,8.4396],[12.2596,8.4418],[12.2596,8.444],[12.2641,8.4463],[12.2663,8.4485],[12.2686,8.4485],[12.2708,8.4485],[12.2753,8.4485],[12.2775,8.4463],[12.2798,8.4463],[12.2843,8.4463],[12.291,8.444],[12.2933,8.4463],[12.2955,8.444],[12.3,8.4418],[12.3022,8.4418],[12.3022,8.4396],[12.3045,8.4328],[12.3067,8.4306],[12.309,8.4283],[12.3112,8.4261],[12.3135,8.4261],[12.3157,8.4261],[12.3202,8.4283],[12.3225,8.4283],[12.3292,8.4283],[12.3314,8.4306],[12.3337,8.4306],[12.3359,8.4306],[12.3382,8.4306],[12.3404,8.4306],[12.3427,8.4306],[12.3449,8.4283],[12.3472,8.4261],[12.3494,8.4261],[12.3561,8.4238],[12.3606,8.4216],[12.3629,8.4216],[12.3651,8.4216],[12.3651,8.4193],[12.3674,8.4216],[12.4056,8.4687],[12.4078,8.4755],[12.4078,8.4777],[12.4033,8.4822],[12.4011,8.4822],[12.4011,8.4845],[12.3988,8.4867],[12.3988,8.489],[12.3966,8.4912],[12.3966,8.4934],[12.3943,8.4934],[12.3943,8.4957],[12.3988,8.5114],[12.3988,8.5137],[12.4011,8.5137],[12.4011,8.5159],[12.4033,8.5159],[12.4056,8.5182],[12.4078,8.5226],[12.4078,8.5249],[12.41,8.5339],[12.41,8.5361],[12.4123,8.5384],[12.4123,8.5406],[12.4145,8.5429],[12.4168,8.5429],[12.419,8.5451],[12.4213,8.5451],[12.428,8.5451],[12.437,8.5451],[12.4392,8.5451],[12.4415,8.5451],[12.4437,8.5473],[12.4437,8.5496],[12.446,8.5518],[12.4527,8.5518],[12.455,8.5518],[12.4572,8.5541],[12.4572,8.5563],[12.455,8.5631],[12.455,8.5676],[12.4527,8.5676],[12.4527,8.5698],[12.4505,8.5698],[12.4482,8.5698],[12.446,8.5698],[12.446,8.5788],[12.446,8.581],[12.446,8.5878],[12.446,8.59],[12.446,8.5945],[12.446,8.5968],[12.446,8.6012],[12.446,8.6035],[12.4437,8.6035],[12.4437,8.6057],[12.4415,8.6057],[12.437,8.6102],[12.4325,8.617],[12.4325,8.6192],[12.4347,8.6215],[12.4347,8.6192],[12.437,8.6192],[12.4392,8.6192],[12.446,8.6192],[12.4482,8.6192],[12.4527,8.6215],[12.455,8.6215],[12.4572,8.6215],[12.4595,8.6215],[12.4617,8.6215],[12.4639,8.6215],[12.4662,8.6237],[12.4662,8.6259],[12.4684,8.6259],[12.4684,8.6282],[12.4707,8.6282],[12.4707,8.6304],[12.4729,8.6304],[12.4752,8.6304],[12.4842,8.6327],[12.4864,8.6349],[12.4909,8.6394],[12.4931,8.6417],[12.4954,8.6417],[12.4976,8.6417],[12.5044,8.6417],[12.5066,8.6417],[12.5111,8.6372],[12.5134,8.6372],[12.5156,8.6349],[12.5178,8.6349],[12.5178,8.6327],[12.5223,8.6304],[12.5246,8.6304],[12.5291,8.6304],[12.5313,8.6304],[12.5336,8.6327],[12.5381,8.6327],[12.5381,8.6304],[12.5403,8.6304],[12.5403,8.6282],[12.5425,8.6282],[12.5425,8.6259],[12.5448,8.6237],[12.547,8.6215],[12.547,8.6192],[12.547,8.617],[12.547,8.6147],[12.547,8.6125],[12.5493,8.6125],[12.5515,8.6125],[12.5538,8.6125],[12.556,8.6125],[12.556,8.6102],[12.5583,8.6102],[12.5583,8.608],[12.5605,8.608],[12.5628,8.608],[12.565,8.608],[12.5672,8.6057],[12.5695,8.6035],[12.574,8.6012],[12.583,8.599],[12.5875,8.599],[12.5897,8.599],[12.592,8.599],[12.592,8.5968],[12.5942,8.5968],[12.5942,8.5945],[12.5942,8.5923],[12.5942,8.59],[12.5964,8.59],[12.5987,8.59],[12.5987,8.5923],[12.6009,8.5945],[12.6032,8.599],[12.6054,8.599],[12.6077,8.599],[12.6099,8.599],[12.6122,8.599],[12.6144,8.599],[12.6167,8.599],[12.6167,8.6012],[12.6189,8.6012],[12.6189,8.6035],[12.6144,8.608],[12.6122,8.608],[12.6099,8.608],[12.6099,8.6057],[12.6077,8.6057],[12.6054,8.6057],[12.6032,8.6057],[12.6032,8.608],[12.6009,8.608],[12.6009,8.6102],[12.6009,8.6125],[12.6032,8.6125],[12.6032,8.6147],[12.6054,8.617],[12.6054,8.6215],[12.6054,8.6237],[12.6054,8.6259],[12.6054,8.6282],[12.6077,8.6327],[12.6077,8.6349],[12.6099,8.6372],[12.6122,8.6394],[12.6144,8.6394],[12.6167,8.6394],[12.6167,8.6372],[12.6189,8.6372],[12.6211,8.6372],[12.6279,8.6372],[12.6301,8.6372],[12.6324,8.6372],[12.6346,8.6394],[12.6346,8.6417],[12.6346,8.6439],[12.6324,8.6439],[12.6324,8.6462],[12.6346,8.6462],[12.6346,8.6484],[12.6369,8.6484],[12.6391,8.6484],[12.6391,8.6462],[12.6414,8.6462],[12.6436,8.6462],[12.6481,8.6484],[12.6503,8.6484],[12.6503,8.6507],[12.6526,8.6529],[12.6548,8.6529],[12.6593,8.6529],[12.6616,8.6529],[12.6638,8.6529],[12.6638,8.6507],[12.6661,8.6507],[12.6683,8.6484],[12.6706,8.6484],[12.6728,8.6484],[12.675,8.6484],[12.6818,8.6507],[12.684,8.6529],[12.6863,8.6529],[12.6863,8.6551],[12.6885,8.6574],[12.6885,8.6596],[12.6885,8.6619],[12.6908,8.6619],[12.693,8.6664],[12.6953,8.6686],[12.6975,8.6686],[12.6997,8.6686],[12.6997,8.6709],[12.702,8.6709],[12.6997,8.6731],[12.6997,8.6754],[12.6975,8.6754],[12.6975,8.6776],[12.6975,8.6798],[12.6997,8.6798],[12.6997,8.6821],[12.702,8.6821],[12.702,8.6843],[12.702,8.6866],[12.7042,8.6866],[12.7042,8.6888],[12.702,8.6888],[12.702,8.6911],[12.7065,8.6978],[12.7087,8.7001],[12.7087,8.7023],[12.711,8.7023],[12.711,8.7045],[12.7087,8.7068],[12.7087,8.709],[12.7065,8.7113],[12.7087,8.718],[12.7087,8.7203],[12.7087,8.7225],[12.711,8.727],[12.711,8.7337],[12.7087,8.736],[12.7087,8.7382],[12.7087,8.7405],[12.711,8.7405],[12.7132,8.7427],[12.7132,8.745],[12.7155,8.7472],[12.7155,8.7517],[12.7155,8.754],[12.7155,8.7562],[12.7155,8.7584],[12.7177,8.7584],[12.72,8.7607],[12.72,8.7629],[12.7222,8.7629],[12.7245,8.7629],[12.7289,8.7629],[12.7312,8.7607],[12.7334,8.7607],[12.7334,8.7584],[12.7357,8.7584],[12.7379,8.7584],[12.7402,8.7584],[12.7424,8.7584],[12.7469,8.7607],[12.7492,8.7629],[12.7514,8.7652],[12.7536,8.7652],[12.7581,8.7629],[12.7581,8.7607],[12.7581,8.7584],[12.7581,8.7562],[12.7604,8.7562],[12.7626,8.754],[12.7626,8.7517],[12.7649,8.7517],[12.7694,8.7517],[12.7761,8.7472],[12.7784,8.7472],[12.7784,8.745],[12.7806,8.745],[12.7828,8.745],[12.7851,8.745],[12.7851,8.7472],[12.7851,8.7495],[12.7873,8.7517],[12.7873,8.754],[12.7873,8.7562],[12.7896,8.7562],[12.7896,8.7584],[12.7918,8.7697],[12.7918,8.7742],[12.7918,8.7764],[12.7918,8.7787],[12.7896,8.7787],[12.7873,8.7787],[12.7873,8.7809],[12.7873,8.7832],[12.7896,8.7876],[12.7918,8.7876],[12.7941,8.7876],[12.7963,8.7876],[12.7986,8.7899],[12.8008,8.7899],[12.8031,8.7921],[12.8031,8.7944],[12.8075,8.7944],[12.8098,8.7966],[12.8098,8.7989],[12.812,8.7989],[12.812,8.8011],[12.812,8.8034],[12.8098,8.8056],[12.8098,8.8101],[12.8098,8.8123],[12.8098,8.8146],[12.8098,8.8168],[12.8098,8.8191],[12.812,8.8191],[12.812,8.8213],[12.8143,8.8213],[12.8143,8.8236],[12.8188,8.8303],[12.8188,8.8326],[12.8188,8.8348],[12.8165,8.8348],[12.8165,8.837],[12.8143,8.837],[12.812,8.837],[12.8098,8.837],[12.8098,8.8393],[12.8053,8.8438],[12.8053,8.846],[12.8031,8.8505],[12.8008,8.855],[12.8008,8.8573],[12.8031,8.8618],[12.8031,8.864],[12.8053,8.864],[12.8075,8.864],[12.8098,8.864],[12.812,8.864],[12.812,8.8662],[12.812,8.8685],[12.812,8.8707],[12.8098,8.873],[12.8075,8.873],[12.8075,8.8752],[12.8075,8.8775],[12.8075,8.882],[12.8075,8.8842],[12.8075,8.8865],[12.8075,8.8887],[12.8098,8.8887],[12.812,8.8887],[12.8143,8.8909],[12.8165,8.8932],[12.8165,8.8954],[12.8188,8.8954],[12.8188,8.8977],[12.8188,8.8999],[12.8188,8.9022],[12.8165,8.9044],[12.8143,8.9044],[12.812,8.9044],[12.8098,8.9044],[12.8075,8.9022],[12.8075,8.9044],[12.8053,8.9044],[12.8053,8.9067],[12.8031,8.9089],[12.8031,8.9112],[12.8031,8.9134],[12.8031,8.9157],[12.8075,8.9201],[12.8098,8.9224],[12.812,8.9246],[12.8143,8.9246],[12.8165,8.9291],[12.8165,8.9314],[12.8188,8.9381],[12.8188,8.9471],[12.8188,8.9493],[12.821,8.9561],[12.821,8.9628],[12.8233,8.9718],[12.8278,8.9763],[12.8278,8.9785],[12.8345,8.9853],[12.8412,8.992],[12.848,8.9987],[12.8525,9.0055],[12.8592,9.01],[12.8659,9.0167],[12.8884,9.0729],[12.8861,9.0729],[12.8861,9.0751],[12.8861,9.0818],[12.8861,9.0841],[12.8884,9.0863],[12.8906,9.0863],[12.8906,9.0886],[12.8906,9.0908],[12.8906,9.0953],[12.8906,9.0976],[12.8884,9.0998],[12.8884,9.102],[12.8929,9.111],[12.8951,9.111],[12.8974,9.111],[12.8996,9.1133],[12.9019,9.1155],[12.8996,9.1155],[12.8996,9.1178],[12.8974,9.1223],[12.8951,9.1223],[12.8951,9.1245],[12.8951,9.129],[12.8951,9.1312],[12.8974,9.1335],[12.8974,9.1357],[12.8951,9.1357],[12.8951,9.138],[12.8929,9.138],[12.8906,9.1447],[12.8884,9.1447],[12.8884,9.147],[12.8861,9.147],[12.8839,9.147],[12.8839,9.1492],[12.8861,9.1515],[12.8861,9.1537],[12.8884,9.1537],[12.8861,9.1559],[12.8861,9.1582],[12.8861,9.1604],[12.8861,9.1627],[12.8884,9.1627],[12.8884,9.1649],[12.8906,9.1649],[12.8906,9.1694],[12.8929,9.1694],[12.8929,9.1739],[12.8929,9.1762],[12.8906,9.1762],[12.8884,9.1762],[12.8884,9.1784],[12.8884,9.1806],[12.8906,9.1806],[12.8906,9.1829],[12.8929,9.1874],[12.8929,9.1896],[12.8929,9.1919],[12.8951,9.1919],[12.8974,9.1919],[12.8974,9.1941],[12.8996,9.1941],[12.8996,9.1964],[12.8996,9.1986],[12.8996,9.2009],[12.9019,9.2031],[12.9019,9.2054],[12.9019,9.2076],[12.8996,9.2076],[12.8996,9.2188],[12.8996,9.2211],[12.9019,9.2211],[12.9041,9.2211],[12.9064,9.2211],[12.9064,9.2233],[12.9064,9.2256],[12.9064,9.2278],[12.9086,9.2278],[12.9086,9.2301],[12.9108,9.2301],[12.9108,9.2323],[12.9108,9.2345],[12.9108,9.2368],[12.9131,9.2413],[12.9131,9.2435],[12.9131,9.2458],[12.9153,9.2458],[12.9153,9.248],[12.9176,9.248],[12.9176,9.2503],[12.9176,9.2525],[12.9153,9.2525],[12.9131,9.2525],[12.9131,9.2548],[12.9131,9.257],[12.9108,9.2615],[12.9108,9.266],[12.9108,9.2682],[12.9108,9.2705],[12.9131,9.2705],[12.9131,9.2727],[12.9153,9.2727],[12.9176,9.2727],[12.9176,9.275],[12.9176,9.2772],[12.9176,9.2795],[12.9176,9.2817],[12.9176,9.284],[12.9176,9.2862],[12.9153,9.2862],[12.9131,9.2862],[12.9131,9.2884],[12.9108,9.2907],[12.9108,9.2997],[12.9108,9.3019],[12.9108,9.3042],[12.9131,9.3042],[12.9131,9.3064],[12.9131,9.3087],[12.9108,9.3109],[12.9108,9.3131],[12.9108,9.3154],[12.9131,9.3176],[12.9131,9.3199],[12.9153,9.3199],[12.9176,9.3221],[12.9198,9.3221],[12.9198,9.3244],[12.9198,9.3266],[12.9198,9.3289],[12.9198,9.3311],[12.9221,9.3334],[12.9243,9.3334],[12.9266,9.3356],[12.9243,9.3379],[12.9243,9.3401],[12.9198,9.3468],[12.9176,9.3468],[12.9176,9.3491],[12.9153,9.3513],[12.9131,9.3513],[12.9108,9.3536],[12.9086,9.3536],[12.9019,9.3558],[12.8996,9.3558],[12.8974,9.3558],[12.8906,9.3536],[12.8884,9.3513],[12.8861,9.3513],[12.8861,9.3491],[12.8839,9.3468],[12.8817,9.3468],[12.8794,9.3468],[12.8772,9.3468],[12.8749,9.3468],[12.8659,9.3513],[12.8637,9.3536],[12.8637,9.3558],[12.8637,9.3581],[12.857,9.367],[12.8547,9.367],[12.8525,9.3693],[12.8525,9.3715],[12.8547,9.3715],[12.857,9.3693],[12.8592,9.3693],[12.8614,9.3693],[12.8682,9.3693],[12.8682,9.3715],[12.8682,9.376],[12.8682,9.3783],[12.8682,9.3805],[12.8704,9.3828],[12.8727,9.3828],[12.8749,9.3828],[12.8749,9.385],[12.8772,9.3873],[12.8772,9.3895],[12.8772,9.3918],[12.8794,9.394],[12.8817,9.394],[12.8839,9.3962],[12.8884,9.3985],[12.8884,9.3962],[12.8906,9.3962],[12.8974,9.3962],[12.9041,9.3985],[12.9041,9.4007],[12.9064,9.4007],[12.9064,9.403],[12.9108,9.4052],[12.9131,9.4052],[12.9153,9.4075],[12.9176,9.4097],[12.9198,9.4097],[12.9221,9.4097],[12.9243,9.4097],[12.9243,9.4075],[12.9288,9.4097],[12.9288,9.412],[12.9311,9.412],[12.9311,9.4142],[12.9333,9.4142],[12.9356,9.4142],[12.9378,9.4142],[12.94,9.4142],[12.94,9.4165],[12.9445,9.4209],[12.9445,9.4232],[12.9445,9.4254],[12.9445,9.4277],[12.9468,9.4299],[12.9513,9.4367],[12.9513,9.4389],[12.9535,9.4389],[12.9558,9.4389],[12.958,9.4389],[12.9603,9.4389],[12.9603,9.4412],[12.9625,9.4412],[12.967,9.4479],[12.9692,9.4501],[12.9715,9.4524],[12.9737,9.4546],[12.9737,9.4569],[12.9737,9.4614],[12.9737,9.4681],[12.976,9.4681],[12.976,9.4704],[12.9782,9.4704],[12.9782,9.4681],[12.9805,9.4659],[12.9827,9.4659],[12.985,9.4659],[12.985,9.4681],[12.9872,9.4681],[12.9872,9.4704],[12.9895,9.4726],[12.9917,9.4748],[12.9939,9.4748],[12.9962,9.4748],[13.0029,9.4793],[13.0052,9.4816],[13.0074,9.4816],[13.0097,9.4861],[13.0097,9.4883],[13.0097,9.4906],[13.0119,9.4906],[13.0164,9.4928],[13.0186,9.4928],[13.0209,9.4951],[13.0231,9.4951],[13.0254,9.4973],[13.0276,9.4995],[13.0299,9.5018],[13.0321,9.504],[13.0344,9.504],[13.0344,9.5063],[13.0366,9.5063],[13.0389,9.5063],[13.0456,9.504],[13.0478,9.504],[13.0501,9.5063],[13.0591,9.5108],[13.0613,9.513],[13.0613,9.5153],[13.0681,9.5153],[13.0703,9.5153],[13.0703,9.513],[13.0725,9.513],[13.0793,9.5108],[13.0815,9.5108],[13.0838,9.5108],[13.086,9.5108],[13.0883,9.5108],[13.0883,9.513],[13.0883,9.5175],[13.0883,9.5198],[13.0905,9.522],[13.0928,9.5243],[13.095,9.5243],[13.095,9.5265],[13.0972,9.5265],[13.1017,9.5243],[13.104,9.5243],[13.104,9.522],[13.1062,9.522],[13.1107,9.5243],[13.113,9.5265],[13.1197,9.5265],[13.122,9.5265],[13.1242,9.5265],[13.1264,9.5265],[13.1309,9.5287],[13.1309,9.531],[13.1377,9.5332],[13.1377,9.5355],[13.1399,9.5355],[13.1489,9.5377],[13.1534,9.54],[13.1556,9.54],[13.1579,9.54],[13.1579,9.5377],[13.1601,9.5377],[13.1624,9.5377],[13.1646,9.5377],[13.1646,9.54],[13.1646,9.5422],[13.1669,9.5422],[13.1691,9.5422],[13.1714,9.5422],[13.1736,9.5422],[13.1758,9.5445],[13.1826,9.549],[13.1848,9.549],[13.1871,9.5534],[13.1871,9.5557],[13.1893,9.5557],[13.1893,9.5579],[13.1916,9.5579],[13.1938,9.5602],[13.1938,9.5579],[13.1961,9.5579],[13.1961,9.5557],[13.1983,9.5557],[13.2006,9.5557],[13.205,9.5557],[13.2073,9.5557],[13.2095,9.5557],[13.2095,9.5579],[13.214,9.5624],[13.2163,9.5669],[13.2208,9.5737],[13.2208,9.5759],[13.223,9.5759],[13.2253,9.5781],[13.2253,9.5804],[13.2275,9.5826],[13.2275,9.5849],[13.2275,9.5871],[13.2275,9.5894],[13.2275,9.5916],[13.2275,9.5939],[13.2253,9.5939],[13.2253,9.5961],[13.2253,9.5984],[13.2253,9.6006],[13.2275,9.6051],[13.2297,9.6073],[13.2297,9.6096],[13.232,9.6096],[13.232,9.6118],[13.2342,9.6141],[13.2342,9.6163],[13.2365,9.6208],[13.2342,9.6231],[13.2342,9.6253],[13.232,9.6253],[13.232,9.6276],[13.2297,9.6365],[13.2297,9.6388],[13.2297,9.6433],[13.232,9.6433],[13.2297,9.6478],[13.2275,9.6478],[13.2275,9.65],[13.2297,9.65],[13.232,9.6567],[13.2342,9.6567],[13.2365,9.659],[13.2365,9.6612],[13.2365,9.668],[13.2365,9.6702],[13.2342,9.6702],[13.2342,9.6725],[13.232,9.6725],[13.232,9.6747],[13.2297,9.6747],[13.232,9.6815],[13.232,9.6859],[13.2342,9.6859],[13.2342,9.6882],[13.2365,9.6882],[13.2387,9.6882],[13.241,9.6882],[13.2455,9.6904],[13.2477,9.6904],[13.2477,9.6927],[13.2477,9.6949],[13.2477,9.6972],[13.25,9.6972],[13.2522,9.6972],[13.2522,9.6994],[13.2522,9.7017],[13.2522,9.7039],[13.25,9.7039],[13.25,9.7084],[13.2477,9.7084],[13.2477,9.7106],[13.2477,9.7129],[13.25,9.7151],[13.25,9.7174],[13.25,9.7196],[13.25,9.7219],[13.25,9.7241],[13.2522,9.7241],[13.2522,9.7264],[13.2545,9.7264],[13.2545,9.7286],[13.2567,9.7286],[13.2567,9.7309],[13.2589,9.7376],[13.2589,9.7398],[13.2589,9.7421],[13.2589,9.7466],[13.2567,9.7466],[13.2567,9.7488],[13.2567,9.7511],[13.2567,9.7578],[13.2567,9.7601],[13.2589,9.7645],[13.2612,9.7645],[13.2612,9.7668],[13.2612,9.769],[13.2589,9.7713],[13.2589,9.7735],[13.2634,9.7803],[13.2747,9.7937],[13.2814,9.7982],[13.2836,9.8005],[13.2859,9.8005],[13.2859,9.8027],[13.2881,9.8027],[13.2881,9.805],[13.2881,9.8072],[13.2904,9.8095],[13.2904,9.8117],[13.2904,9.814],[13.2926,9.814],[13.2949,9.8162],[13.2971,9.8184],[13.2994,9.8184],[13.2994,9.8207],[13.2994,9.8229],[13.3016,9.8229],[13.3016,9.8252],[13.3016,9.8274],[13.2994,9.8319],[13.2971,9.8342],[13.2926,9.8342],[13.2926,9.8364],[13.2904,9.8364],[13.2904,9.8387],[13.2904,9.8409],[13.2881,9.8409],[13.2836,9.8431],[13.2814,9.8454],[13.2792,9.8454],[13.2769,9.8454],[13.2769,9.8476],[13.2747,9.8476],[13.2747,9.8499],[13.2702,9.8521],[13.2679,9.8521],[13.2679,9.8499],[13.2657,9.8499],[13.2634,9.8521],[13.2612,9.8521],[13.2612,9.8544],[13.2589,9.8544],[13.2589,9.8566],[13.2567,9.8566],[13.2522,9.8589],[13.2477,9.8611],[13.2455,9.8611],[13.2455,9.8634],[13.2432,9.8634],[13.2432,9.8656],[13.2455,9.8701],[13.2455,9.8723],[13.2432,9.8791],[13.2432,9.8813],[13.241,9.8813],[13.2387,9.8836],[13.2365,9.8858],[13.2365,9.8926],[13.2365,9.8948],[13.2365,9.897],[13.2365,9.8993],[13.2365,9.9038],[13.2365,9.906],[13.2342,9.906],[13.2365,9.9105],[13.241,9.915],[13.2455,9.9217],[13.2477,9.9262],[13.2522,9.9285],[13.2612,9.9285],[13.2657,9.9262],[13.2702,9.9285],[13.2702,9.933],[13.2747,9.9352],[13.2747,9.9375],[13.2769,9.9375],[13.2792,9.9375],[13.2814,9.9375],[13.2814,9.9397],[13.2792,9.942],[13.2769,9.942],[13.2769,9.9442],[13.2769,9.9465],[13.2792,9.9465],[13.2814,9.9465],[13.2836,9.9487],[13.2836,9.9509],[13.2859,9.9554],[13.2859,9.9577],[13.2859,9.9599],[13.2881,9.9622],[13.2859,9.9622],[13.2859,9.9644],[13.2859,9.9689],[13.2859,9.9712],[13.2881,9.9712],[13.2881,9.9734],[13.2881,9.9779],[13.2881,9.9801],[13.2859,9.9801],[13.2836,9.9846],[13.2769,9.9891],[13.2769,9.9914],[13.2702,9.9914],[13.2679,9.9914],[13.2657,9.9914],[13.2634,9.9936],[13.2612,9.9936],[13.2567,9.9959],[13.2545,9.9959],[13.2522,9.9959],[13.2477,10.0026],[13.2477,10.0048],[13.2477,10.0116],[13.25,10.0138],[13.25,10.0183],[13.2477,10.0183],[13.2477,10.0206],[13.2477,10.0251],[13.2477,10.0273],[13.25,10.0273],[13.25,10.0295],[13.25,10.0318],[13.2477,10.034],[13.2477,10.0363],[13.25,10.0363],[13.2567,10.034],[13.2657,10.034],[13.2679,10.034],[13.2679,10.0318],[13.2702,10.0318],[13.2724,10.0318],[13.2724,10.034],[13.2747,10.034],[13.2792,10.0363],[13.2814,10.0363],[13.2904,10.0475],[13.2949,10.0542],[13.2971,10.0587],[13.2971,10.061],[13.2949,10.07],[13.2949,10.0722],[13.2949,10.0745],[13.2971,10.0834],[13.2971,10.0857],[13.2994,10.0879],[13.3016,10.0879],[13.3039,10.0924],[13.3061,10.0924],[13.3061,10.0969],[13.3061,10.0992],[13.3061,10.1014],[13.3083,10.1037],[13.3083,10.1059],[13.3106,10.1059],[13.3128,10.1059],[13.3151,10.1059],[13.3173,10.1059],[13.3196,10.1059],[13.3218,10.1081],[13.3286,10.1104],[13.3308,10.1126],[13.3331,10.1149],[13.3398,10.1171],[13.342,10.1171],[13.3443,10.1171],[13.3443,10.1149],[13.3443,10.1126],[13.3443,10.1104],[13.3443,10.1081],[13.3465,10.1081],[13.3488,10.1081],[13.351,10.1081],[13.3555,10.1081],[13.3578,10.1081],[13.36,10.1081],[13.3645,10.1126],[13.3645,10.1149],[13.3645,10.1171],[13.3667,10.1171],[13.3735,10.1171],[13.3757,10.1171],[13.378,10.1171],[13.3869,10.1171],[13.3892,10.1171],[13.3914,10.1149],[13.3937,10.1149],[13.3959,10.1126],[13.3982,10.1126],[13.4004,10.1126],[13.4004,10.1149],[13.4004,10.1171],[13.4004,10.1194],[13.4004,10.1216],[13.4004,10.1239],[13.3982,10.1239],[13.3959,10.1239],[13.3959,10.1261],[13.3937,10.1261],[13.3937,10.1284],[13.3959,10.1351],[13.3982,10.1351],[13.4004,10.1351],[13.4049,10.1306],[13.4072,10.1284],[13.4139,10.1261],[13.4161,10.1239],[13.4184,10.1216],[13.4206,10.1216],[13.4296,10.1194],[13.4319,10.1194],[13.4341,10.1216],[13.4341,10.1239],[13.4341,10.1261],[13.4341,10.1306],[13.4341,10.1351],[13.4364,10.1373],[13.4364,10.1396],[13.4386,10.1396],[13.4386,10.1418],[13.4386,10.1441],[13.4364,10.1441],[13.4364,10.1463],[13.4341,10.1486],[13.4319,10.1486],[13.4296,10.1486],[13.4251,10.1508],[13.4229,10.1531],[13.4229,10.1553],[13.4229,10.1576],[13.4251,10.1576],[13.4274,10.1576],[13.4296,10.1598],[13.4319,10.1598],[13.4341,10.1576],[13.4408,10.1598],[13.4453,10.1598],[13.4521,10.162],[13.4521,10.1643],[13.4521,10.1665],[13.4521,10.1688],[13.4543,10.1688],[13.4543,10.171],[13.4566,10.171],[13.4566,10.1688],[13.4588,10.1688],[13.4588,10.1665],[13.4611,10.1665],[13.4633,10.1688],[13.4678,10.1733],[13.4678,10.1755],[13.4678,10.1778],[13.47,10.1823],[13.4678,10.1845],[13.4678,10.1867],[13.4678,10.1912],[13.47,10.1912],[13.47,10.1935],[13.4723,10.1912],[13.4745,10.1912],[13.4768,10.1912],[13.479,10.189],[13.4835,10.1935],[13.4858,10.1957],[13.488,10.198],[13.4903,10.198],[13.4925,10.2002],[13.497,10.2047],[13.4992,10.2047],[13.4992,10.207],[13.5037,10.2204],[13.5037,10.2227],[13.5037,10.2249],[13.4992,10.2317],[13.4992,10.2339],[13.5015,10.2339],[13.5015,10.2362],[13.4992,10.2362],[13.4992,10.2384],[13.497,10.2451],[13.497,10.2474],[13.497,10.2496],[13.4992,10.2496],[13.4992,10.2519],[13.506,10.2564],[13.5082,10.2586],[13.5082,10.2609],[13.5105,10.2609],[13.5105,10.2631],[13.5127,10.2631],[13.515,10.2631],[13.5172,10.2631],[13.5172,10.2653],[13.5194,10.2653],[13.5194,10.2676],[13.5217,10.2698],[13.5217,10.2721],[13.5217,10.2743],[13.5217,10.2766],[13.5217,10.2788],[13.5217,10.2811],[13.5217,10.2833],[13.5194,10.2856],[13.5194,10.2878],[13.5194,10.2901],[13.5194,10.2923],[13.5217,10.2968],[13.5217,10.299],[13.5239,10.3013],[13.5239,10.3035],[13.5262,10.308],[13.5284,10.3103],[13.5284,10.3125],[13.5307,10.3125],[13.5307,10.3148],[13.5329,10.3148],[13.5329,10.317],[13.5352,10.3192],[13.5352,10.3215],[13.5352,10.3237],[13.5352,10.326],[13.5374,10.3305],[13.5397,10.344],[13.5397,10.3462],[13.5419,10.3619],[13.5419,10.3664],[13.5419,10.3709],[13.5419,10.3731],[13.5419,10.3754],[13.5397,10.3754],[13.5397,10.3799],[13.5374,10.3821],[13.5374,10.3844],[13.5352,10.3866],[13.5329,10.3889],[13.5329,10.3911],[13.5307,10.3934],[13.5284,10.3956],[13.5262,10.3978],[13.5262,10.4001],[13.5262,10.4023],[13.5239,10.4068],[13.5239,10.4136],[13.5217,10.4181],[13.5217,10.4248],[13.5217,10.4315],[13.5194,10.4405],[13.5194,10.4428],[13.5194,10.445],[13.5194,10.4473],[13.5194,10.4495],[13.5194,10.4517],[13.5194,10.454],[13.5217,10.454],[13.5217,10.4562],[13.5239,10.4585],[13.5284,10.463],[13.5284,10.4652],[13.5284,10.4697],[13.5284,10.472],[13.5284,10.4742],[13.5284,10.4765],[13.5307,10.4765],[13.5329,10.4765],[13.5352,10.4765],[13.5374,10.4765],[13.5374,10.4787],[13.5374,10.4809],[13.5397,10.4809],[13.5397,10.4832],[13.5397,10.4854],[13.5397,10.4922],[13.5397,10.4944],[13.5374,10.4944],[13.5374,10.4967],[13.5374,10.5034],[13.5374,10.5056],[13.5397,10.5146],[13.5419,10.5146],[13.5442,10.5124],[13.5464,10.5101],[13.5509,10.5101],[13.5531,10.5101],[13.5554,10.5124],[13.5576,10.5124],[13.5576,10.5146],[13.5599,10.5146],[13.5599,10.5169],[13.5621,10.5169],[13.5644,10.5146],[13.5666,10.5124],[13.5666,10.5101],[13.5733,10.5056],[13.5756,10.5056],[13.5756,10.5079],[13.5756,10.5101],[13.5778,10.5101],[13.5868,10.5146],[13.5913,10.5169],[13.5936,10.5169],[13.5936,10.5191],[13.5958,10.5236],[13.5958,10.5281],[13.5936,10.5281],[13.5936,10.5303],[13.5913,10.5303],[13.5913,10.5326],[13.5891,10.5348],[13.5846,10.5438],[13.5846,10.5483],[13.5823,10.5506],[13.5823,10.5528],[13.5778,10.5528],[13.5756,10.5528],[13.5733,10.5528],[13.5733,10.5506],[13.5711,10.5506],[13.5689,10.5506],[13.5689,10.5528],[13.5666,10.5573],[13.5666,10.5595],[13.5666,10.5618],[13.5689,10.5618],[13.5689,10.564],[13.5689,10.5663],[13.5666,10.5685],[13.5666,10.5708],[13.5689,10.573],[13.5711,10.5775],[13.5711,10.5798],[13.5733,10.5842],[13.5733,10.5865],[13.5711,10.591],[13.5689,10.5932],[13.5666,10.6045],[13.5644,10.6067],[13.5644,10.609],[13.5666,10.609],[13.5666,10.6112],[13.5689,10.6112],[13.5689,10.6134],[13.5666,10.6134],[13.5666,10.6157],[13.5644,10.6157],[13.5644,10.6179],[13.5644,10.6202],[13.5644,10.6224],[13.5711,10.6224],[13.5733,10.6202],[13.5733,10.6179],[13.5756,10.6179],[13.5756,10.6157],[13.5778,10.6157],[13.5778,10.6179],[13.5801,10.6202],[13.5801,10.6269],[13.5801,10.6292],[13.5801,10.6314],[13.5801,10.6359],[13.5801,10.6381],[13.5801,10.6404],[13.5801,10.6426],[13.5801,10.6471],[13.5778,10.6539],[13.5778,10.6561],[13.5801,10.6561],[13.5846,10.6584],[13.5868,10.6606],[13.5891,10.6606],[13.5891,10.6628],[13.5891,10.6651],[13.5891,10.6696],[13.5891,10.6718],[13.5891,10.6741],[13.5891,10.6763],[13.5868,10.6763],[13.5846,10.6763],[13.5823,10.6786],[13.5823,10.6808],[13.5801,10.6831],[13.5801,10.6876],[13.5846,10.692],[13.5868,10.692],[13.5891,10.692],[13.5913,10.692],[13.5936,10.692],[13.5958,10.692],[13.5958,10.6943],[13.5981,10.6943],[13.6003,10.6943],[13.6003,10.692],[13.6048,10.692],[13.607,10.6943],[13.6093,10.6965],[13.6093,10.6988],[13.6115,10.6988],[13.6115,10.701],[13.6115,10.7033],[13.6115,10.7055],[13.6138,10.7055],[13.6183,10.7078],[13.6205,10.7078],[13.6228,10.7078],[13.625,10.7078],[13.6272,10.7078],[13.6272,10.71],[13.6272,10.7123],[13.6272,10.7145],[13.6272,10.7167],[13.6272,10.719],[13.6272,10.728],[13.6295,10.7325],[13.6295,10.7347],[13.6317,10.7414],[13.6317,10.7459],[13.6317,10.7482],[13.6317,10.7504],[13.634,10.7504],[13.6362,10.7504],[13.6385,10.7504],[13.6385,10.7527],[13.6407,10.7527],[13.6407,10.7549],[13.6407,10.7572],[13.6407,10.7594],[13.6407,10.7617],[13.6407,10.7639],[13.643,10.7639],[13.643,10.7662],[13.6452,10.7662],[13.6497,10.7684],[13.6564,10.7751],[13.6587,10.7774],[13.6587,10.7796],[13.6564,10.7796],[13.6564,10.7819],[13.6542,10.7841],[13.6519,10.7864],[13.6475,10.7886],[13.643,10.7909],[13.643,10.7931],[13.643,10.7953],[13.6452,10.7998],[13.6452,10.8021],[13.6475,10.8021],[13.6497,10.8066],[13.6519,10.8088],[13.6519,10.8111],[13.6542,10.8111],[13.6564,10.8111],[13.6587,10.8111],[13.6677,10.8111],[13.6699,10.8111],[13.6699,10.8133],[13.6744,10.8156],[13.6744,10.8178],[13.6722,10.8201],[13.6722,10.8223],[13.6744,10.8223],[13.6744,10.8268],[13.6767,10.829],[13.6767,10.8313],[13.6789,10.8358],[13.6789,10.8403],[13.6811,10.8403],[13.6811,10.8425],[13.6834,10.8448],[13.6834,10.847],[13.6856,10.847],[13.6879,10.847],[13.6879,10.8448],[13.6901,10.8448],[13.6924,10.8448],[13.7014,10.8492],[13.7014,10.8537],[13.7014,10.856],[13.7014,10.8582],[13.7036,10.8582],[13.7058,10.8582],[13.7081,10.8582],[13.7103,10.8582],[13.7126,10.8605],[13.7148,10.8605],[13.7171,10.8627],[13.7193,10.865],[13.7193,10.8717],[13.7193,10.8762],[13.7216,10.8807],[13.7238,10.8852],[13.7216,10.8919],[13.7216,10.8964],[13.7216,10.8987],[13.7216,10.9009],[13.7216,10.9031],[13.7238,10.9031],[13.7261,10.9054],[13.7283,10.9054],[13.7283,10.9076],[13.7306,10.9121],[13.7328,10.9121],[13.7328,10.9144],[13.7328,10.9166],[13.7328,10.9189],[13.7328,10.9211],[13.7328,10.9234],[13.7328,10.9256],[13.7328,10.9278],[13.7306,10.9278],[13.7261,10.9301],[13.7238,10.9323],[13.7216,10.9368],[13.7193,10.9368],[13.7171,10.9368],[13.7171,10.9391],[13.7148,10.9391],[13.7148,10.9413],[13.7126,10.9436],[13.7126,10.9481],[13.7103,10.9503],[13.7103,10.9548],[13.7103,10.957],[13.7126,10.9593],[13.7126,10.9615],[13.7148,10.9638],[13.7171,10.9638],[13.7193,10.966],[13.7238,10.9705],[13.7238,10.9728],[13.7261,10.9728],[13.7283,10.975],[13.7283,10.9773],[13.7306,10.9773],[13.7328,10.9817],[13.7306,10.9885],[13.7306,10.993],[13.7306,10.9952],[13.7306,10.9975],[13.7306,10.9997],[13.735,11.0064],[13.7373,11.0064],[13.7395,11.0042],[13.744,11.0042],[13.7463,11.0042],[13.7485,11.0064],[13.753,11.0042],[13.7575,11.0042],[13.762,11.002],[13.7687,11.002],[13.7755,11.002],[13.7777,11.002],[13.7889,11.002],[13.7912,11.002],[13.7934,11.0042],[13.7957,11.0087],[13.7979,11.0132],[13.7957,11.0177],[13.7979,11.0222],[13.7979,11.0244],[13.8002,11.0244],[13.8024,11.0267],[13.8024,11.0289],[13.8024,11.0334],[13.8047,11.0356],[13.8069,11.0379],[13.8092,11.0379],[13.8092,11.0401],[13.8092,11.0424],[13.8092,11.0446],[13.8114,11.0446],[13.8114,11.0469],[13.8136,11.0491],[13.8114,11.0491],[13.8114,11.0514],[13.8136,11.0536],[13.8136,11.0559],[13.8159,11.0559],[13.8159,11.0581],[13.8159,11.0626],[13.8159,11.0648],[13.8181,11.0671],[13.8181,11.0693],[13.8204,11.0671],[13.8204,11.0648],[13.8226,11.0648],[13.8249,11.0648],[13.8271,11.0671],[13.8271,11.0693],[13.8271,11.0716],[13.8294,11.0738],[13.8294,11.0761],[13.8316,11.0783],[13.8339,11.0783],[13.8361,11.0783],[13.8383,11.0806],[13.8406,11.0851],[13.8451,11.0851],[13.8473,11.0873],[13.8563,11.094],[13.8563,11.0963],[13.8586,11.0985],[13.8563,11.1008],[13.8563,11.103],[13.8586,11.103],[13.8608,11.103],[13.8608,11.1053],[13.8608,11.112],[13.8631,11.1142],[13.8653,11.1142],[13.8653,11.1165],[13.8653,11.1187],[13.8675,11.1255],[13.8698,11.13],[13.872,11.13],[13.872,11.1277],[13.8743,11.1277],[13.881,11.1345],[13.881,11.1367],[13.8788,11.1367],[13.8788,11.1389],[13.8765,11.1389],[13.8765,11.1412],[13.8765,11.1434],[13.8765,11.1479],[13.881,11.1502],[13.8833,11.1547],[13.8878,11.1569],[13.8967,11.1614],[13.899,11.1637],[13.899,11.1614],[13.9012,11.1614],[13.9035,11.1637],[13.9057,11.1681],[13.908,11.1726],[13.9102,11.1726],[13.9102,11.1749],[13.9125,11.1749],[13.9125,11.1794],[13.9125,11.1816],[13.9102,11.1816],[13.9102,11.1839],[13.9125,11.1861],[13.9147,11.1884],[13.9192,11.1951],[13.9259,11.1973],[13.9304,11.2018],[13.9349,11.2063],[13.9372,11.2131],[13.9372,11.2153],[13.9372,11.2175],[13.9372,11.2198],[13.9372,11.222],[13.9417,11.2243],[13.9417,11.2265],[13.9417,11.2288],[13.9439,11.2333],[13.9439,11.2378],[13.9461,11.24],[13.9461,11.2423],[13.9506,11.2445],[13.9529,11.2445],[13.9529,11.2467],[13.9551,11.2467],[13.9574,11.2467],[13.9596,11.249],[13.9619,11.2512],[13.9641,11.2535],[13.9641,11.2557],[13.9664,11.258],[13.9708,11.258],[13.9776,11.2602],[13.9798,11.267],[13.9821,11.267],[13.9821,11.2692],[13.9821,11.2714],[13.9821,11.2737],[13.9843,11.2759],[13.9866,11.2782],[13.9888,11.2782],[13.9888,11.2804],[13.9888,11.2849],[13.9888,11.2872],[13.9888,11.2894],[13.9888,11.2917],[13.9911,11.2917],[13.9888,11.2939],[13.9888,11.2984],[13.9866,11.3006],[13.9843,11.3006],[13.9821,11.3029],[13.9821,11.3051],[13.9843,11.3096],[13.9866,11.3096],[13.9933,11.3096],[13.9955,11.3074],[13.9978,11.3074],[14.0,11.3074],[14.0068,11.3051],[14.0135,11.3029],[14.0158,11.3006],[14.0225,11.2962],[14.0225,11.2939],[14.027,11.2939],[14.0337,11.2939],[14.036,11.2917],[14.0382,11.2917],[14.0427,11.2917],[14.045,11.2894],[14.0517,11.2849],[14.0539,11.2849],[14.0562,11.2849],[14.0584,11.2827],[14.0629,11.2827],[14.0629,11.2804],[14.0652,11.2804],[14.0674,11.2782],[14.0697,11.2782],[14.0719,11.2782],[14.0719,11.2804],[14.0764,11.2827],[14.0786,11.2827],[14.0809,11.2827],[14.0831,11.2804],[14.0854,11.2804],[14.0876,11.2804],[14.0966,11.2759],[14.1011,11.2737],[14.1033,11.2714],[14.1056,11.2692],[14.1078,11.267],[14.1078,11.2647],[14.1101,11.2647],[14.1123,11.2647],[14.1146,11.2625],[14.1168,11.2625],[14.1191,11.2602],[14.1213,11.2602],[14.1213,11.258],[14.1236,11.258],[14.1258,11.2557],[14.128,11.2557],[14.128,11.2535],[14.1325,11.2535],[14.1348,11.2535],[14.137,11.2512],[14.1393,11.2512],[14.1415,11.2512],[14.1438,11.2512],[14.146,11.2512],[14.1483,11.2512],[14.1505,11.249],[14.1528,11.249],[14.155,11.2467],[14.155,11.2445],[14.1572,11.2445],[14.1595,11.2445],[14.1595,11.2467],[14.1617,11.2467],[14.164,11.2467],[14.164,11.2445],[14.1662,11.2445],[14.1707,11.2423],[14.1775,11.24],[14.1797,11.24],[14.1864,11.24],[14.1932,11.2423],[14.1954,11.2445],[14.1977,11.2467],[14.1977,11.249],[14.1999,11.2512],[14.2022,11.2557],[14.2044,11.2557],[14.2134,11.2602],[14.2156,11.2602],[14.2224,11.2625],[14.2291,11.2647],[14.2336,11.267],[14.2381,11.2714],[14.2426,11.2759],[14.2448,11.2782],[14.2448,11.2804],[14.2448,11.2827],[14.2448,11.2849],[14.2471,11.2894],[14.2471,11.2917],[14.2471,11.2939],[14.2493,11.2984],[14.2516,11.2984],[14.2561,11.3006],[14.2583,11.3006],[14.2628,11.3029],[14.2763,11.3074],[14.2853,11.3119],[14.2897,11.3141],[14.2942,11.3164],[14.2987,11.3164],[14.301,11.3186],[14.3077,11.3209],[14.3122,11.3231],[14.3189,11.3253],[14.3212,11.3276],[14.3302,11.3343],[14.3392,11.3411],[14.3436,11.3456],[14.3459,11.3478],[14.3504,11.35],[14.3549,11.3545],[14.3616,11.359],[14.3661,11.3635],[14.3706,11.3658],[14.3728,11.3703],[14.3751,11.3725],[14.3773,11.377],[14.3773,11.3815],[14.3773,11.3882],[14.3796,11.395],[14.3796,11.3995],[14.3796,11.4062],[14.3796,11.4152],[14.3796,11.4197],[14.3796,11.4219],[14.3818,11.4242],[14.3841,11.4264],[14.3863,11.4287],[14.393,11.4309],[14.3953,11.4309],[14.3975,11.4309],[14.3998,11.4309],[14.402,11.4309],[14.4065,11.4331],[14.4088,11.4331],[14.411,11.4331],[14.4133,11.4354],[14.4178,11.4376],[14.4267,11.4421],[14.4312,11.4421],[14.4357,11.4444],[14.4402,11.4466],[14.4447,11.4511],[14.4469,11.4534],[14.4492,11.4534],[14.4514,11.4601],[14.4537,11.4601],[14.4559,11.4623],[14.4582,11.4646],[14.4627,11.4646],[14.4649,11.4646],[14.4694,11.4646],[14.4739,11.4646],[14.4784,11.4646],[14.4829,11.4646],[14.4829,11.4668],[14.4874,11.4668],[14.4874,11.4691],[14.4896,11.4691],[14.4919,11.4713],[14.4941,11.4713],[14.4964,11.4713],[14.4986,11.4736],[14.5031,11.4736],[14.5076,11.4758],[14.5121,11.4736],[14.5143,11.4736],[14.5188,11.4736],[14.5211,11.4736],[14.5255,11.4758],[14.53,11.4758],[14.5368,11.4758],[14.539,11.4758],[14.5458,11.4781],[14.5525,11.4781],[14.5592,11.4781],[14.5682,11.4803],[14.5817,11.4825],[14.5884,11.487],[14.5929,11.4893],[14.5997,11.4938],[14.6041,11.4983],[14.6086,11.505],[14.6109,11.5095],[14.6131,11.5095],[14.6131,11.5117],[14.6131,11.514],[14.6154,11.5162],[14.6154,11.5185],[14.6199,11.5275],[14.6221,11.5342],[14.6266,11.5409],[14.6289,11.5477],[14.6333,11.5544],[14.6356,11.5589],[14.6356,11.5612],[14.6378,11.5634],[14.6401,11.5656],[14.6401,11.5679],[14.6423,11.5701],[14.6446,11.5791],[14.6468,11.5881],[14.6446,11.5881],[14.6446,11.5903],[14.6423,11.5903],[14.6423,11.5926],[14.6401,11.5926],[14.6401,11.5948],[14.6401,11.5971],[14.6378,11.5993],[14.6378,11.6016],[14.6401,11.6016],[14.6401,11.6038],[14.6401,11.6061],[14.6423,11.6083],[14.6423,11.6106],[14.6446,11.6106],[14.6468,11.6128],[14.6491,11.6128],[14.6491,11.6173],[14.6491,11.6195],[14.6468,11.6195],[14.6468,11.6218],[14.6446,11.624],[14.6423,11.6353],[14.6423,11.6398],[14.6401,11.6465],[14.6401,11.6487],[14.6423,11.651],[14.6423,11.6532],[14.6423,11.6577],[14.6378,11.6622],[14.6356,11.6622],[14.6333,11.6622],[14.6311,11.6645],[14.6289,11.6645],[14.6266,11.6645],[14.6244,11.6667],[14.6244,11.6689],[14.6244,11.6712],[14.6244,11.6734],[14.6221,11.6757],[14.6199,11.6779],[14.6176,11.6802],[14.6154,11.6802],[14.6131,11.6802],[14.6109,11.6802],[14.6086,11.6824],[14.6086,11.6847],[14.6086,11.6869],[14.6086,11.6892],[14.6064,11.6892],[14.6064,11.6914],[14.6041,11.6914],[14.6041,11.6937],[14.6019,11.6959],[14.6019,11.6981],[14.6019,11.7004],[14.5997,11.7026],[14.5974,11.7049],[14.5952,11.7049],[14.5929,11.7049],[14.5907,11.7049],[14.5884,11.7026],[14.5862,11.7026],[14.5839,11.7026],[14.5817,11.7026],[14.5772,11.7026],[14.5772,11.7049],[14.575,11.7049],[14.5705,11.7071],[14.5682,11.7094],[14.5682,11.7116],[14.566,11.7116],[14.5637,11.7116],[14.5615,11.7116],[14.557,11.7116],[14.5547,11.7116],[14.5525,11.7139],[14.548,11.7228],[14.548,11.7251],[14.548,11.7273],[14.5547,11.7318],[14.557,11.7318],[14.557,11.7296],[14.5592,11.7296],[14.5592,11.7318],[14.5615,11.7318],[14.566,11.7363],[14.5682,11.7363],[14.5705,11.7363],[14.5727,11.7386],[14.5727,11.7408],[14.5727,11.7431],[14.5727,11.7453],[14.5727,11.7475],[14.575,11.7498],[14.5772,11.752],[14.5794,11.752],[14.5817,11.752],[14.5839,11.752],[14.5839,11.7543],[14.5862,11.7565],[14.5907,11.7565],[14.5929,11.7565],[14.5952,11.7565],[14.5974,11.761],[14.5997,11.7633],[14.6019,11.7678],[14.6041,11.77],[14.6064,11.7723],[14.6064,11.7745],[14.6086,11.7767],[14.6109,11.7767],[14.6131,11.779],[14.6154,11.7835],[14.6154,11.7857],[14.6154,11.788],[14.6131,11.788],[14.6109,11.788],[14.6086,11.7925],[14.6086,11.7947],[14.6064,11.797],[14.6064,11.7992],[14.6064,11.8014],[14.6064,11.8037],[14.6064,11.8059],[14.6086,11.8127],[14.6086,11.8149],[14.6109,11.8172],[14.6109,11.8217],[14.6109,11.8239],[14.6086,11.8284],[14.6064,11.8329],[14.6064,11.8374],[14.6064,11.8441],[14.6154,11.8509],[14.6154,11.8531],[14.6154,11.8553],[14.6154,11.8576],[14.6131,11.8576],[14.6109,11.8598],[14.6086,11.8621],[14.6064,11.8621],[14.6064,11.8643],[14.6041,11.8666],[14.6041,11.8688],[14.6041,11.8711],[14.6064,11.8733],[14.6131,11.8778],[14.6154,11.88],[14.6176,11.8823],[14.6199,11.8823],[14.6199,11.8845],[14.6221,11.889],[14.6244,11.8913],[14.6244,11.8935],[14.6266,11.8958],[14.6266,11.898],[14.6289,11.9003],[14.6289,11.9025],[14.6289,11.9048],[14.6311,11.9048],[14.6401,11.9092],[14.6423,11.9115],[14.6446,11.9137],[14.6423,11.916],[14.6401,11.9205],[14.6356,11.9272],[14.6356,11.9295],[14.6333,11.9317],[14.6356,11.9339],[14.6356,11.9362],[14.6423,11.9429],[14.6446,11.9452],[14.6446,11.9474],[14.6468,11.9497],[14.6491,11.9497],[14.6491,11.9519],[14.6513,11.9542],[14.6536,11.9542],[14.6536,11.9564],[14.6558,11.9586],[14.6558,11.9609],[14.6558,11.9631],[14.6558,11.9654],[14.6536,11.9676],[14.6468,11.9721],[14.6446,11.9721],[14.6423,11.9766],[14.6423,11.9811],[14.6423,11.9834],[14.6401,11.9834],[14.6378,11.9856],[14.6378,11.9878],[14.6378,11.9901],[14.6378,11.9923],[14.6356,11.9923],[14.6356,11.9946],[14.6333,12.0013],[14.6333,12.0058],[14.6333,12.0081],[14.6356,12.0103],[14.6333,12.0103],[14.6333,12.0125],[14.6311,12.017],[14.6311,12.0193],[14.6333,12.0193],[14.6311,12.0215],[14.6289,12.0283],[14.6266,12.0283],[14.6244,12.0305],[14.6221,12.0305],[14.6221,12.035],[14.6221,12.0417],[14.6244,12.0507],[14.6311,12.0575],[14.6311,12.0597],[14.6333,12.0597],[14.6356,12.062],[14.6378,12.062],[14.6446,12.062],[14.6446,12.0642],[14.6468,12.0642],[14.6491,12.062],[14.6513,12.0642],[14.6536,12.0642],[14.6536,12.0664],[14.6513,12.0709],[14.6513,12.0732],[14.6446,12.0777],[14.6423,12.0777],[14.6401,12.0799],[14.6401,12.0822],[14.6401,12.0844],[14.6378,12.0844],[14.6356,12.0889],[14.6356,12.0911],[14.6356,12.0934],[14.6378,12.0956],[14.6378,12.0979],[14.6401,12.0979],[14.6423,12.1001],[14.6468,12.1046],[14.6468,12.1069],[14.6513,12.1091],[14.6536,12.1114],[14.6536,12.1136],[14.6558,12.1159],[14.658,12.1248],[14.6558,12.1271],[14.6558,12.1316],[14.6558,12.1338],[14.6536,12.1361],[14.6536,12.1383],[14.6558,12.1383],[14.6558,12.1406],[14.6625,12.145],[14.6625,12.1473],[14.6648,12.1473],[14.6648,12.1495],[14.6715,12.1518],[14.6715,12.154],[14.6738,12.1563],[14.676,12.1585],[14.676,12.1608],[14.6783,12.163],[14.6783,12.1653],[14.676,12.172],[14.676,12.1742],[14.6738,12.1742],[14.6738,12.1765],[14.6715,12.1765],[14.6715,12.1787],[14.6693,12.1787],[14.667,12.1787],[14.6648,12.1787],[14.6648,12.181],[14.6648,12.1832],[14.6648,12.1855],[14.667,12.1855],[14.667,12.1877],[14.667,12.19],[14.6648,12.1922],[14.6603,12.1967],[14.658,12.1989],[14.6558,12.1989],[14.6536,12.1989],[14.6536,12.1967],[14.6513,12.1967],[14.6513,12.1945],[14.6491,12.1945],[14.6468,12.1945],[14.6446,12.1945],[14.6401,12.1922],[14.6378,12.1922],[14.6356,12.1922],[14.6356,12.1945],[14.6333,12.1945],[14.6311,12.1945],[14.6266,12.1922],[14.6266,12.19],[14.6266,12.1877],[14.6289,12.1877],[14.6289,12.1855],[14.6311,12.1855],[14.6311,12.1832],[14.6289,12.1832],[14.6266,12.1832],[14.6244,12.1832],[14.6221,12.1832],[14.6176,12.1855],[14.6154,12.1855],[14.6154,12.19],[14.6154,12.1922],[14.6131,12.1922],[14.6109,12.1922],[14.6086,12.1922],[14.6064,12.1922],[14.6064,12.1945],[14.6041,12.1945],[14.6019,12.1945],[14.5997,12.1945],[14.5974,12.1945],[14.5974,12.1967],[14.5997,12.1989],[14.6019,12.1989],[14.6041,12.1989],[14.6064,12.1989],[14.6086,12.1989],[14.6086,12.2012],[14.6086,12.2034],[14.6041,12.2102],[14.6041,12.2124],[14.6019,12.2147],[14.5997,12.2147],[14.5974,12.2147],[14.5952,12.2147],[14.5952,12.2169],[14.5929,12.2169],[14.5929,12.2192],[14.5929,12.2214],[14.5952,12.2214],[14.5952,12.2236],[14.5952,12.2259],[14.5952,12.2281],[14.5929,12.2281],[14.5907,12.2304],[14.5884,12.2304],[14.5794,12.2304],[14.5794,12.2281],[14.5772,12.2281],[14.575,12.2281],[14.5727,12.2281],[14.5727,12.2304],[14.5705,12.2304],[14.5682,12.2326],[14.566,12.2326],[14.5592,12.2349],[14.557,12.2349],[14.5547,12.2349],[14.5525,12.2349],[14.5503,12.2349],[14.548,12.2371],[14.548,12.2394],[14.548,12.2416],[14.5503,12.2439],[14.5525,12.2439],[14.5547,12.2461],[14.557,12.2484],[14.557,12.2506],[14.557,12.2528],[14.557,12.2551],[14.5592,12.2551],[14.5592,12.2573],[14.5592,12.2596],[14.557,12.2596],[14.557,12.2573],[14.5547,12.2573],[14.5525,12.2573],[14.5503,12.2573],[14.548,12.2573],[14.5435,12.2686],[14.5435,12.2708],[14.5435,12.2731],[14.5435,12.2753],[14.5458,12.2753],[14.5458,12.2775],[14.548,12.2775],[14.548,12.2798],[14.5458,12.282],[14.5435,12.282],[14.5413,12.2843],[14.539,12.2865],[14.5368,12.2865],[14.5368,12.2888],[14.5345,12.2888],[14.5323,12.2888],[14.53,12.2888],[14.5278,12.2888],[14.5278,12.291],[14.5255,12.291],[14.5233,12.2933],[14.5233,12.2955],[14.5211,12.2955],[14.5211,12.2978],[14.5188,12.2978],[14.5166,12.2978],[14.5166,12.2955],[14.5143,12.2955],[14.5121,12.2955],[14.5121,12.2978],[14.5121,12.3],[14.5143,12.3022],[14.5143,12.3045],[14.5143,12.3067],[14.5143,12.309],[14.5121,12.309],[14.5121,12.3112],[14.5098,12.3112],[14.5098,12.3135],[14.5098,12.3157],[14.5121,12.3157],[14.5143,12.318],[14.5143,12.3157],[14.5166,12.3157],[14.5166,12.3135],[14.5188,12.3135],[14.5211,12.3135],[14.5211,12.3157],[14.5233,12.3157],[14.5233,12.318],[14.5211,12.3247],[14.5211,12.327],[14.5188,12.327],[14.5188,12.3292],[14.5166,12.3292],[14.5143,12.3292],[14.5121,12.3292],[14.5098,12.3292],[14.5076,12.3292],[14.5031,12.3292],[14.5008,12.3292],[14.4986,12.3292],[14.4964,12.3314],[14.4941,12.3337],[14.4941,12.3359],[14.4919,12.3359],[14.4919,12.3382],[14.4896,12.3382],[14.4874,12.3382],[14.4851,12.3404],[14.4829,12.3404],[14.4829,12.3427],[14.4851,12.3427],[14.4851,12.3449],[14.4874,12.3449],[14.4874,12.3472],[14.4874,12.3494],[14.4851,12.3517],[14.4829,12.3517],[14.4806,12.3517],[14.4784,12.3494],[14.4784,12.3472],[14.4761,12.3449],[14.4739,12.3472],[14.4716,12.3494],[14.4716,12.3517],[14.4716,12.3539],[14.4694,12.3539],[14.4694,12.3561],[14.4672,12.3584],[14.4672,12.3606],[14.4649,12.3606],[14.4582,12.3584],[14.4559,12.3561],[14.4514,12.3539],[14.4492,12.3517],[14.4492,12.3494],[14.4469,12.3494],[14.4447,12.3494],[14.4425,12.3517],[14.4425,12.3539],[14.4425,12.3561],[14.4447,12.3561],[14.4447,12.3584],[14.4447,12.3606],[14.4447,12.3629],[14.4425,12.3629],[14.4425,12.3651],[14.4402,12.3674],[14.438,12.3674],[14.4357,12.3696],[14.4335,12.3696],[14.4312,12.3696],[14.429,12.3696],[14.4267,12.3696],[14.4267,12.3674],[14.4245,12.3651],[14.4222,12.3629],[14.4222,12.3606],[14.42,12.3606],[14.4178,12.3606],[14.4155,12.3606],[14.4133,12.3629],[14.411,12.3629],[14.411,12.3651],[14.4088,12.3651],[14.4065,12.3674],[14.4043,12.3674],[14.402,12.3674],[14.3998,12.3674],[14.3975,12.3674],[14.3886,12.3629],[14.3863,12.3629],[14.3863,12.3606],[14.3841,12.3606],[14.3818,12.3584],[14.3796,12.3584],[14.3773,12.3584],[14.3751,12.3606],[14.3728,12.3629],[14.3706,12.3629],[14.3683,12.3629],[14.3683,12.3651],[14.3661,12.3651],[14.3616,12.3651],[14.3594,12.3651],[14.3571,12.3651],[14.3549,12.3651],[14.3549,12.3629],[14.3526,12.3629],[14.3504,12.3629],[14.3481,12.3651],[14.3459,12.3651],[14.3392,12.3696],[14.3324,12.3741],[14.3302,12.3764],[14.3279,12.3764],[14.3257,12.3764],[14.3257,12.3741],[14.3189,12.3696],[14.3167,12.3696],[14.3167,12.3674],[14.3167,12.3651],[14.3167,12.3629],[14.3144,12.3629],[14.3122,12.3606],[14.31,12.3584],[14.3077,12.3584],[14.3055,12.3584],[14.3032,12.3584],[14.301,12.3606],[14.2987,12.3606],[14.2965,12.3584],[14.2965,12.3561],[14.2942,12.3561],[14.292,12.3539],[14.2897,12.3539],[14.2897,12.3561],[14.2875,12.3561],[14.2875,12.3584],[14.2853,12.3606],[14.2853,12.3629],[14.2853,12.3651],[14.2853,12.3674],[14.2853,12.3696],[14.283,12.3696],[14.2808,12.3719],[14.2785,12.3719],[14.2763,12.3741],[14.274,12.3741],[14.2718,12.3741],[14.2695,12.3741],[14.2695,12.3719],[14.2673,12.3719],[14.265,12.3719],[14.265,12.3696],[14.2605,12.3674],[14.2583,12.3674],[14.2561,12.3674],[14.2538,12.3674],[14.2538,12.3696],[14.2516,12.3696],[14.2493,12.3696],[14.2493,12.3674],[14.2471,12.3674],[14.2426,12.3674],[14.2426,12.3651],[14.2403,12.3651],[14.2358,12.3629],[14.2314,12.3629],[14.2291,12.3629],[14.2269,12.3606],[14.2246,12.3606],[14.2224,12.3629],[14.2201,12.3629],[14.2179,12.3651],[14.2179,12.3674],[14.2179,12.3696],[14.2201,12.3719],[14.2224,12.3719],[14.2224,12.3741],[14.2201,12.3764],[14.2134,12.3786],[14.2111,12.3809],[14.2089,12.3809],[14.2067,12.3809],[14.2044,12.3809],[14.2022,12.3831],[14.1999,12.3853],[14.1977,12.3853],[14.1977,12.3876],[14.1932,12.3943],[14.1887,12.4033],[14.1887,12.4056],[14.1864,12.4078],[14.1842,12.4078],[14.1819,12.4078],[14.1775,12.4078],[14.1752,12.4078],[14.1752,12.41],[14.173,12.41],[14.173,12.4123],[14.173,12.4145],[14.1752,12.4145],[14.1752,12.4168],[14.1775,12.4168],[14.1797,12.4168],[14.1797,12.419],[14.1775,12.4213],[14.1775,12.4235],[14.1752,12.4258],[14.1752,12.428],[14.1752,12.4303],[14.1775,12.4303],[14.1797,12.4303],[14.1797,12.428],[14.1819,12.428],[14.1842,12.428],[14.1864,12.428],[14.1864,12.4303],[14.1864,12.4325],[14.1864,12.4347],[14.1864,12.437],[14.1887,12.437],[14.1887,12.4347],[14.1909,12.4347],[14.1909,12.4325],[14.1932,12.4325],[14.1932,12.4347],[14.1954,12.4347],[14.1954,12.437],[14.1932,12.437],[14.1909,12.4392],[14.1887,12.4392],[14.1887,12.4415],[14.1887,12.4437],[14.1887,12.446],[14.1909,12.446],[14.1932,12.446],[14.1954,12.446],[14.1954,12.4482],[14.1977,12.4482],[14.1977,12.4505],[14.1954,12.4505],[14.1932,12.4505],[14.1909,12.4505],[14.1887,12.4505],[14.1864,12.4482],[14.1842,12.446],[14.1819,12.446],[14.1819,12.4482],[14.1819,12.4505],[14.1842,12.4505],[14.1842,12.4527],[14.1842,12.455],[14.1819,12.4572],[14.1819,12.4595],[14.1819,12.4617],[14.1819,12.4639],[14.1819,12.4662],[14.1797,12.4662],[14.1797,12.4684],[14.1797,12.4707],[14.1775,12.4707],[14.1775,12.4729],[14.1775,12.4752],[14.1752,12.4774],[14.1752,12.4797],[14.1775,12.4797],[14.1775,12.4819],[14.1797,12.4819],[14.1819,12.4819],[14.1842,12.4797],[14.1864,12.4797],[14.1864,12.4819],[14.1887,12.4819],[14.1887,12.4842],[14.1909,12.4864],[14.1909,12.4886],[14.1909,12.4909],[14.1909,12.4931],[14.1909,12.4954],[14.1909,12.4976],[14.1932,12.4999],[14.1954,12.5021],[14.1977,12.5021],[14.1999,12.5021],[14.1999,12.5044],[14.2044,12.5381],[14.2022,12.547],[14.1999,12.556],[14.1977,12.565],[14.1954,12.574],[14.1932,12.5807],[14.1932,12.583],[14.1909,12.5897],[14.1909,12.5987],[14.1887,12.6054],[14.1887,12.6077],[14.1864,12.6167],[14.1842,12.6256],[14.1819,12.6346],[14.1797,12.6436],[14.1797,12.6503],[14.1775,12.6593],[14.1752,12.6683],[14.173,12.6773],[14.1707,12.6863],[14.1685,12.6953],[14.1685,12.702],[14.1662,12.7042],[14.1662,12.7065],[14.1662,12.7132],[14.164,12.72],[14.1617,12.7289],[14.1595,12.7379],[14.1572,12.7469],[14.155,12.7559],[14.155,12.7649],[14.1528,12.7694],[14.1528,12.7739],[14.1505,12.7828],[14.1483,12.7896],[14.146,12.7986],[14.1438,12.8075],[14.1438,12.8098],[14.1415,12.8165],[14.1415,12.8255],[14.1393,12.8345],[14.137,12.8435],[14.1348,12.8525],[14.1325,12.8614],[14.1303,12.8682],[14.1303,12.8772],[14.128,12.8861],[14.1258,12.8951],[14.1236,12.9041],[14.1213,12.9131],[14.1191,12.9221],[14.1168,12.9311],[14.1168,12.9378],[14.1146,12.9468],[14.1123,12.9558],[14.1101,12.9647],[14.1078,12.9737],[14.1056,12.9827],[14.1056,12.9917],[14.1033,13.0007],[14.1011,13.0074],[14.0989,13.0164],[14.0966,13.0254],[14.0944,13.0344],[14.0921,13.0433],[14.0921,13.0523],[14.0899,13.0613],[14.0876,13.0703],[14.0854,13.0748],[14.0854,13.077],[14.0831,13.0838],[14.0786,13.086],[14.0719,13.0928],[14.0674,13.0972],[14.0652,13.1017],[14.0607,13.1085],[14.0562,13.1152],[14.0517,13.122],[14.0494,13.1242],[14.045,13.1287],[14.0427,13.1332],[14.0382,13.1399],[14.0337,13.1444],[14.027,13.1556],[14.0247,13.1601],[14.0203,13.1669],[14.0158,13.1714],[14.0113,13.1781],[14.0068,13.1848],[14.0023,13.1893],[13.9978,13.1961],[13.9933,13.2028],[13.9888,13.2095],[13.9843,13.2163],[13.9798,13.2208],[13.9776,13.2275],[13.9753,13.2297],[13.9664,13.2387],[13.9641,13.2432],[13.9619,13.2477],[13.9551,13.2545],[13.9529,13.2589],[13.9506,13.2612],[13.9461,13.2679],[13.9394,13.2747],[13.9349,13.2814],[13.9327,13.2881],[13.9259,13.2949],[13.9214,13.3016],[13.9169,13.3083],[13.9102,13.3173],[13.9057,13.3241],[13.899,13.3308],[13.8945,13.3398],[13.89,13.3465],[13.8878,13.351],[13.8833,13.3578],[13.8698,13.3735],[13.8675,13.378],[13.8653,13.3825],[13.8608,13.3869],[13.8563,13.3937],[13.8541,13.3982],[13.8496,13.4027],[13.8451,13.4094],[13.8428,13.4161],[13.8383,13.4206],[13.8361,13.4229],[13.8316,13.4296],[13.8271,13.4364],[13.8226,13.4431],[13.8181,13.4498],[13.8136,13.4566],[13.8092,13.4633],[13.8024,13.47],[13.8024,13.4745],[13.8002,13.479],[13.7957,13.4835],[13.7934,13.488],[13.7889,13.4925],[13.7844,13.497],[13.7822,13.5015],[13.78,13.506],[13.7755,13.5127],[13.762,13.5284],[13.762,13.5307],[13.762,13.5329],[13.7553,13.5374],[13.753,13.5442],[13.7463,13.5531],[13.7418,13.5599],[13.7373,13.5666],[13.7306,13.5733],[13.7261,13.5823],[13.7216,13.5891],[13.7148,13.5958],[13.7148,13.6003],[13.7126,13.6048],[13.7081,13.6093],[13.7036,13.6138],[13.6924,13.6272],[13.6879,13.634],[13.6834,13.6407],[13.6677,13.6609],[13.6632,13.6677],[13.6632,13.6699],[13.6564,13.6767],[13.6519,13.6811],[13.6475,13.6879],[13.643,13.6946],[13.6385,13.7014],[13.634,13.7103],[13.625,13.7103],[13.616,13.7103],[13.6138,13.7081],[13.607,13.7103],[13.6003,13.7103],[13.5913,13.7103],[13.5868,13.7103],[13.5823,13.7103],[13.5756,13.7103],[13.5689,13.7103],[13.5621,13.7103],[13.5554,13.7103],[13.5486,13.7103],[13.5419,13.7103],[13.5352,13.7103],[13.5262,13.7103],[13.5172,13.7103],[13.4835,13.7103],[13.4745,13.7103],[13.47,13.7103],[13.4656,13.7103],[13.4566,13.7103],[13.4498,13.7103],[13.4431,13.7103],[13.4364,13.7103],[13.4319,13.7103],[13.4161,13.7081],[13.4094,13.7103],[13.4004,13.7103],[13.3914,13.7126],[13.3847,13.7103],[13.3757,13.7103],[13.3712,13.7126],[13.3622,13.7126],[13.3533,13.7148],[13.351,13.7148],[13.3465,13.7148],[13.3443,13.7148],[13.342,13.7148],[13.3398,13.7148],[13.3375,13.7148],[13.3331,13.7148],[13.3308,13.7148],[13.3308,13.7126],[13.3331,13.7126],[13.3331,13.7103],[13.3353,13.7081],[13.3353,13.7058],[13.3353,13.6991],[13.3331,13.6969],[13.3308,13.6969],[13.3241,13.6924],[13.3218,13.6946],[13.3196,13.6946],[13.3151,13.6946],[13.3128,13.6969],[13.3106,13.6969],[13.3083,13.6969],[13.3083,13.6946],[13.3061,13.6924],[13.3061,13.6901],[13.3083,13.6901],[13.3083,13.6879],[13.3106,13.6879],[13.3083,13.6834],[13.3061,13.6834],[13.3039,13.6834],[13.3016,13.6789],[13.3016,13.6767],[13.3039,13.6767],[13.3039,13.6744],[13.3016,13.6744],[13.2994,13.6744],[13.2971,13.6744],[13.2949,13.6744],[13.2949,13.6722],[13.2971,13.6722],[13.2994,13.6699],[13.3016,13.6677],[13.2994,13.6654],[13.2971,13.6677],[13.2949,13.6699],[13.2926,13.6699],[13.2926,13.6654],[13.2949,13.6654],[13.2971,13.6654],[13.2971,13.6632],[13.2949,13.6609],[13.2926,13.6587],[13.2904,13.6587],[13.2859,13.6587],[13.2792,13.6542],[13.2769,13.6519],[13.2747,13.6497],[13.2747,13.6452],[13.2747,13.643],[13.2747,13.6407],[13.2702,13.6385],[13.2679,13.6385],[13.2634,13.6362],[13.2612,13.6362],[13.2612,13.634],[13.2589,13.6317],[13.2589,13.6295],[13.2589,13.6272],[13.2589,13.6228],[13.2589,13.6205],[13.2567,13.6183],[13.2545,13.6183],[13.25,13.6183],[13.2477,13.6183],[13.2455,13.6183],[13.2432,13.6183],[13.2432,13.616],[13.2432,13.6138],[13.2477,13.6093],[13.25,13.6093],[13.2522,13.6093],[13.2522,13.607],[13.2522,13.6048],[13.25,13.6048],[13.2477,13.6048],[13.2477,13.6025],[13.25,13.6003],[13.2522,13.5981],[13.2522,13.5958],[13.2545,13.5981],[13.2545,13.6003],[13.2567,13.6025],[13.2567,13.6048],[13.2589,13.6025],[13.2634,13.5958],[13.2612,13.5936],[13.2589,13.5936],[13.2567,13.5936],[13.2545,13.5913],[13.2545,13.5891],[13.2522,13.5868],[13.2545,13.5868],[13.2545,13.5846],[13.2522,13.5801],[13.2455,13.5823],[13.2455,13.5846],[13.2455,13.5868],[13.2432,13.5891],[13.241,13.5891],[13.2387,13.5891],[13.232,13.5868],[13.2297,13.5868],[13.2297,13.5846],[13.2297,13.5823],[13.2297,13.5801],[13.2275,13.5801],[13.2275,13.5778],[13.2275,13.5756],[13.2297,13.5756],[13.232,13.5733],[13.2342,13.5733],[13.2365,13.5711],[13.2387,13.5666],[13.2387,13.5644],[13.232,13.5599],[13.2275,13.5576],[13.2275,13.5554],[13.2253,13.5554],[13.2253,13.5576],[13.2208,13.5554],[13.2208,13.5509],[13.2185,13.5509],[13.2163,13.5509],[13.2163,13.5531],[13.2163,13.5554],[13.214,13.5554],[13.2118,13.5531],[13.2118,13.5486],[13.2095,13.5486],[13.2095,13.5464],[13.2095,13.5442],[13.2073,13.5442],[13.2073,13.5419],[13.205,13.5374],[13.205,13.5352],[13.2073,13.5352],[13.2095,13.5329],[13.2095,13.5307],[13.2073,13.5284],[13.205,13.5284],[13.205,13.5262],[13.2028,13.5262],[13.2028,13.5284],[13.2006,13.5284],[13.1983,13.5284],[13.1961,13.5262],[13.1961,13.5239],[13.1961,13.5217],[13.1983,13.5194],[13.2006,13.5194],[13.2006,13.5172],[13.2006,13.515],[13.1983,13.5127],[13.1961,13.5127],[13.1938,13.515],[13.1916,13.515],[13.1916,13.5172],[13.1893,13.5172],[13.1893,13.5194],[13.1871,13.5194],[13.1871,13.5217],[13.1871,13.5239],[13.1871,13.5262],[13.1871,13.5284],[13.1871,13.5307],[13.1871,13.5329],[13.1871,13.5352],[13.1848,13.5352],[13.1826,13.5374],[13.1803,13.5374],[13.1736,13.5352],[13.1714,13.5329],[13.1714,13.5307],[13.1691,13.5307],[13.1669,13.5307],[13.1669,13.5329],[13.1646,13.5329],[13.1624,13.5329],[13.1624,13.5307],[13.1579,13.5262],[13.1579,13.5217],[13.1579,13.5194],[13.1556,13.5172],[13.1444,13.5172],[13.1422,13.5172],[13.1399,13.5194],[13.1399,13.5217],[13.1422,13.5329],[13.1422,13.5352],[13.1444,13.5352],[13.1444,13.5419],[13.1422,13.5419],[13.1444,13.5442],[13.1489,13.5486],[13.1489,13.5509],[13.1467,13.5509],[13.1444,13.5486],[13.1422,13.5486],[13.1422,13.5464],[13.1399,13.5442],[13.1399,13.5419],[13.1377,13.5419],[13.1354,13.5419],[13.1332,13.5419],[13.1287,13.5442],[13.1264,13.5442],[13.1242,13.5419],[13.1242,13.5397],[13.122,13.5397],[13.122,13.5374],[13.1242,13.5374],[13.1264,13.5352],[13.1287,13.5307],[13.1264,13.5307],[13.1242,13.5284],[13.1264,13.5284],[13.1264,13.5262],[13.1287,13.5262],[13.1287,13.5239],[13.1264,13.5217],[13.1242,13.5217],[13.122,13.5217],[13.1197,13.5217],[13.1197,13.5239],[13.1175,13.5262],[13.1152,13.5284],[13.113,13.5284],[13.113,13.5307],[13.113,13.5329],[13.1085,13.5397],[13.1062,13.5397],[13.104,13.5397],[13.1017,13.5397],[13.1017,13.5374],[13.1017,13.5352],[13.1017,13.5329],[13.1017,13.5284],[13.0995,13.5284],[13.0972,13.5284],[13.0972,13.5262],[13.0972,13.5239],[13.0928,13.5172],[13.0905,13.5172],[13.0905,13.5194],[13.0838,13.5217],[13.077,13.5239],[13.0748,13.5262],[13.0725,13.5262],[13.0681,13.5262],[13.0658,13.5262],[13.0636,13.5262],[13.0636,13.5284],[13.0613,13.5284],[13.0613,13.5329],[13.0681,13.5374],[13.0703,13.5374],[13.0703,13.5352],[13.0703,13.5329],[13.0725,13.5329],[13.0748,13.5352],[13.0748,13.5374],[13.0703,13.5397],[13.0703,13.5419],[13.0703,13.5464],[13.0681,13.5464],[13.0681,13.5486],[13.0658,13.5486],[13.0658,13.5509],[13.0636,13.5509],[13.0636,13.5486],[13.0613,13.5486],[13.0591,13.5464],[13.0591,13.5442],[13.0568,13.5419],[13.0546,13.5397],[13.0501,13.5374],[13.0478,13.5397],[13.0456,13.5419],[13.0456,13.5442],[13.0433,13.5442],[13.0433,13.5419],[13.0433,13.5397],[13.0456,13.5352],[13.0433,13.5284],[13.0344,13.5307],[13.0299,13.5329],[13.0299,13.5352],[13.0276,13.5352],[13.0276,13.5374],[13.0231,13.5374],[13.0209,13.5329],[13.0142,13.5262],[13.0119,13.5217],[13.0097,13.5194],[13.0097,13.5172],[13.0074,13.515],[13.0074,13.5127],[13.0052,13.5105],[13.0029,13.5127],[13.0007,13.5127],[13.0007,13.515],[13.0007,13.5172],[12.9984,13.5172],[12.9984,13.5194],[12.9962,13.5194],[12.9939,13.5194],[12.9917,13.5194],[12.9917,13.5172],[12.9895,13.5172],[12.985,13.515],[12.985,13.5172],[12.9827,13.5172],[12.9827,13.5194],[12.9805,13.5217],[12.9782,13.5194],[12.9782,13.5172],[12.976,13.5172],[12.976,13.515],[12.9737,13.515],[12.9715,13.515],[12.9715,13.5172],[12.9715,13.5194],[12.9692,13.5217],[12.9647,13.5217],[12.9647,13.5194],[12.9647,13.5172],[12.967,13.5172],[12.967,13.515],[12.9647,13.515],[12.9625,13.515],[12.9625,13.5172],[12.9603,13.5194],[12.958,13.5217],[12.9558,13.5217],[12.9558,13.5194],[12.9558,13.5172],[12.9535,13.5172],[12.9535,13.515],[12.9535,13.5127],[12.9535,13.5105],[12.9558,13.5105],[12.9558,13.5082],[12.958,13.506],[12.9603,13.5015],[12.958,13.5015],[12.958,13.4992],[12.9535,13.4992],[12.9513,13.4992],[12.949,13.5015],[12.9468,13.506],[12.9445,13.506],[12.9445,13.5082],[12.94,13.506],[12.9378,13.506],[12.9356,13.506],[12.9356,13.5037],[12.9243,13.4947],[12.9243,13.4925],[12.9243,13.4903],[12.9198,13.488],[12.9176,13.488],[12.9153,13.488],[12.9041,13.488],[12.9019,13.488],[12.9019,13.4903],[12.8996,13.4925],[12.8974,13.4925],[12.8951,13.4925],[12.8951,13.4903],[12.8929,13.4903],[12.8906,13.4903],[12.8906,13.4925],[12.8906,13.4947],[12.8929,13.4947],[12.8929,13.497],[12.8929,13.4992],[12.8906,13.4992],[12.8906,13.5015],[12.8884,13.5015],[12.8861,13.5015],[12.8839,13.4992],[12.8839,13.5015],[12.8817,13.5015],[12.8794,13.5015],[12.8772,13.5015],[12.8749,13.5015],[12.8727,13.5015],[12.8704,13.497],[12.8682,13.4925],[12.8682,13.4903],[12.8682,13.488],[12.8704,13.488],[12.8704,13.4858],[12.8727,13.4858],[12.8727,13.4835],[12.8749,13.4813],[12.8749,13.479],[12.8749,13.4768],[12.8749,13.4723],[12.8727,13.4723],[12.8704,13.4745],[12.8682,13.4768],[12.8659,13.479],[12.8659,13.4813],[12.8637,13.4813],[12.8614,13.4835],[12.8592,13.4835],[12.857,13.4858],[12.857,13.488],[12.8547,13.488],[12.8525,13.4858],[12.8547,13.4858],[12.8547,13.4835],[12.8525,13.479],[12.8502,13.479],[12.848,13.479],[12.8457,13.479],[12.8435,13.479],[12.8435,13.4768],[12.8457,13.4768],[12.8457,13.4745],[12.8502,13.4745],[12.8547,13.4745],[12.857,13.4723],[12.8592,13.4678],[12.8592,13.4656],[12.857,13.4656],[12.8547,13.4656],[12.8547,13.4633],[12.8547,13.4588],[12.8547,13.4566],[12.8547,13.4543],[12.8547,13.4521],[12.8547,13.4498],[12.857,13.4498],[12.857,13.4476],[12.8592,13.4431],[12.857,13.4408],[12.857,13.4431],[12.8547,13.4453],[12.8525,13.4453],[12.8502,13.4453],[12.8502,13.4431],[12.848,13.4431],[12.8457,13.4431],[12.8412,13.4408],[12.839,13.4431],[12.839,13.4453],[12.8412,13.4498],[12.839,13.4498],[12.8367,13.4498],[12.8367,13.4476],[12.8345,13.4453],[12.8345,13.4431],[12.8367,13.4431],[12.8367,13.4408],[12.8367,13.4386],[12.8345,13.4386],[12.8345,13.4364],[12.83,13.4364],[12.8278,13.4364],[12.8278,13.4386],[12.8255,13.4364],[12.8233,13.4341],[12.8233,13.4319],[12.821,13.4319],[12.8188,13.4319],[12.8165,13.4319],[12.8143,13.4319],[12.812,13.4319],[12.812,13.4296],[12.8143,13.4296],[12.8143,13.4274],[12.821,13.4251],[12.8233,13.4251],[12.8255,13.4251],[12.8278,13.4229],[12.83,13.4206],[12.8278,13.4184],[12.8278,13.4139],[12.83,13.4139],[12.83,13.4117],[12.83,13.4094],[12.8322,13.4094],[12.83,13.4072],[12.8278,13.4049],[12.8278,13.4027],[12.8255,13.4027],[12.8233,13.4027],[12.821,13.4027],[12.8188,13.4049],[12.8188,13.4072]],[[12.8525,9.3738],[12.8502,9.3715],[12.8525,9.3715],[12.8525,9.3738]],[[9.6231,8.3834],[9.6208,8.3879],[9.6186,8.3879],[9.6231,8.3834]],[[12.2798,13.0815],[12.282,13.0815],[12.282,13.0793],[12.2843,13.0793],[12.2888,13.0793],[12.2888,13.0815],[12.291,13.0815],[12.2888,13.0838],[12.2865,13.0838],[12.2843,13.0838],[12.282,13.0838],[12.2798,13.0838],[12.2798,13.0815]]]]}}]}