{"type":"FeatureCollection","features":[{"type":"Feature","properties":{"id":"jigawa","name":"Jigawa"},"geometry":{"type":"Polygon","coordinates":[[[8.1454,12.6638],[8.1498,12.6638],[8.1543,12.6638],[8.1611,12.6616],[8.1656,12.6593],[8.179,12.6548],[8.1858,12.6548],[8.1925,12.6526],[8.197,12.6481],[8.1993,12.6436],[8.2015,12.6414],[8.206,12.6391],[8.215,12.6391],[8.2217,12.6414],[8.2262,12.6436],[8.2307,12.6459],[8.2374,12.6481],[8.2442,12.6481],[8.2487,12.6391],[8.2509,12.6369],[8.2599,12.6346],[8.2666,12.6346],[8.2711,12.6369],[8.2756,12.6414],[8.2823,12.6414],[8.2868,12.6391],[8.2913,12.6211],[8.2913,12.6122],[8.2913,12.6054],[8.2891,12.6009],[8.2936,12.5942],[8.2981,12.592],[8.3026,12.5897],[8.3048,12.5875],[8.3093,12.583],[8.3115,12.5785],[8.3115,12.565],[8.3115,12.556],[8.3115,12.5403],[8.3115,12.5178],[8.3138,12.5111],[8.316,12.5044],[8.3228,12.4976],[8.334,12.4909],[8.3385,12.4864],[8.3452,12.4819],[8.352,12.4797],[8.3565,12.4752],[8.3609,12.4684],[8.3609,12.4662],[8.3609,12.4639],[8.3632,12.4617],[8.3677,12.4527],[8.3699,12.4505],[8.3744,12.4437],[8.3812,12.4415],[8.3834,12.4437],[8.3857,12.4482],[8.3857,12.4527],[8.3857,12.4639],[8.3879,12.4752],[8.3901,12.4774],[8.3924,12.4819],[8.4036,12.4909],[8.4193,12.5111],[8.4216,12.5134],[8.4238,12.5223],[8.4283,12.5313],[8.4351,12.5403],[8.4396,12.5538],[8.4418,12.5605],[8.4463,12.565],[8.462,12.583],[8.4665,12.5875],[8.471,12.5875],[8.48,12.5852],[8.5002,12.5852],[8.5137,12.5897],[8.5294,12.5897],[8.5451,12.5942],[8.5496,12.5942],[8.5586,12.5942],[8.5833,12.5964],[8.599,12.5987],[8.608,12.5942],[8.6192,12.5897],[8.6282,12.5897],[8.6372,12.592],[8.6484,12.5942],[8.6484,12.592],[8.6574,12.5897],[8.6619,12.5897],[8.6709,12.5875],[8.6911,12.583],[8.7135,12.574],[8.7158,12.5717],[8.718,12.5672],[8.7158,12.5583],[8.7113,12.547],[8.709,12.5425],[8.7023,12.5358],[8.6911,12.5291],[8.6866,12.5268],[8.6843,12.5223],[8.6821,12.5178],[8.6821,12.5156],[8.6776,12.5044],[8.6776,12.5021],[8.6776,12.4954],[8.6821,12.4842],[8.6843,12.4797],[8.6843,12.4774],[8.6866,12.4729],[8.6911,12.4707],[8.6933,12.4684],[8.7023,12.4595],[8.7068,12.4527],[8.7113,12.4505],[8.718,12.4482],[8.7203,12.446],[8.7337,12.4437],[8.7382,12.4415],[8.7427,12.4392],[8.7472,12.4415],[8.7562,12.4392],[8.7652,12.4392],[8.7674,12.437],[8.7854,12.4258],[8.7876,12.4258],[8.7944,12.4258],[8.7966,12.4235],[8.8123,12.419],[8.8146,12.4168],[8.8168,12.4145],[8.8168,12.4056],[8.8146,12.4033],[8.8101,12.3966],[8.8056,12.3943],[8.8011,12.3898],[8.7989,12.3876],[8.7921,12.3764],[8.7809,12.3629],[8.7742,12.3539],[8.7697,12.3494],[8.7517,12.3292],[8.7405,12.3157],[8.7382,12.309],[8.736,12.3],[8.7337,12.2933],[8.7315,12.2888],[8.7315,12.282],[8.7315,12.2708],[8.7293,12.2686],[8.727,12.2596],[8.727,12.2551],[8.727,12.2484],[8.7248,12.2371],[8.7225,12.2349],[8.7225,12.2326],[8.7203,12.2236],[8.7203,12.2169],[8.7248,12.2147],[8.7293,12.2147],[8.7405,12.2192],[8.7427,12.2236],[8.754,12.2394],[8.7562,12.2416],[8.7719,12.2708],[8.7742,12.2753],[8.7787,12.282],[8.7832,12.2843],[8.7876,12.2865],[8.7944,12.2888],[8.7966,12.291],[8.7989,12.2955],[8.7989,12.3],[8.7989,12.3022],[8.8011,12.3067],[8.8079,12.3135],[8.8191,12.3157],[8.8236,12.3157],[8.837,12.3157],[8.8415,12.309],[8.8438,12.3],[8.8438,12.2955],[8.8438,12.2933],[8.846,12.282],[8.8505,12.2798],[8.8528,12.2775],[8.864,12.282],[8.8662,12.2933],[8.8662,12.3],[8.8685,12.3067],[8.8707,12.309],[8.8797,12.3135],[8.8909,12.3157],[8.8954,12.3157],[8.9022,12.3157],[8.9067,12.3157],[8.9067,12.3135],[8.9067,12.309],[8.9044,12.3067],[8.9022,12.3022],[8.8999,12.2978],[8.8977,12.2955],[8.8932,12.2888],[8.8909,12.2843],[8.8909,12.282],[8.8887,12.2708],[8.8909,12.2686],[8.8977,12.2551],[8.9022,12.2461],[8.9112,12.2349],[8.9426,12.2079],[8.9471,12.2034],[8.9516,12.1989],[8.9538,12.1967],[8.9628,12.1832],[8.9628,12.1787],[8.9651,12.1675],[8.9673,12.1585],[8.9673,12.154],[8.9673,12.1518],[8.9651,12.1495],[8.9628,12.1473],[8.9606,12.1473],[8.9583,12.1473],[8.9538,12.1473],[8.9516,12.145],[8.9516,12.1406],[8.9516,12.1383],[8.9516,12.1361],[8.9493,12.1316],[8.9493,12.1293],[8.9471,12.1248],[8.9426,12.1203],[8.9426,12.1181],[8.9404,12.1136],[8.9426,12.1114],[8.9448,12.1091],[8.9471,12.1046],[8.9471,12.1024],[8.9493,12.0889],[8.9471,12.0844],[8.9471,12.0799],[8.9448,12.0732],[8.9471,12.0687],[8.9493,12.0687],[8.9538,12.0732],[8.9583,12.0799],[8.9651,12.0844],[8.9695,12.0867],[8.9785,12.0889],[8.9808,12.0889],[8.9853,12.0867],[8.9853,12.0844],[8.992,12.0799],[8.9943,12.0777],[8.9965,12.0777],[9.0077,12.0754],[9.01,12.0754],[9.0167,12.0754],[9.0257,12.0777],[9.0414,12.0822],[9.0437,12.0799],[9.0481,12.0822],[9.0594,12.0844],[9.0661,12.0822],[9.0684,12.0822],[9.0706,12.0777],[9.0729,12.0709],[9.0796,12.0485],[9.0818,12.0417],[9.0841,12.0395],[9.0841,12.0373],[9.0886,12.0305],[9.0908,12.0283],[9.0976,12.0238],[9.102,12.0215],[9.1088,12.017],[9.12,12.0148],[9.1245,12.0148],[9.1357,12.017],[9.1402,12.017],[9.1425,12.0215],[9.1447,12.0238],[9.147,12.0305],[9.147,12.035],[9.147,12.044],[9.147,12.062],[9.1492,12.0709],[9.1515,12.0799],[9.1537,12.0822],[9.1604,12.0934],[9.1649,12.1001],[9.1672,12.1046],[9.1717,12.1091],[9.1829,12.1159],[9.1851,12.1159],[9.1964,12.1203],[9.2031,12.1203],[9.2121,12.1181],[9.2143,12.1159],[9.2188,12.1001],[9.2233,12.0844],[9.2233,12.0754],[9.2233,12.062],[9.2211,12.0552],[9.2188,12.053],[9.2166,12.0417],[9.2166,12.026],[9.2166,12.0238],[9.2166,12.0193],[9.2211,12.0125],[9.2211,12.0103],[9.2256,12.0036],[9.2301,12.0013],[9.2368,12.0013],[9.239,12.0013],[9.2503,12.0013],[9.2548,11.9968],[9.2548,11.9923],[9.2503,11.9878],[9.2435,11.9856],[9.2345,11.9789],[9.2301,11.9766],[9.2233,11.9699],[9.2211,11.9676],[9.2211,11.9654],[9.2188,11.9609],[9.2211,11.9519],[9.2211,11.9452],[9.2256,11.9384],[9.2301,11.9317],[9.2345,11.925],[9.2345,11.9227],[9.2368,11.916],[9.239,11.907],[9.239,11.9048],[9.239,11.9003],[9.2368,11.898],[9.2368,11.8958],[9.2345,11.8913],[9.2301,11.8845],[9.2256,11.88],[9.2233,11.8756],[9.2143,11.8711],[9.2121,11.8711],[9.2076,11.8711],[9.2009,11.8643],[9.2009,11.8621],[9.1986,11.8553],[9.1941,11.8509],[9.1762,11.8351],[9.1649,11.8239],[9.1582,11.8172],[9.1515,11.8127],[9.1447,11.8082],[9.1425,11.7992],[9.1402,11.7902],[9.1402,11.7857],[9.1425,11.779],[9.1425,11.7767],[9.1447,11.77],[9.147,11.7655],[9.147,11.7633],[9.147,11.7588],[9.147,11.7498],[9.147,11.7475],[9.147,11.7453],[9.1492,11.7431],[9.1604,11.7363],[9.1627,11.7363],[9.1649,11.7386],[9.1672,11.7408],[9.1717,11.7431],[9.1762,11.7453],[9.1784,11.7475],[9.1874,11.7498],[9.1896,11.7475],[9.1919,11.7453],[9.1941,11.7431],[9.2076,11.7431],[9.2143,11.7453],[9.2188,11.7453],[9.2233,11.7475],[9.2345,11.7498],[9.2368,11.7498],[9.2413,11.7498],[9.2458,11.7475],[9.248,11.7453],[9.2503,11.7431],[9.2503,11.7386],[9.2503,11.7341],[9.2503,11.7251],[9.2458,11.7251],[9.2458,11.7206],[9.2413,11.7116],[9.2368,11.7026],[9.2345,11.7004],[9.2278,11.7026],[9.2233,11.7049],[9.2211,11.7049],[9.2188,11.7026],[9.2166,11.7004],[9.2188,11.6959],[9.2211,11.6892],[9.2256,11.6847],[9.2301,11.6712],[9.2301,11.6645],[9.2323,11.66],[9.2345,11.6577],[9.2368,11.6555],[9.2413,11.6555],[9.2435,11.6555],[9.2503,11.6555],[9.2525,11.6577],[9.2548,11.6577],[9.257,11.66],[9.2727,11.6645],[9.275,11.6645],[9.2772,11.6622],[9.2772,11.66],[9.275,11.6577],[9.2705,11.6442],[9.2682,11.6375],[9.2637,11.6173],[9.2637,11.615],[9.2727,11.6016],[9.2772,11.5971],[9.2952,11.5881],[9.2997,11.5859],[9.3087,11.5814],[9.3109,11.5814],[9.3154,11.5814],[9.3311,11.5769],[9.3468,11.5769],[9.3603,11.5746],[9.3648,11.5701],[9.3626,11.5634],[9.3648,11.5589],[9.3626,11.5567],[9.3603,11.5522],[9.3558,11.5499],[9.3513,11.5477],[9.3468,11.5477],[9.3423,11.5454],[9.3379,11.5409],[9.3356,11.5387],[9.3334,11.5364],[9.3311,11.5342],[9.3311,11.5275],[9.3311,11.5252],[9.3311,11.523],[9.3289,11.5207],[9.3244,11.5117],[9.3176,11.5117],[9.3109,11.5095],[9.3019,11.5073],[9.2952,11.5028],[9.2907,11.4983],[9.284,11.4938],[9.2795,11.4915],[9.2682,11.487],[9.2503,11.4803],[9.2413,11.4781],[9.2345,11.4781],[9.2278,11.4758],[9.2256,11.4736],[9.2233,11.4713],[9.2233,11.4691],[9.2233,11.4623],[9.2233,11.4578],[9.2233,11.4534],[9.2211,11.4466],[9.2188,11.4376],[9.2166,11.4264],[9.2121,11.4152],[9.2098,11.4084],[9.2031,11.3995],[9.1986,11.3905],[9.1964,11.386],[9.1964,11.3815],[9.1941,11.3748],[9.1919,11.368],[9.1919,11.3658],[9.1941,11.3613],[9.1941,11.359],[9.1941,11.3545],[9.1941,11.35],[9.2256,11.3658],[9.239,11.368],[9.2795,11.3725],[9.2997,11.3703],[9.3131,11.3703],[9.3311,11.359],[9.3356,11.359],[9.3491,11.35],[9.3626,11.3456],[9.3805,11.3366],[9.3918,11.3298],[9.4007,11.3231],[9.4165,11.3164],[9.4232,11.3141],[9.4277,11.3119],[9.4344,11.3119],[9.4456,11.3074],[9.4546,11.3074],[9.4659,11.3074],[9.4748,11.3096],[9.4861,11.3209],[9.4951,11.3298],[9.4995,11.3343],[9.5063,11.3343],[9.5153,11.3366],[9.5243,11.3388],[9.5287,11.3411],[9.5355,11.3411],[9.5422,11.3388],[9.5467,11.3388],[9.5557,11.3343],[9.5579,11.3343],[9.5669,11.3276],[9.5714,11.3231],[9.5714,11.3209],[9.5737,11.3164],[9.5759,11.3096],[9.5759,11.2984],[9.5781,11.2872],[9.5759,11.2827],[9.5759,11.2804],[9.5759,11.2759],[9.5759,11.2714],[9.5826,11.2602],[9.5849,11.258],[9.5894,11.2602],[9.5961,11.2602],[9.6029,11.258],[9.6141,11.2557],[9.6163,11.2557],[9.6253,11.2535],[9.65,11.2535],[9.6545,11.2535],[9.6702,11.2557],[9.6927,11.258],[9.7084,11.2602],[9.7241,11.2647],[9.7376,11.2647],[9.7466,11.2625],[9.7488,11.2625],[9.7601,11.2647],[9.7848,11.2759],[9.8005,11.2849],[9.8095,11.2849],[9.8184,11.2849],[9.8229,11.2827],[9.8252,11.2827],[9.8252,11.2782],[9.8252,11.2737],[9.8319,11.2602],[9.8342,11.2512],[9.8364,11.2467],[9.8387,11.2445],[9.8431,11.24],[9.8454,11.2355],[9.8499,11.2265],[9.8566,11.2108],[9.8611,11.1951],[9.8634,11.1928],[9.8656,11.1861],[9.8701,11.1794],[9.8768,11.1726],[9.8791,11.1726],[9.8813,11.1704],[9.8881,11.1659],[9.8926,11.1614],[9.8926,11.1592],[9.8926,11.1547],[9.8903,11.1524],[9.8791,11.1412],[9.8723,11.1345],[9.8656,11.13],[9.8634,11.1277],[9.8589,11.121],[9.8566,11.1187],[9.8544,11.1098],[9.8544,11.1008],[9.8544,11.0895],[9.8544,11.0761],[9.8544,11.0716],[9.8521,11.0671],[9.8521,11.0648],[9.8544,11.0536],[9.8544,11.0514],[9.8544,11.0446],[9.8544,11.0401],[9.8544,11.0379],[9.8589,11.0199],[9.8589,11.0154],[9.8656,10.9997],[9.8746,10.9975],[9.8881,10.993],[9.9015,10.984],[9.9083,10.9817],[9.9217,10.975],[9.9397,10.9683],[9.9509,10.9638],[9.9532,10.9615],[9.9577,10.9615],[9.9667,10.9615],[9.9689,10.9615],[9.9734,10.9638],[9.9846,10.966],[9.9936,10.966],[10.0026,10.966],[10.0093,10.9683],[10.0183,10.9773],[10.0206,10.9817],[10.0295,10.9862],[10.052,10.9885],[10.0587,10.9862],[10.0677,10.9862],[10.0722,10.9885],[10.0767,10.9885],[10.079,10.9885],[10.0857,10.9862],[10.1014,10.9817],[10.1037,10.9817],[10.1059,10.9773],[10.1059,10.975],[10.1081,10.9683],[10.1104,10.9638],[10.1149,10.9593],[10.1194,10.9548],[10.1261,10.9503],[10.1351,10.9481],[10.1441,10.9458],[10.1598,10.9436],[10.1733,10.9413],[10.1755,10.9413],[10.1823,10.9436],[10.1867,10.9436],[10.1912,10.9481],[10.1935,10.9503],[10.1935,10.9526],[10.1957,10.9593],[10.1957,10.9615],[10.1957,10.9638],[10.1935,10.9683],[10.1867,10.9728],[10.18,10.9773],[10.1755,10.9773],[10.1665,10.9817],[10.1643,10.9817],[10.1576,10.9862],[10.1553,10.9907],[10.1531,10.993],[10.1441,11.0064],[10.1418,11.0177],[10.1486,11.0334],[10.1531,11.0401],[10.1531,11.0424],[10.1598,11.0536],[10.162,11.0559],[10.1665,11.0626],[10.1688,11.0671],[10.1755,11.0738],[10.1778,11.0783],[10.18,11.0806],[10.189,11.0895],[10.1935,11.094],[10.198,11.1008],[10.2025,11.1008],[10.207,11.103],[10.2159,11.103],[10.2182,11.103],[10.2294,11.103],[10.2294,11.1008],[10.2339,11.0963],[10.2429,11.094],[10.2564,11.094],[10.2609,11.094],[10.2631,11.0963],[10.2653,11.0985],[10.2676,11.1008],[10.2676,11.103],[10.2766,11.1142],[10.2856,11.1187],[10.2945,11.1277],[10.3058,11.1345],[10.3125,11.1367],[10.317,11.1367],[10.3192,11.1345],[10.3237,11.13],[10.3282,11.13],[10.3305,11.1322],[10.3327,11.1345],[10.335,11.1389],[10.335,11.1434],[10.3395,11.1502],[10.3395,11.1524],[10.3507,11.1659],[10.3552,11.1704],[10.3619,11.1749],[10.3642,11.1794],[10.3664,11.1951],[10.3664,11.2018],[10.3664,11.2063],[10.3642,11.2063],[10.3574,11.2086],[10.3529,11.2086],[10.3462,11.2086],[10.3395,11.2063],[10.3305,11.2063],[10.3192,11.2041],[10.299,11.2063],[10.2878,11.2086],[10.2698,11.2131],[10.2653,11.2131],[10.2609,11.2131],[10.2474,11.2198],[10.2384,11.222],[10.2362,11.2243],[10.2294,11.2243],[10.2137,11.2265],[10.2092,11.2265],[10.2002,11.2265],[10.1957,11.2243],[10.189,11.222],[10.1755,11.2243],[10.1643,11.2288],[10.1598,11.231],[10.1508,11.2378],[10.1486,11.24],[10.1418,11.24],[10.1373,11.24],[10.1328,11.24],[10.1284,11.24],[10.1171,11.2445],[10.1081,11.249],[10.0992,11.2535],[10.0879,11.258],[10.0767,11.258],[10.0632,11.2602],[10.061,11.2625],[10.0565,11.2625],[10.0498,11.2625],[10.0363,11.2625],[10.0318,11.2602],[10.0138,11.2535],[10.0071,11.2512],[10.0048,11.249],[10.0026,11.249],[10.0004,11.2467],[9.9981,11.2467],[9.9914,11.2512],[9.9801,11.2737],[9.9779,11.2804],[9.9756,11.2827],[9.9734,11.2894],[9.9667,11.2962],[9.9577,11.3096],[9.9554,11.3141],[9.9532,11.3209],[9.9442,11.3253],[9.9307,11.3343],[9.9262,11.3388],[9.924,11.3433],[9.9217,11.3456],[9.9195,11.3478],[9.9173,11.3478],[9.915,11.3478],[9.9128,11.3478],[9.9083,11.3456],[9.906,11.3456],[9.897,11.3478],[9.8858,11.3568],[9.8836,11.359],[9.8791,11.3658],[9.8768,11.368],[9.8768,11.3725],[9.8768,11.3748],[9.8791,11.3792],[9.8791,11.386],[9.8813,11.3995],[9.8813,11.4017],[9.8813,11.4039],[9.8813,11.4084],[9.8813,11.4129],[9.8813,11.4197],[9.8791,11.4287],[9.8791,11.4309],[9.8791,11.4331],[9.8813,11.4444],[9.8836,11.4556],[9.8836,11.4623],[9.8836,11.4646],[9.8746,11.4736],[9.8701,11.4803],[9.8679,11.487],[9.8634,11.4915],[9.8544,11.496],[9.8521,11.4983],[9.8476,11.4983],[9.8409,11.487],[9.8387,11.4848],[9.8364,11.4803],[9.8319,11.4736],[9.8184,11.4623],[9.8095,11.4601],[9.8005,11.4623],[9.7982,11.4623],[9.7915,11.4668],[9.787,11.4736],[9.787,11.4781],[9.7848,11.4983],[9.7848,11.505],[9.7825,11.5095],[9.7825,11.514],[9.7803,11.5207],[9.778,11.5252],[9.778,11.5297],[9.778,11.532],[9.7825,11.5387],[9.7915,11.5477],[9.7982,11.5522],[9.8027,11.5544],[9.8095,11.5589],[9.814,11.5612],[9.8184,11.5679],[9.8184,11.5701],[9.8207,11.5769],[9.8207,11.5791],[9.8207,11.5859],[9.8184,11.5903],[9.8162,11.5971],[9.8162,11.6016],[9.8184,11.6061],[9.8207,11.6083],[9.8229,11.6128],[9.8252,11.6195],[9.8274,11.6263],[9.8274,11.642],[9.8252,11.6487],[9.8229,11.6555],[9.8207,11.6645],[9.8207,11.6712],[9.8207,11.6824],[9.8207,11.6892],[9.8207,11.6914],[9.8207,11.6959],[9.8207,11.7004],[9.8207,11.7139],[9.8184,11.7206],[9.8162,11.7296],[9.814,11.7341],[9.8095,11.7408],[9.805,11.7431],[9.8027,11.7453],[9.7982,11.7475],[9.7848,11.752],[9.7668,11.7498],[9.7623,11.7475],[9.7578,11.7475],[9.7533,11.7453],[9.7443,11.7431],[9.7354,11.7408],[9.7331,11.7408],[9.7309,11.7386],[9.7151,11.7341],[9.7106,11.7341],[9.6815,11.7296],[9.6635,11.7296],[9.6612,11.7296],[9.6523,11.7318],[9.65,11.7318],[9.6455,11.7318],[9.6388,11.7363],[9.6343,11.7408],[9.632,11.7431],[9.6298,11.7475],[9.6276,11.7543],[9.6276,11.7588],[9.6276,11.761],[9.6276,11.7633],[9.6298,11.7678],[9.6343,11.7812],[9.6365,11.7835],[9.6388,11.7857],[9.6433,11.7902],[9.65,11.7925],[9.6523,11.7925],[9.6567,11.7947],[9.6612,11.7992],[9.6635,11.8037],[9.6657,11.8082],[9.6657,11.8104],[9.6657,11.8149],[9.6657,11.8217],[9.668,11.8306],[9.6702,11.8351],[9.6725,11.8374],[9.6725,11.8396],[9.6747,11.8464],[9.6747,11.8553],[9.6725,11.8621],[9.6725,11.8688],[9.6747,11.8778],[9.6815,11.8868],[9.6837,11.889],[9.6904,11.8913],[9.6927,11.8913],[9.6994,11.8868],[9.7106,11.88],[9.7151,11.8778],[9.7196,11.8778],[9.7264,11.88],[9.7309,11.88],[9.7354,11.8823],[9.7421,11.8868],[9.7443,11.8913],[9.7511,11.8935],[9.7578,11.8935],[9.7601,11.8935],[9.769,11.8935],[9.778,11.8958],[9.7848,11.9003],[9.8005,11.9048],[9.8027,11.9048],[9.8072,11.9048],[9.8117,11.907],[9.8207,11.9137],[9.8319,11.9227],[9.8476,11.9384],[9.8521,11.9407],[9.8611,11.9429],[9.8791,11.9497],[9.8836,11.9519],[9.8903,11.9519],[9.8948,11.9519],[9.8993,11.9519],[9.9015,11.9542],[9.906,11.9564],[9.9128,11.9586],[9.9375,11.9654],[9.9487,11.9676],[9.9509,11.9676],[9.9577,11.9654],[9.9622,11.9654],[9.9644,11.9631],[9.9689,11.9654],[9.9801,11.9721],[9.9959,11.9766],[10.0093,11.9789],[10.0206,11.9834],[10.0363,11.9878],[10.0475,11.9923],[10.0587,11.9946],[10.0655,11.9968],[10.0722,12.0013],[10.0947,12.0103],[10.0969,12.0125],[10.0969,12.0148],[10.0969,12.017],[10.0947,12.0238],[10.0992,12.0283],[10.1037,12.0305],[10.1059,12.0305],[10.1104,12.0283],[10.1126,12.0283],[10.1216,12.0283],[10.1216,12.0305],[10.1261,12.0373],[10.1306,12.0395],[10.1351,12.0395],[10.1396,12.0373],[10.1418,12.0373],[10.1441,12.0373],[10.1508,12.0395],[10.1531,12.0395],[10.1553,12.0417],[10.1598,12.0462],[10.1643,12.0485],[10.1688,12.0507],[10.1733,12.053],[10.1733,12.0597],[10.1755,12.062],[10.1755,12.0664],[10.1755,12.0709],[10.1755,12.0754],[10.1733,12.0822],[10.1688,12.0934],[10.1643,12.1046],[10.162,12.1091],[10.162,12.1114],[10.162,12.1226],[10.162,12.1316],[10.162,12.1383],[10.1665,12.1518],[10.1733,12.1742],[10.1755,12.181],[10.1778,12.1832],[10.18,12.19],[10.1845,12.1989],[10.1867,12.2102],[10.189,12.2192],[10.1912,12.2259],[10.1935,12.2349],[10.198,12.2416],[10.2002,12.2461],[10.2025,12.2484],[10.2047,12.2528],[10.2137,12.2663],[10.2159,12.2731],[10.2182,12.2731],[10.2204,12.2775],[10.2294,12.2955],[10.2384,12.3135],[10.2406,12.318],[10.2429,12.3225],[10.2429,12.3247],[10.2429,12.3517],[10.2429,12.3606],[10.2429,12.3741],[10.2451,12.3831],[10.2451,12.3898],[10.2496,12.4033],[10.2541,12.4123],[10.2564,12.419],[10.2586,12.4235],[10.2676,12.4347],[10.2766,12.4437],[10.2856,12.4505],[10.2878,12.4505],[10.2968,12.455],[10.3013,12.455],[10.3282,12.4617],[10.335,12.4662],[10.344,12.4684],[10.3484,12.4684],[10.3529,12.4684],[10.3574,12.4684],[10.3597,12.4707],[10.3709,12.4729],[10.3754,12.4729],[10.3799,12.4729],[10.4023,12.4707],[10.4068,12.4729],[10.4136,12.4729],[10.4158,12.4729],[10.4248,12.4707],[10.4293,12.4662],[10.4293,12.4617],[10.4338,12.4415],[10.4338,12.4392],[10.4338,12.4347],[10.436,12.4325],[10.4383,12.428],[10.4473,12.4235],[10.4517,12.4235],[10.4765,12.4325],[10.4854,12.437],[10.4922,12.4392],[10.5056,12.4595],[10.5101,12.4639],[10.5169,12.4729],[10.5259,12.4819],[10.5438,12.4909],[10.5528,12.4931],[10.5618,12.4954],[10.564,12.4976],[10.573,12.4999],[10.5775,12.5021],[10.582,12.5044],[10.5842,12.5066],[10.5887,12.5111],[10.591,12.5134],[10.5932,12.5178],[10.5932,12.5201],[10.591,12.5223],[10.5887,12.5268],[10.591,12.5313],[10.5932,12.5358],[10.591,12.5448],[10.591,12.5583],[10.5955,12.5695],[10.5977,12.5762],[10.6,12.5807],[10.5977,12.592],[10.5977,12.6167],[10.5955,12.6234],[10.5977,12.6324],[10.5977,12.6391],[10.5977,12.6414],[10.5977,12.6481],[10.5955,12.6548],[10.5955,12.6571],[10.5955,12.6706],[10.5977,12.684],[10.5977,12.6863],[10.5977,12.6908],[10.6,12.693],[10.6,12.702],[10.6,12.7042],[10.5977,12.7132],[10.5932,12.72],[10.5865,12.7357],[10.5775,12.7469],[10.5753,12.7536],[10.573,12.7649],[10.5753,12.7716],[10.5775,12.7828],[10.5775,12.7918],[10.573,12.7986],[10.5708,12.8031],[10.5775,12.8075],[10.5753,12.812],[10.5708,12.8165],[10.5663,12.8188],[10.5595,12.8233],[10.5506,12.8255],[10.5371,12.83],[10.5236,12.83],[10.5146,12.8278],[10.5079,12.8255],[10.5056,12.8255],[10.5034,12.8255],[10.5012,12.8233],[10.4899,12.821],[10.4854,12.821],[10.4787,12.821],[10.4607,12.821],[10.454,12.8255],[10.445,12.8322],[10.4428,12.8367],[10.436,12.839],[10.4203,12.8412],[10.4158,12.8412],[10.4046,12.8435],[10.3934,12.8525],[10.3911,12.8525],[10.3754,12.8592],[10.3664,12.8614],[10.3484,12.8614],[10.3417,12.8592],[10.335,12.8592],[10.3305,12.857],[10.3215,12.8547],[10.3192,12.8547],[10.3058,12.8502],[10.299,12.848],[10.2788,12.8412],[10.2721,12.8412],[10.2676,12.8412],[10.2519,12.8435],[10.2496,12.8457],[10.2474,12.8502],[10.2474,12.8547],[10.2519,12.8614],[10.2564,12.8659],[10.2609,12.8704],[10.2676,12.8772],[10.2721,12.8861],[10.2721,12.8884],[10.2721,12.8929],[10.2721,12.8996],[10.2743,12.9153],[10.2766,12.9198],[10.2788,12.9266],[10.2811,12.9333],[10.2811,12.9378],[10.2811,12.949],[10.2811,12.9513],[10.2811,12.9558],[10.2788,12.9603],[10.2788,12.9647],[10.2766,12.967],[10.2743,12.9715],[10.2653,12.9827],[10.2631,12.9872],[10.2586,13.0007],[10.2564,13.0074],[10.2541,13.0186],[10.2496,13.0254],[10.2474,13.0299],[10.2474,13.0344],[10.2451,13.0344],[10.2362,13.0411],[10.2339,13.0433],[10.2272,13.0433],[10.2204,13.0433],[10.2182,13.0433],[10.207,13.0411],[10.2047,13.0389],[10.2025,13.0366],[10.198,13.0344],[10.1867,13.0254],[10.1823,13.0231],[10.1688,13.0186],[10.1553,13.0142],[10.1463,13.0097],[10.1418,13.0097],[10.1373,13.0074],[10.1216,13.0029],[10.1171,13.0029],[10.1149,13.0029],[10.1059,13.0029],[10.1014,13.0029],[10.0969,13.0029],[10.0879,13.0029],[10.07,12.9984],[10.0655,12.9984],[10.0587,12.9939],[10.0498,12.9917],[10.043,12.9872],[10.0363,12.985],[10.0295,12.9827],[10.0183,12.9827],[10.0026,12.9737],[9.9959,12.9737],[9.9891,12.9737],[9.9824,12.9737],[9.9734,12.9692],[9.9554,12.9603],[9.9487,12.9558],[9.9442,12.9513],[9.9397,12.9468],[9.9375,12.9445],[9.9262,12.9198],[9.9195,12.9019],[9.915,12.8884],[9.906,12.8727],[9.9015,12.8659],[9.8926,12.8547],[9.8881,12.848],[9.8746,12.8367],[9.8701,12.8345],[9.8454,12.8255],[9.8342,12.821],[9.8229,12.8188],[9.8117,12.8165],[9.8005,12.8143],[9.796,12.8143],[9.7803,12.812],[9.7735,12.8098],[9.7645,12.8098],[9.7488,12.8098],[9.7443,12.8098],[9.7354,12.8098],[9.7264,12.812],[9.7241,12.812],[9.7174,12.812],[9.7106,12.812],[9.7017,12.812],[9.6927,12.812],[9.6815,12.8098],[9.6702,12.8098],[9.659,12.8098],[9.65,12.8031],[9.641,12.8031],[9.6343,12.8053],[9.6253,12.8053],[9.6163,12.8053],[9.6073,12.8053],[9.5984,12.8053],[9.5916,12.8053],[9.5849,12.8075],[9.5804,12.8075],[9.5737,12.8075],[9.5534,12.8075],[9.5467,12.8075],[9.54,12.8098],[9.531,12.8098],[9.522,12.8098],[9.513,12.8098],[9.4883,12.8098],[9.4344,12.8188],[9.4299,12.821],[9.4232,12.821],[9.4075,12.8233],[9.3985,12.8233],[9.3895,12.8233],[9.3828,12.821],[9.3805,12.8188],[9.3648,12.8165],[9.3603,12.8165],[9.3536,12.8165],[9.3468,12.8143],[9.3334,12.812],[9.3266,12.812],[9.3064,12.812],[9.2997,12.812],[9.2929,12.812],[9.2884,12.812],[9.2795,12.8143],[9.2727,12.8165],[9.266,12.8188],[9.2593,12.8188],[9.2525,12.8233],[9.2435,12.8255],[9.2368,12.8255],[9.2301,12.8255],[9.2256,12.8278],[9.2211,12.8278],[9.2121,12.8278],[9.2031,12.8278],[9.1964,12.8278],[9.1874,12.8278],[9.1784,12.8278],[9.1694,12.83],[9.1672,12.8322],[9.1604,12.8345],[9.1537,12.8345],[9.147,12.8345],[9.1425,12.8322],[9.138,12.8345],[9.1312,12.8345],[9.1223,12.8345],[9.1155,12.8345],[9.1065,12.8345],[9.102,12.8367],[9.0931,12.8367],[9.0863,12.8367],[9.0818,12.8345],[9.0729,12.8367],[9.0661,12.8367],[9.0594,12.8367],[9.0459,12.8367],[9.0481,12.8278],[9.0504,12.8255],[9.0504,12.821],[9.0481,12.8188],[9.0459,12.8165],[9.0414,12.8143],[9.0369,12.8143],[9.0324,12.8143],[9.019,12.8165],[9.01,12.8165],[9.0055,12.8188],[8.9987,12.8188],[8.992,12.821],[8.9808,12.8188],[8.9763,12.8165],[8.9695,12.8098],[8.9673,12.8053],[8.9673,12.7986],[8.9651,12.7806],[8.9606,12.7716],[8.9606,12.7671],[8.9583,12.7604],[8.9538,12.7536],[8.9471,12.7402],[8.9426,12.7334],[8.9381,12.7289],[8.9314,12.7245],[8.9269,12.7222],[8.9224,12.72],[8.9134,12.7177],[8.9044,12.7132],[8.8932,12.711],[8.8707,12.702],[8.8662,12.702],[8.8505,12.6997],[8.8415,12.6975],[8.8303,12.6953],[8.8236,12.693],[8.8146,12.6885],[8.8101,12.6885],[8.8011,12.6863],[8.7966,12.6885],[8.7921,12.693],[8.7876,12.693],[8.7832,12.693],[8.7674,12.684],[8.7584,12.6818],[8.754,12.684],[8.7517,12.6885],[8.7517,12.6953],[8.7472,12.6953],[8.7405,12.6953],[8.7337,12.6975],[8.7203,12.7042],[8.7023,12.7087],[8.6956,12.7042],[8.6888,12.6975],[8.6821,12.6975],[8.6798,12.702],[8.6709,12.7087],[8.6619,12.7222],[8.6574,12.7245],[8.6507,12.7312],[8.6349,12.7334],[8.6237,12.7334],[8.617,12.7334],[8.6125,12.7334],[8.608,12.7402],[8.608,12.7492],[8.6102,12.7536],[8.6057,12.7604],[8.599,12.7649],[8.6012,12.7694],[8.6035,12.7739],[8.6057,12.7784],[8.6057,12.7828],[8.6012,12.7873],[8.5945,12.7986],[8.5923,12.8075],[8.59,12.812],[8.5833,12.8165],[8.581,12.8188],[8.5765,12.821],[8.5631,12.8278],[8.5563,12.83],[8.5451,12.8322],[8.5361,12.8345],[8.5159,12.8345],[8.5024,12.8345],[8.489,12.8367],[8.48,12.8345],[8.471,12.8322],[8.462,12.83],[8.4553,12.83],[8.4373,12.8255],[8.4261,12.8233],[8.4148,12.8233],[8.4059,12.8255],[8.3991,12.8278],[8.3901,12.8255],[8.3834,12.8255],[8.3767,12.8255],[8.3609,12.83],[8.3497,12.8345],[8.3407,12.839],[8.3362,12.8412],[8.3295,12.8435],[8.316,12.8412],[8.2981,12.8412],[8.2846,12.8412],[8.2801,12.8435],[8.2756,12.8412],[8.2644,12.839],[8.2487,12.8367],[8.2464,12.8367],[8.2374,12.839],[8.2195,12.8367],[8.1993,12.839],[8.1835,12.839],[8.179,12.839],[8.1768,12.8367],[8.1723,12.8345],[8.1701,12.8322],[8.1633,12.8188],[8.1656,12.8075],[8.1678,12.8031],[8.1723,12.7941],[8.1723,12.7873],[8.1746,12.7716],[8.1701,12.7581],[8.1656,12.7424],[8.1588,12.7312],[8.1521,12.72],[8.1521,12.7132],[8.1498,12.7042],[8.1498,12.702],[8.1498,12.6997],[8.1476,12.6908],[8.1454,12.6863],[8.1454,12.6818],[8.1431,12.6706],[8.1454,12.6638]]]}},{"type":"Feature","properties":{"id":"cross-river","name":"Cross River"},"geometry":{"type":"Polygon","coordinates":[[[7.8422,5.3359],[7.8444,5.3337],[7.8489,5.3292],[7.8534,5.3247],[7.8557,5.3224],[7.8579,5.3202],[7.8579,5.3179],[7.8601,5.3179],[7.8624,5.3157],[7.8646,5.3135],[7.8669,5.3157],[7.8691,5.3157],[7.8714,5.3179],[7.8759,5.3179],[7.8826,5.3179],[7.8893,5.3179],[7.8916,5.3157],[7.9006,5.3135],[7.9051,5.309],[7.9096,5.3067],[7.9118,5.3045],[7.923,5.2932],[7.9253,5.291],[7.9298,5.2843],[7.9343,5.2775],[7.9343,5.273],[7.9365,5.2708],[7.9365,5.2663],[7.9365,5.2618],[7.9365,5.2596],[7.9387,5.2551],[7.941,5.2506],[7.9432,5.2461],[7.9477,5.2416],[7.9545,5.2393],[7.9612,5.2371],[7.9657,5.2304],[7.9679,5.2259],[7.9702,5.2214],[7.9724,5.2124],[7.9769,5.2079],[7.9837,5.2057],[7.9926,5.2057],[8.0039,5.2191],[8.0061,5.2259],[8.0106,5.2371],[8.0173,5.2461],[8.0263,5.2483],[8.0353,5.2438],[8.0555,5.2169],[8.0623,5.2057],[8.0645,5.1989],[8.0668,5.181],[8.0668,5.172],[8.0645,5.1675],[8.0623,5.1585],[8.0645,5.145],[8.069,5.136],[8.0757,5.1316],[8.0825,5.1271],[8.0959,5.1158],[8.0982,5.1068],[8.1004,5.0821],[8.1004,5.0619],[8.0982,5.044],[8.1004,5.0327],[8.1027,5.0238],[8.1162,5.0035],[8.1229,4.9946],[8.1251,4.9811],[8.1274,4.9699],[8.1498,4.9384],[8.1521,4.9384],[8.1723,4.9339],[8.1768,4.9294],[8.197,4.9137],[8.2082,4.9092],[8.215,4.898],[8.2195,4.8823],[8.224,4.8733],[8.2307,4.8598],[8.2397,4.8531],[8.2464,4.8531],[8.2621,4.8396],[8.2621,4.8374],[8.2644,4.8351],[8.2711,4.8418],[8.2734,4.8463],[8.2734,4.8508],[8.2734,4.8553],[8.2779,4.8486],[8.2779,4.8441],[8.3026,4.8441],[8.3228,4.8239],[8.3318,4.8037],[8.3452,4.7924],[8.3632,4.779],[8.3722,4.7745],[8.3969,4.7812],[8.4014,4.7835],[8.3969,4.7767],[8.3991,4.7745],[8.4036,4.77],[8.3991,4.7655],[8.3946,4.761],[8.3879,4.7565],[8.3857,4.7543],[8.3879,4.7475],[8.3969,4.7363],[8.4014,4.7341],[8.4059,4.7318],[8.4081,4.7341],[8.4104,4.7363],[8.4148,4.7296],[8.4193,4.7273],[8.4283,4.7273],[8.4328,4.7296],[8.4351,4.7296],[8.4396,4.7363],[8.4418,4.7385],[8.4485,4.7363],[8.4508,4.7363],[8.4598,4.7475],[8.4598,4.7543],[8.4575,4.7565],[8.462,4.7565],[8.4643,4.7543],[8.4732,4.7408],[8.4777,4.7363],[8.4777,4.7341],[8.4755,4.7296],[8.4755,4.7273],[8.4687,4.7296],[8.4665,4.7251],[8.4598,4.7049],[8.4598,4.7004],[8.4732,4.6959],[8.4845,4.6914],[8.489,4.6914],[8.4934,4.6914],[8.4934,4.6936],[8.4979,4.6936],[8.5002,4.6936],[8.5092,4.6959],[8.5092,4.7071],[8.5204,4.7049],[8.5249,4.7071],[8.5294,4.7093],[8.5316,4.7093],[8.5316,4.7116],[8.5316,4.7138],[8.5316,4.7183],[8.5271,4.7228],[8.5271,4.7251],[8.5294,4.7273],[8.5271,4.7296],[8.5271,4.7318],[8.5271,4.7341],[8.5271,4.743],[8.5271,4.7475],[8.5271,4.752],[8.5294,4.7588],[8.5294,4.7632],[8.5316,4.7722],[8.5339,4.779],[8.5361,4.7857],[8.5384,4.7924],[8.5406,4.7947],[8.5406,4.7969],[8.5451,4.8037],[8.5541,4.8149],[8.5563,4.8149],[8.5563,4.8171],[8.5631,4.8171],[8.5653,4.8171],[8.5676,4.8149],[8.5698,4.8104],[8.572,4.8059],[8.5765,4.8037],[8.581,4.8014],[8.59,4.8014],[8.5923,4.8037],[8.5968,4.8037],[8.599,4.8059],[8.6035,4.8082],[8.6057,4.8104],[8.6102,4.8127],[8.6125,4.8149],[8.617,4.8171],[8.6192,4.8194],[8.6237,4.8194],[8.6259,4.8216],[8.6282,4.8239],[8.6304,4.8239],[8.6304,4.8261],[8.6304,4.8284],[8.6304,4.8306],[8.6304,4.8329],[8.6282,4.8418],[8.6282,4.8441],[8.6259,4.8463],[8.6259,4.8486],[8.6215,4.8508],[8.6192,4.8531],[8.6192,4.8553],[8.617,4.8553],[8.6147,4.8576],[8.6125,4.8576],[8.6102,4.8598],[8.608,4.8621],[8.6057,4.8643],[8.6057,4.8666],[8.6035,4.8688],[8.6035,4.871],[8.6035,4.8733],[8.6035,4.8755],[8.6035,4.8778],[8.6035,4.88],[8.6035,4.8823],[8.6035,4.8845],[8.6057,4.8845],[8.6057,4.8868],[8.608,4.889],[8.608,4.8913],[8.6125,4.8957],[8.617,4.9025],[8.6192,4.9047],[8.6215,4.907],[8.6237,4.907],[8.6237,4.9092],[8.6259,4.9092],[8.6282,4.9092],[8.6327,4.9092],[8.6372,4.9092],[8.6394,4.9092],[8.6417,4.9092],[8.6439,4.9092],[8.6462,4.9115],[8.6484,4.9137],[8.6507,4.9137],[8.6529,4.916],[8.6529,4.9182],[8.6529,4.9205],[8.6529,4.9227],[8.6529,4.9249],[8.6529,4.9272],[8.6529,4.9294],[8.6507,4.9317],[8.6507,4.9339],[8.6484,4.9339],[8.6484,4.9362],[8.6484,4.9384],[8.6484,4.9407],[8.6507,4.9474],[8.6529,4.9474],[8.6551,4.9452],[8.6574,4.9452],[8.6596,4.9452],[8.6619,4.9452],[8.6619,4.9474],[8.6686,4.9519],[8.6686,4.9541],[8.6686,4.9564],[8.6664,4.9586],[8.6664,4.9609],[8.6664,4.9631],[8.6664,4.9654],[8.6686,4.9654],[8.6709,4.9676],[8.6731,4.9699],[8.6754,4.9699],[8.6798,4.9721],[8.6798,4.9743],[8.6798,4.9766],[8.6798,4.9788],[8.6798,4.9811],[8.6821,4.9811],[8.6821,4.9833],[8.6843,4.9833],[8.6866,4.9856],[8.6911,4.9856],[8.6933,4.9856],[8.6956,4.9856],[8.6978,4.9856],[8.6978,4.9878],[8.6978,4.9901],[8.6978,4.9923],[8.6956,4.9923],[8.6956,4.9946],[8.6933,4.9968],[8.6911,4.9968],[8.6888,4.9968],[8.6843,4.9991],[8.6843,5.0013],[8.6888,5.0058],[8.6911,5.0058],[8.6933,5.0058],[8.6933,5.008],[8.6956,5.008],[8.6956,5.0103],[8.6956,5.0125],[8.6956,5.0148],[8.6978,5.0148],[8.6978,5.017],[8.7001,5.017],[8.7068,5.0215],[8.709,5.0215],[8.709,5.026],[8.7113,5.0305],[8.7113,5.0327],[8.7135,5.0327],[8.7158,5.0327],[8.7158,5.0305],[8.718,5.0305],[8.718,5.035],[8.718,5.0372],[8.718,5.0395],[8.7203,5.0395],[8.7225,5.0417],[8.7248,5.0417],[8.7248,5.044],[8.7225,5.0485],[8.7203,5.0507],[8.7203,5.053],[8.7203,5.0552],[8.7203,5.0597],[8.7225,5.0597],[8.7225,5.0619],[8.7248,5.0642],[8.7248,5.0664],[8.727,5.0687],[8.727,5.0709],[8.727,5.0732],[8.727,5.0754],[8.7293,5.0777],[8.7315,5.0777],[8.7337,5.0777],[8.736,5.0821],[8.7382,5.0821],[8.7405,5.0844],[8.7427,5.0844],[8.745,5.0934],[8.745,5.0956],[8.745,5.0979],[8.7472,5.1001],[8.7495,5.1024],[8.7562,5.1046],[8.7607,5.1046],[8.7629,5.1046],[8.7674,5.1068],[8.7697,5.1068],[8.7742,5.1091],[8.7764,5.1091],[8.7809,5.1113],[8.7832,5.1136],[8.7854,5.1158],[8.7854,5.1181],[8.7854,5.1203],[8.7854,5.1226],[8.7876,5.1248],[8.7899,5.1248],[8.7921,5.1248],[8.7921,5.1271],[8.7944,5.1338],[8.7966,5.1383],[8.7966,5.1405],[8.7966,5.1428],[8.7989,5.145],[8.7989,5.1473],[8.8011,5.1473],[8.8011,5.1495],[8.8011,5.154],[8.8011,5.1563],[8.8034,5.1563],[8.8079,5.1607],[8.8079,5.163],[8.8101,5.1652],[8.8101,5.1675],[8.8146,5.1742],[8.8168,5.181],[8.8213,5.1854],[8.8191,5.1944],[8.8191,5.2012],[8.8168,5.2102],[8.8146,5.2191],[8.8146,5.2281],[8.8146,5.2326],[8.8123,5.2371],[8.8146,5.2438],[8.8146,5.2506],[8.8168,5.2596],[8.8168,5.2618],[8.8168,5.2663],[8.8168,5.2753],[8.8146,5.2843],[8.8191,5.291],[8.8213,5.2977],[8.8236,5.3045],[8.8258,5.3112],[8.8303,5.3179],[8.8303,5.3247],[8.8326,5.3269],[8.8326,5.3292],[8.8326,5.3314],[8.8326,5.3382],[8.8326,5.3449],[8.837,5.3853],[8.837,5.3876],[8.837,5.3898],[8.8393,5.3921],[8.8393,5.3943],[8.8393,5.3966],[8.8393,5.3988],[8.8393,5.401],[8.8393,5.4055],[8.8393,5.41],[8.837,5.4168],[8.837,5.4213],[8.8348,5.4257],[8.8348,5.428],[8.8348,5.4302],[8.8348,5.4325],[8.837,5.4325],[8.8393,5.4415],[8.8438,5.4482],[8.8438,5.4527],[8.8438,5.4549],[8.846,5.4594],[8.8483,5.4617],[8.8528,5.4639],[8.8573,5.4662],[8.864,5.4729],[8.8662,5.4729],[8.8662,5.4752],[8.8685,5.4774],[8.8707,5.4841],[8.8707,5.4886],[8.8707,5.4909],[8.873,5.4954],[8.8752,5.4976],[8.8775,5.5021],[8.8842,5.5088],[8.8865,5.5111],[8.8865,5.5133],[8.8887,5.5133],[8.8887,5.5156],[8.8909,5.5178],[8.8932,5.5178],[8.8954,5.5223],[8.8977,5.5223],[8.8977,5.5246],[8.8977,5.5268],[8.8999,5.5313],[8.9044,5.538],[8.9089,5.547],[8.9112,5.5493],[8.9134,5.5515],[8.9134,5.5538],[8.9112,5.5538],[8.9112,5.556],[8.9134,5.5605],[8.9157,5.5605],[8.9201,5.5627],[8.9224,5.565],[8.9201,5.5672],[8.9201,5.5695],[8.9179,5.5695],[8.9157,5.574],[8.9157,5.5785],[8.9157,5.5807],[8.9157,5.5852],[8.9157,5.5874],[8.9134,5.5919],[8.9134,5.5942],[8.9112,5.5964],[8.9112,5.5987],[8.9112,5.6009],[8.9112,5.6032],[8.9089,5.6077],[8.9089,5.6099],[8.9067,5.6099],[8.9067,5.6121],[8.9067,5.6144],[8.9044,5.6166],[8.9044,5.6211],[8.8999,5.6256],[8.8865,5.6324],[8.8865,5.6346],[8.8865,5.6368],[8.8842,5.6391],[8.8797,5.6436],[8.8775,5.6458],[8.8775,5.6481],[8.8752,5.6481],[8.873,5.6481],[8.8707,5.6481],[8.8707,5.6503],[8.8685,5.6526],[8.8662,5.6571],[8.864,5.6593],[8.8618,5.6616],[8.8618,5.6593],[8.8595,5.6593],[8.8595,5.6616],[8.855,5.666],[8.8505,5.6728],[8.846,5.6773],[8.8438,5.6795],[8.8415,5.6795],[8.8393,5.6795],[8.8393,5.6818],[8.837,5.684],[8.837,5.6863],[8.837,5.6907],[8.837,5.693],[8.837,5.6952],[8.8348,5.6975],[8.8326,5.6975],[8.8326,5.6997],[8.8326,5.7042],[8.8326,5.7065],[8.8348,5.7065],[8.8348,5.7042],[8.8348,5.702],[8.8393,5.6997],[8.8415,5.6997],[8.8438,5.6997],[8.8438,5.702],[8.8483,5.7042],[8.8505,5.7042],[8.855,5.7065],[8.855,5.7087],[8.855,5.711],[8.8528,5.7132],[8.8528,5.7177],[8.855,5.7199],[8.8573,5.7199],[8.8573,5.7177],[8.8595,5.7177],[8.8595,5.7199],[8.8618,5.7199],[8.8618,5.7222],[8.8618,5.7244],[8.8618,5.7267],[8.8618,5.7289],[8.8618,5.7312],[8.864,5.7357],[8.8662,5.7334],[8.8662,5.7312],[8.8685,5.7312],[8.8685,5.7357],[8.8685,5.7402],[8.8707,5.7424],[8.873,5.7424],[8.873,5.7446],[8.8752,5.7446],[8.8752,5.7469],[8.8752,5.7491],[8.8752,5.7514],[8.873,5.7514],[8.8707,5.7536],[8.8685,5.7581],[8.8685,5.7604],[8.8707,5.7626],[8.8707,5.7604],[8.873,5.7626],[8.873,5.7671],[8.873,5.7693],[8.8752,5.7693],[8.8775,5.7693],[8.8797,5.7693],[8.882,5.7693],[8.8842,5.7761],[8.8842,5.7783],[8.8842,5.7806],[8.882,5.7806],[8.882,5.7828],[8.882,5.7851],[8.882,5.7873],[8.8842,5.7918],[8.8842,5.794],[8.8842,5.7963],[8.882,5.7963],[8.8775,5.7985],[8.8775,5.8008],[8.8752,5.803],[8.873,5.803],[8.8707,5.803],[8.8707,5.8008],[8.8685,5.8008],[8.8685,5.7985],[8.8662,5.7985],[8.864,5.7985],[8.8618,5.7985],[8.8618,5.8008],[8.8595,5.803],[8.8573,5.803],[8.8573,5.8008],[8.855,5.8008],[8.8528,5.7985],[8.8505,5.7963],[8.8483,5.794],[8.8483,5.7963],[8.8483,5.7985],[8.8505,5.7985],[8.8505,5.8008],[8.8505,5.803],[8.8505,5.8053],[8.8483,5.812],[8.846,5.8143],[8.846,5.8165],[8.8438,5.8188],[8.8415,5.821],[8.8415,5.8232],[8.8415,5.8255],[8.8415,5.8277],[8.8438,5.8277],[8.846,5.8277],[8.8483,5.8277],[8.8505,5.8277],[8.8528,5.8277],[8.855,5.83],[8.8573,5.83],[8.8595,5.8322],[8.8595,5.8345],[8.8595,5.8367],[8.8595,5.839],[8.8595,5.8412],[8.8595,5.8435],[8.8595,5.8457],[8.8618,5.8457],[8.864,5.8457],[8.8685,5.8479],[8.8707,5.8502],[8.873,5.8524],[8.8752,5.8524],[8.8752,5.8547],[8.8775,5.8547],[8.8797,5.8547],[8.8797,5.8569],[8.882,5.8569],[8.882,5.8592],[8.8842,5.8592],[8.8865,5.8614],[8.8887,5.8614],[8.8909,5.8614],[8.8932,5.8592],[8.8954,5.8592],[8.8977,5.8592],[8.8999,5.8592],[8.8999,5.8614],[8.9022,5.8614],[8.9044,5.8614],[8.9044,5.8637],[8.9044,5.8659],[8.9044,5.8682],[8.9044,5.8704],[8.9044,5.8727],[8.9044,5.8749],[8.9067,5.8749],[8.9089,5.8794],[8.9089,5.8816],[8.9134,5.8884],[8.9134,5.8906],[8.9134,5.8929],[8.9134,5.8951],[8.9112,5.8974],[8.9112,5.8996],[8.9112,5.9018],[8.9134,5.9018],[8.9134,5.9041],[8.9157,5.9041],[8.9179,5.9041],[8.9201,5.9041],[8.9224,5.9041],[8.9246,5.9041],[8.9269,5.9041],[8.9291,5.9063],[8.9314,5.9086],[8.9336,5.9086],[8.9404,5.9131],[8.9426,5.9131],[8.9471,5.9176],[8.9538,5.9243],[8.9606,5.9288],[8.9673,5.9355],[8.974,5.94],[8.9808,5.9468],[8.983,5.949],[8.9875,5.9513],[8.9898,5.9535],[8.9943,5.958],[9.001,5.9625],[9.0077,5.9692],[9.0145,5.976],[9.0212,5.9804],[9.0279,5.9872],[9.0347,5.9917],[9.0414,5.9984],[9.0481,6.0029],[9.0549,6.0096],[9.0616,6.0141],[9.0684,6.0209],[9.0751,6.0254],[9.0818,6.0321],[9.0886,6.0366],[9.0953,6.0433],[9.102,6.0478],[9.1065,6.0546],[9.1133,6.059],[9.12,6.0658],[9.1268,6.0703],[9.1335,6.077],[9.1402,6.0815],[9.147,6.0882],[9.1537,6.0927],[9.1582,6.1017],[9.1604,6.1062],[9.1604,6.1085],[9.1627,6.1152],[9.1672,6.1219],[9.1694,6.1309],[9.1762,6.1332],[9.1851,6.1377],[9.1919,6.1421],[9.1986,6.1466],[9.2054,6.1511],[9.2143,6.1556],[9.2211,6.1601],[9.2278,6.1646],[9.2345,6.1668],[9.2435,6.1713],[9.2503,6.1758],[9.257,6.1803],[9.2637,6.1848],[9.2682,6.1915],[9.2727,6.1983],[9.2772,6.2073],[9.2817,6.214],[9.284,6.2185],[9.284,6.2207],[9.2884,6.2275],[9.2929,6.2365],[9.2974,6.2432],[9.3019,6.2499],[9.3042,6.2567],[9.3087,6.2657],[9.3131,6.2702],[9.3199,6.2746],[9.3221,6.2769],[9.3221,6.2791],[9.3244,6.2791],[9.3244,6.2814],[9.3244,6.2836],[9.3244,6.2859],[9.3266,6.2859],[9.3289,6.2859],[9.3311,6.2859],[9.3311,6.2881],[9.3334,6.2904],[9.3334,6.2926],[9.3356,6.2949],[9.3379,6.3016],[9.3379,6.3128],[9.3379,6.3151],[9.3379,6.3173],[9.3356,6.3196],[9.3379,6.3218],[9.3379,6.324],[9.3401,6.324],[9.3423,6.3263],[9.3423,6.3285],[9.3446,6.3308],[9.3446,6.333],[9.3446,6.3353],[9.3446,6.342],[9.3446,6.3465],[9.3423,6.351],[9.3446,6.351],[9.3446,6.3532],[9.3468,6.3532],[9.3513,6.3532],[9.3536,6.351],[9.3558,6.351],[9.3603,6.3488],[9.3603,6.3465],[9.3626,6.3465],[9.3648,6.3443],[9.3738,6.342],[9.376,6.342],[9.3828,6.3398],[9.3873,6.3353],[9.3918,6.333],[9.4007,6.3285],[9.4052,6.3263],[9.4097,6.324],[9.412,6.324],[9.4142,6.3218],[9.4165,6.3196],[9.4187,6.3196],[9.4209,6.3196],[9.4232,6.3196],[9.4254,6.3196],[9.4277,6.3173],[9.4299,6.3173],[9.4322,6.3173],[9.4344,6.3196],[9.4344,6.3218],[9.4344,6.324],[9.4344,6.3263],[9.4389,6.342],[9.4389,6.3443],[9.4412,6.3443],[9.4412,6.3465],[9.4412,6.3488],[9.4434,6.3555],[9.4434,6.36],[9.4434,6.3622],[9.4434,6.3645],[9.4434,6.3667],[9.4456,6.3712],[9.4456,6.3735],[9.4456,6.3779],[9.4456,6.3802],[9.4456,6.3824],[9.4479,6.3824],[9.4479,6.3847],[9.4501,6.3847],[9.4501,6.3869],[9.4524,6.3869],[9.4501,6.3892],[9.4501,6.3914],[9.4524,6.3982],[9.4524,6.4004],[9.4569,6.4094],[9.4569,6.4116],[9.4569,6.4139],[9.4569,6.4184],[9.4591,6.4229],[9.4591,6.4274],[9.4614,6.4274],[9.4591,6.4296],[9.4591,6.4318],[9.4569,6.4318],[9.4614,6.4408],[9.4636,6.4453],[9.4636,6.4476],[9.4636,6.4498],[9.4636,6.4543],[9.4659,6.4543],[9.4659,6.4588],[9.4681,6.4723],[9.4704,6.488],[9.4726,6.4902],[9.4726,6.4947],[9.4748,6.4992],[9.4748,6.5037],[9.4748,6.5104],[9.4726,6.5172],[9.4704,6.5239],[9.4681,6.5262],[9.4591,6.5329],[9.4501,6.5396],[9.4389,6.5509],[9.4322,6.5576],[9.4277,6.5643],[9.4232,6.5733],[9.4165,6.5823],[9.4142,6.5868],[9.403,6.6003],[9.3962,6.6048],[9.3918,6.6093],[9.367,6.6295],[9.3603,6.6362],[9.3513,6.6474],[9.3468,6.6564],[9.3423,6.6654],[9.3334,6.6744],[9.3244,6.6834],[9.3176,6.6946],[9.3131,6.7013],[9.3087,6.7081],[9.3064,6.7126],[9.3042,6.7171],[9.2997,6.7193],[9.2907,6.7215],[9.2862,6.7193],[9.2795,6.7193],[9.2705,6.7193],[9.266,6.7193],[9.2548,6.7171],[9.248,6.7148],[9.2278,6.7081],[9.2166,6.7058],[9.2098,6.7013],[9.1986,6.6968],[9.1919,6.6946],[9.1851,6.6924],[9.1762,6.6879],[9.1717,6.6879],[9.1537,6.6834],[9.1492,6.6834],[9.1357,6.6789],[9.129,6.6766],[9.1223,6.6721],[9.1178,6.6676],[9.1065,6.6609],[9.0998,6.6564],[9.0841,6.6497],[9.0773,6.6452],[9.0706,6.6429],[9.0594,6.6429],[9.0481,6.6429],[9.0347,6.6474],[9.0279,6.6497],[9.0234,6.6564],[9.019,6.6632],[9.0122,6.6699],[9.0055,6.6766],[8.9987,6.6834],[8.992,6.6924],[8.9875,6.6924],[8.9763,6.6924],[8.9695,6.6924],[8.9695,6.6946],[8.9673,6.6968],[8.9695,6.7036],[8.974,6.7126],[8.9808,6.7215],[8.983,6.7238],[8.9898,6.744],[8.9943,6.7507],[8.9943,6.7552],[8.9943,6.7597],[8.992,6.7665],[8.992,6.7687],[8.9785,6.7844],[8.9763,6.7867],[8.974,6.7889],[8.9695,6.7934],[8.9516,6.8046],[8.9448,6.8091],[8.9404,6.8136],[8.9291,6.8204],[8.9269,6.8226],[8.9224,6.8249],[8.9134,6.8316],[8.9089,6.8338],[8.9022,6.8361],[8.8977,6.8383],[8.8865,6.8428],[8.8797,6.8496],[8.864,6.8563],[8.8573,6.8608],[8.8483,6.8653],[8.8393,6.8698],[8.8123,6.8765],[8.7989,6.881],[8.7809,6.8855],[8.7764,6.8877],[8.7607,6.8922],[8.7472,6.8922],[8.727,6.8945],[8.7203,6.8967],[8.7045,6.8967],[8.6866,6.8832],[8.6754,6.8743],[8.6686,6.8698],[8.6641,6.8675],[8.6619,6.8675],[8.6574,6.8653],[8.6507,6.8653],[8.6462,6.863],[8.6372,6.863],[8.6192,6.8608],[8.608,6.8585],[8.6057,6.8585],[8.6012,6.8563],[8.6012,6.854],[8.6012,6.8496],[8.6035,6.8473],[8.6102,6.8428],[8.6192,6.8361],[8.6259,6.8316],[8.6304,6.8293],[8.6372,6.8249],[8.6394,6.8226],[8.6417,6.8181],[8.6394,6.8046],[8.6372,6.7979],[8.6304,6.7912],[8.6259,6.7867],[8.6215,6.7799],[8.617,6.7777],[8.608,6.7754],[8.5945,6.771],[8.5788,6.7642],[8.5698,6.7642],[8.5631,6.762],[8.5586,6.762],[8.5518,6.7597],[8.5451,6.7575],[8.5361,6.7597],[8.5159,6.7597],[8.5092,6.7597],[8.5024,6.7575],[8.489,6.753],[8.4777,6.7485],[8.4687,6.7463],[8.4575,6.7463],[8.4508,6.7485],[8.4485,6.7507],[8.444,6.7552],[8.4396,6.7575],[8.4351,6.7575],[8.4328,6.7575],[8.4283,6.7575],[8.4193,6.7575],[8.4104,6.753],[8.4081,6.753],[8.4036,6.7485],[8.3991,6.7463],[8.3924,6.7418],[8.3879,6.7328],[8.3834,6.7238],[8.3767,6.7126],[8.3744,6.7058],[8.3699,6.7013],[8.3677,6.6968],[8.3609,6.6924],[8.3542,6.6901],[8.3407,6.6834],[8.3295,6.6811],[8.325,6.6789],[8.3205,6.6789],[8.3138,6.6766],[8.3071,6.6766],[8.3048,6.6789],[8.3003,6.6789],[8.2936,6.6789],[8.3026,6.6699],[8.3071,6.6609],[8.3048,6.6497],[8.3093,6.6385],[8.316,6.634],[8.3228,6.634],[8.325,6.625],[8.325,6.6205],[8.3205,6.6138],[8.3138,6.6115],[8.3138,6.607],[8.3228,6.5958],[8.3407,6.5756],[8.3475,6.5756],[8.352,6.5733],[8.3587,6.5643],[8.3632,6.5621],[8.3722,6.5599],[8.3722,6.5486],[8.3744,6.5464],[8.3789,6.5486],[8.3879,6.5509],[8.3924,6.5509],[8.3969,6.5396],[8.3946,6.5307],[8.3901,6.5262],[8.3901,6.5239],[8.3969,6.5194],[8.4104,6.5172],[8.4148,6.5194],[8.4193,6.5149],[8.4193,6.5104],[8.4216,6.506],[8.4126,6.5015],[8.4059,6.4857],[8.4081,6.4768],[8.4238,6.4768],[8.4238,6.4655],[8.4306,6.4588],[8.4396,6.4476],[8.4351,6.4431],[8.4328,6.4386],[8.4328,6.4341],[8.4418,6.4318],[8.453,6.4296],[8.4575,6.4274],[8.4575,6.4184],[8.4553,6.4094],[8.453,6.4049],[8.4485,6.4049],[8.444,6.4026],[8.4485,6.3914],[8.444,6.3847],[8.4306,6.3802],[8.4126,6.3779],[8.4081,6.3757],[8.4036,6.3667],[8.3991,6.3532],[8.3969,6.3443],[8.3969,6.3308],[8.3924,6.3061],[8.3946,6.2971],[8.4059,6.2859],[8.4104,6.2814],[8.4171,6.2724],[8.4171,6.2612],[8.4104,6.2454],[8.4059,6.2365],[8.4036,6.2275],[8.4014,6.2163],[8.3924,6.2118],[8.3789,6.2028],[8.3722,6.196],[8.3632,6.1781],[8.3632,6.1758],[8.3587,6.1713],[8.3542,6.1668],[8.3385,6.1534],[8.3318,6.1354],[8.3205,6.1287],[8.3026,6.1017],[8.2981,6.0905],[8.2981,6.086],[8.2981,6.077],[8.2981,6.068],[8.2913,6.0546],[8.2891,6.0456],[8.2868,6.0299],[8.2868,6.0164],[8.2823,6.0052],[8.2734,5.9984],[8.2644,5.9962],[8.2576,5.9984],[8.2532,6.0052],[8.2532,6.0119],[8.2487,6.0164],[8.2442,6.0186],[8.2374,6.0141],[8.2307,6.0119],[8.2217,6.0141],[8.215,6.0119],[8.2037,6.0052],[8.1948,5.9917],[8.179,5.9782],[8.1723,5.9737],[8.1678,5.9692],[8.1521,5.967],[8.1476,5.9647],[8.1364,5.9557],[8.1229,5.9445],[8.1139,5.9378],[8.1117,5.94],[8.1094,5.9445],[8.1072,5.949],[8.1049,5.958],[8.1004,5.9692],[8.0892,5.9894],[8.0802,5.9984],[8.0735,6.0029],[8.069,6.0052],[8.06,6.0074],[8.0555,6.0074],[8.051,6.0052],[8.0443,6.0052],[8.0286,6.0007],[8.0151,5.9939],[8.0084,5.9917],[8.0016,5.9872],[7.9926,5.9849],[7.9859,5.9827],[7.9814,5.976],[7.9792,5.9692],[7.9792,5.9647],[7.9814,5.9602],[7.9859,5.9535],[7.9882,5.949],[7.9904,5.9423],[7.9837,5.94],[7.9814,5.9355],[7.9814,5.931],[7.9814,5.9265],[7.9859,5.9221],[7.9926,5.9153],[7.9994,5.9131],[8.0039,5.9086],[8.0061,5.9041],[8.0039,5.8996],[7.9994,5.8996],[7.9949,5.8974],[7.9904,5.8861],[7.9882,5.8839],[7.9814,5.8816],[7.9747,5.8771],[7.9702,5.8704],[7.9702,5.8637],[7.9679,5.8569],[7.9634,5.8457],[7.959,5.8412],[7.9567,5.8435],[7.9522,5.8412],[7.9455,5.839],[7.9387,5.8345],[7.9343,5.8255],[7.9343,5.8232],[7.9343,5.8188],[7.9432,5.8053],[7.95,5.7918],[7.9634,5.7761],[7.9702,5.7693],[7.9657,5.7693],[7.959,5.7716],[7.9545,5.7738],[7.9522,5.7761],[7.9365,5.7693],[7.9208,5.7604],[7.9163,5.7536],[7.9163,5.7446],[7.914,5.7424],[7.914,5.7357],[7.9118,5.7244],[7.9073,5.7199],[7.9051,5.7154],[7.8938,5.7065],[7.8871,5.6997],[7.8871,5.6975],[7.8893,5.693],[7.8893,5.684],[7.8938,5.6818],[7.8961,5.6773],[7.9118,5.6616],[7.9163,5.6548],[7.9185,5.6503],[7.9163,5.6436],[7.914,5.6301],[7.9118,5.6099],[7.9096,5.5874],[7.9051,5.5717],[7.9051,5.5695],[7.9051,5.565],[7.9073,5.5605],[7.9073,5.5515],[7.9073,5.5358],[7.914,5.5201],[7.9208,5.5088],[7.923,5.4999],[7.932,5.4774],[7.9343,5.4684],[7.9387,5.4617],[7.9432,5.4572],[7.95,5.4482],[7.9545,5.4415],[7.9567,5.437],[7.959,5.4325],[7.9634,5.4168],[7.9724,5.3988],[7.9792,5.3898],[7.9837,5.3763],[7.9859,5.3696],[7.9882,5.3629],[7.9859,5.3606],[7.9859,5.3584],[7.9837,5.3561],[7.9769,5.3539],[7.9724,5.3539],[7.9634,5.3561],[7.941,5.3584],[7.9343,5.3584],[7.9208,5.3606],[7.9028,5.3629],[7.8893,5.3651],[7.8804,5.3674],[7.8804,5.3629],[7.8848,5.3584],[7.8916,5.3516],[7.8961,5.3494],[7.9006,5.3449],[7.9028,5.3427],[7.9051,5.3404],[7.9028,5.3382],[7.9006,5.3359],[7.8983,5.3337],[7.8961,5.3337],[7.8826,5.3359],[7.8736,5.3404],[7.8714,5.3404],[7.8691,5.3427],[7.8557,5.3449],[7.8489,5.3449],[7.8467,5.3427],[7.8422,5.3404],[7.8399,5.3382],[7.8422,5.3359]]]}},{"type":"Feature","properties":{"id":"borno","name":"Borno"},"geometry":{"type":"MultiPolygon","coordinates":[[[[12.821,13.4072],[12.8255,13.4094],[12.8255,13.4117],[12.8233,13.4139],[12.8188,13.4117],[12.8188,13.4094],[12.8188,13.4072],[12.821,13.4072]]],[[[12.6436,13.3016],[12.6459,13.3039],[12.6459,13.3061],[12.6436,13.3061],[12.6414,13.3061],[12.6414,13.3039],[12.6414,13.3016],[12.6414,13.2994],[12.6436,13.3016]]],[[[13.2006,13.5442],[13.2028,13.5442],[13.2028,13.5464],[13.205,13.5464],[13.2073,13.5486],[13.2073,13.5509],[13.205,13.5509],[13.205,13.5531],[13.2028,13.5531],[13.2006,13.5531],[13.1983,13.5486],[13.1983,13.5464],[13.2006,13.5442]]],[[[14.301,12.3629],[14.3032,12.3651],[14.3032,12.3674],[14.301,12.3674],[14.301,12.3696],[14.2987,12.3696],[14.2965,12.3719],[14.2942,12.3719],[14.292,12.3719],[14.2897,12.3719],[14.2897,12.3696],[14.2897,12.3674],[14.292,12.3674],[14.2942,12.3651],[14.2965,12.3651],[14.2965,12.3629],[14.2965,12.3606],[14.2987,12.3606],[14.301,12.3629]]],[[[12.8188,13.4072],[12.8165,13.4072],[12.812,13.4072],[12.8098,13.4072],[12.8031,13.4072],[12.8008,13.4072],[12.7986,13.4072],[12.7941,13.4049],[12.7851,13.4004],[12.7851,13.3982],[12.7828,13.3982],[12.7828,13.3959],[12.7851,13.3937],[12.7851,13.3914],[12.7873,13.3914],[12.7873,13.3892],[12.7896,13.3892],[12.7963,13.3847],[12.7963,13.3825],[12.7941,13.378],[12.7918,13.378],[12.7806,13.3757],[12.7761,13.378],[12.7761,13.3802],[12.7784,13.3802],[12.7784,13.3825],[12.7806,13.3847],[12.7806,13.3869],[12.7739,13.3914],[12.7716,13.3914],[12.7694,13.3914],[12.7671,13.3914],[12.7649,13.3914],[12.7626,13.3892],[12.7626,13.3869],[12.7626,13.3847],[12.7626,13.3825],[12.7626,13.378],[12.7626,13.3757],[12.7626,13.3735],[12.7604,13.369],[12.7581,13.369],[12.7581,13.3667],[12.7559,13.3667],[12.7559,13.3645],[12.7536,13.3622],[12.7514,13.36],[12.7514,13.3578],[12.7492,13.3578],[12.7469,13.3578],[12.7469,13.3555],[12.7447,13.3555],[12.7424,13.3555],[12.7424,13.3533],[12.7379,13.351],[12.7379,13.3488],[12.7379,13.3465],[12.7379,13.3443],[12.7357,13.342],[12.7334,13.342],[12.7334,13.3375],[12.7357,13.3375],[12.7379,13.3375],[12.7402,13.3375],[12.7424,13.3353],[12.7424,13.3286],[12.7402,13.3263],[12.7379,13.3263],[12.7357,13.3263],[12.7334,13.3263],[12.7312,13.3263],[12.7289,13.3263],[12.7289,13.3241],[12.7267,13.3241],[12.7222,13.3241],[12.72,13.3241],[12.7177,13.3241],[12.7155,13.3241],[12.7132,13.3241],[12.711,13.3241],[12.7087,13.3218],[12.7087,13.3196],[12.711,13.3196],[12.711,13.3173],[12.7132,13.3173],[12.7132,13.3151],[12.7155,13.3151],[12.7177,13.3151],[12.72,13.3151],[12.7222,13.3151],[12.7222,13.3128],[12.7222,13.3106],[12.72,13.3106],[12.72,13.3083],[12.7177,13.3083],[12.7155,13.3061],[12.711,13.3083],[12.7087,13.3083],[12.7087,13.3106],[12.7065,13.3106],[12.7065,13.3128],[12.7087,13.3128],[12.7087,13.3151],[12.7065,13.3173],[12.7042,13.3196],[12.702,13.3218],[12.6997,13.3218],[12.6975,13.3196],[12.693,13.3196],[12.6885,13.3218],[12.684,13.3218],[12.6818,13.3196],[12.684,13.3173],[12.684,13.3151],[12.6863,13.3128],[12.6885,13.3106],[12.6908,13.3061],[12.693,13.3039],[12.693,13.3016],[12.6908,13.3016],[12.6908,13.2994],[12.6908,13.2971],[12.6885,13.2971],[12.6863,13.2949],[12.684,13.2904],[12.6818,13.2859],[12.6795,13.2859],[12.6795,13.2836],[12.6773,13.2814],[12.6773,13.2792],[12.6773,13.2769],[12.675,13.2769],[12.6706,13.2747],[12.6683,13.2747],[12.6683,13.2769],[12.6661,13.2769],[12.6661,13.2792],[12.6661,13.2814],[12.6661,13.2836],[12.6661,13.2859],[12.6638,13.2881],[12.6616,13.2881],[12.6616,13.2904],[12.6571,13.2904],[12.6571,13.2926],[12.6548,13.2904],[12.6548,13.2881],[12.6526,13.2881],[12.6503,13.2881],[12.6481,13.2881],[12.6459,13.2881],[12.6459,13.2904],[12.6436,13.2971],[12.6414,13.2994],[12.6414,13.2971],[12.6391,13.2949],[12.6369,13.2949],[12.6369,13.2926],[12.6346,13.2926],[12.6346,13.2904],[12.6346,13.2881],[12.6346,13.2859],[12.6324,13.2859],[12.6324,13.2836],[12.6301,13.2814],[12.6279,13.2814],[12.6279,13.2792],[12.6256,13.2792],[12.6234,13.2792],[12.6211,13.2792],[12.6144,13.2792],[12.6122,13.2792],[12.6122,13.2814],[12.6122,13.2836],[12.6099,13.2836],[12.6077,13.2836],[12.6054,13.2836],[12.6032,13.2814],[12.5964,13.2814],[12.5942,13.2814],[12.5942,13.2836],[12.5942,13.2859],[12.5942,13.2881],[12.592,13.2881],[12.592,13.2904],[12.5897,13.2904],[12.5897,13.2881],[12.5897,13.2859],[12.5897,13.2836],[12.5875,13.2836],[12.5852,13.2836],[12.583,13.2836],[12.583,13.2859],[12.5807,13.2859],[12.5785,13.2859],[12.5785,13.2836],[12.5785,13.2814],[12.5807,13.2814],[12.5852,13.2814],[12.5875,13.2792],[12.5897,13.2769],[12.592,13.2702],[12.592,13.2679],[12.5897,13.2679],[12.5897,13.2657],[12.5875,13.2657],[12.5875,13.2679],[12.5875,13.2702],[12.5875,13.2724],[12.5875,13.2747],[12.5852,13.2747],[12.583,13.2769],[12.5807,13.2769],[12.5785,13.2769],[12.5785,13.2747],[12.5762,13.2747],[12.5762,13.2702],[12.5785,13.2702],[12.5807,13.2702],[12.5807,13.2679],[12.5807,13.2589],[12.5807,13.2567],[12.5785,13.2567],[12.5785,13.2545],[12.5762,13.2545],[12.574,13.2545],[12.5717,13.2545],[12.5695,13.2522],[12.5695,13.25],[12.5672,13.25],[12.565,13.25],[12.5628,13.25],[12.5628,13.2522],[12.5605,13.2522],[12.5605,13.2545],[12.5605,13.2567],[12.5628,13.2589],[12.5628,13.2612],[12.5628,13.2634],[12.5605,13.2634],[12.5515,13.2634],[12.5493,13.2589],[12.5515,13.2567],[12.5605,13.25],[12.5605,13.2477],[12.5628,13.2477],[12.565,13.2455],[12.565,13.2432],[12.565,13.241],[12.565,13.2387],[12.5672,13.2387],[12.5695,13.2387],[12.5717,13.2387],[12.5717,13.2365],[12.5717,13.2342],[12.5717,13.232],[12.5695,13.232],[12.5695,13.2297],[12.5672,13.2297],[12.565,13.2275],[12.5628,13.2275],[12.5583,13.2275],[12.556,13.2275],[12.5538,13.2253],[12.556,13.2253],[12.556,13.223],[12.556,13.2208],[12.5538,13.2118],[12.5538,13.2095],[12.5515,13.205],[12.5493,13.205],[12.5493,13.2028],[12.547,13.2028],[12.547,13.205],[12.5448,13.205],[12.5448,13.2073],[12.5425,13.2095],[12.5425,13.2118],[12.5403,13.2118],[12.5381,13.2118],[12.5381,13.214],[12.5381,13.2163],[12.5381,13.2185],[12.5358,13.2185],[12.5336,13.2163],[12.5336,13.214],[12.5313,13.2118],[12.5336,13.2118],[12.5336,13.2095],[12.5336,13.2073],[12.5358,13.205],[12.5358,13.2028],[12.5381,13.2006],[12.5403,13.1983],[12.5425,13.1983],[12.5425,13.1961],[12.5448,13.1961],[12.547,13.1961],[12.5493,13.1961],[12.5515,13.1961],[12.5538,13.1983],[12.5538,13.2006],[12.5538,13.2028],[12.556,13.2028],[12.5583,13.2028],[12.5583,13.2006],[12.5605,13.2006],[12.5605,13.1983],[12.5605,13.1961],[12.5605,13.1938],[12.5583,13.1938],[12.556,13.1916],[12.5538,13.1893],[12.5515,13.1871],[12.5515,13.1848],[12.5515,13.1826],[12.5515,13.1803],[12.5515,13.1781],[12.5515,13.1736],[12.5515,13.1714],[12.5538,13.1714],[12.5538,13.1691],[12.5538,13.1669],[12.5515,13.1624],[12.5493,13.1579],[12.547,13.1579],[12.5448,13.1556],[12.5403,13.1511],[12.5403,13.1489],[12.5425,13.1489],[12.5425,13.1467],[12.5425,13.1444],[12.5425,13.1422],[12.5403,13.1422],[12.5381,13.1422],[12.5358,13.1422],[12.5336,13.1444],[12.5336,13.1467],[12.5358,13.1467],[12.5358,13.1489],[12.5358,13.1511],[12.5336,13.1511],[12.5268,13.1511],[12.5246,13.1511],[12.5223,13.1511],[12.5201,13.1511],[12.5201,13.1534],[12.5178,13.1534],[12.5178,13.1556],[12.5156,13.1556],[12.5156,13.1534],[12.5134,13.1534],[12.5134,13.1511],[12.5089,13.1467],[12.5044,13.1467],[12.5044,13.1444],[12.5021,13.1444],[12.4999,13.1399],[12.4976,13.1354],[12.4976,13.1332],[12.4954,13.1332],[12.4931,13.1287],[12.4909,13.1287],[12.4909,13.1264],[12.4886,13.1242],[12.4909,13.1175],[12.4909,13.1152],[12.4931,13.1152],[12.4954,13.1152],[12.4954,13.113],[12.4931,13.1085],[12.4931,13.1062],[12.4909,13.1062],[12.4931,13.1017],[12.4954,13.0995],[12.4954,13.0972],[12.4931,13.095],[12.4909,13.095],[12.4886,13.095],[12.4886,13.0928],[12.4886,13.0905],[12.4909,13.0905],[12.4931,13.0905],[12.4954,13.0905],[12.4954,13.0883],[12.4976,13.0883],[12.4954,13.086],[12.4909,13.086],[12.4909,13.0883],[12.4886,13.0883],[12.4842,13.0883],[12.4797,13.086],[12.4774,13.086],[12.4774,13.0838],[12.4774,13.0815],[12.4797,13.0815],[12.4797,13.0793],[12.4797,13.077],[12.4819,13.077],[12.4819,13.0748],[12.4819,13.0725],[12.4797,13.0636],[12.4774,13.0636],[12.4774,13.0613],[12.4752,13.0613],[12.4729,13.0636],[12.4617,13.0725],[12.4595,13.0725],[12.4572,13.0725],[12.4572,13.0748],[12.455,13.0748],[12.4527,13.0748],[12.4505,13.0748],[12.4482,13.0748],[12.446,13.077],[12.4437,13.0748],[12.4415,13.0748],[12.4392,13.0748],[12.4392,13.0725],[12.437,13.0725],[12.4347,13.0725],[12.4303,13.0748],[12.428,13.077],[12.428,13.0748],[12.4258,13.0748],[12.4235,13.0748],[12.4213,13.0748],[12.419,13.0748],[12.419,13.077],[12.4168,13.077],[12.4168,13.0793],[12.41,13.0815],[12.4078,13.0815],[12.4078,13.0838],[12.4056,13.0838],[12.4011,13.0815],[12.3966,13.0793],[12.3966,13.077],[12.3943,13.077],[12.3943,13.0681],[12.3966,13.0478],[12.4011,13.0299],[12.4011,13.0231],[12.4011,13.0209],[12.4033,13.0164],[12.4033,13.0119],[12.4033,13.0097],[12.4011,12.9984],[12.4011,12.9917],[12.3988,12.9827],[12.3988,12.9805],[12.3943,12.967],[12.3898,12.9535],[12.3876,12.949],[12.3876,12.9445],[12.3786,12.9266],[12.3696,12.9131],[12.3674,12.9108],[12.3629,12.9019],[12.3606,12.8974],[12.3584,12.8861],[12.3606,12.8727],[12.3606,12.8614],[12.3629,12.857],[12.3651,12.8502],[12.3719,12.8322],[12.3741,12.8278],[12.3831,12.8165],[12.3921,12.8031],[12.3943,12.8008],[12.3988,12.7986],[12.4033,12.7941],[12.4123,12.7828],[12.419,12.7739],[12.4258,12.7649],[12.428,12.7626],[12.4325,12.7581],[12.437,12.7514],[12.4572,12.7334],[12.4639,12.7267],[12.4729,12.7177],[12.4774,12.7087],[12.4864,12.693],[12.4864,12.6885],[12.4864,12.6661],[12.4864,12.6616],[12.4819,12.6481],[12.4774,12.6391],[12.4729,12.6346],[12.4639,12.6301],[12.4595,12.6279],[12.4527,12.6211],[12.4437,12.6122],[12.4437,12.6077],[12.4415,12.6032],[12.4415,12.5987],[12.437,12.5852],[12.4347,12.5807],[12.4303,12.574],[12.428,12.5672],[12.4235,12.5628],[12.4235,12.5605],[12.4213,12.556],[12.419,12.5538],[12.4145,12.5515],[12.4056,12.5403],[12.4056,12.5358],[12.3988,12.5246],[12.3988,12.5201],[12.3943,12.5156],[12.3898,12.5089],[12.3696,12.4931],[12.3629,12.4864],[12.3561,12.4819],[12.3539,12.4819],[12.3427,12.4774],[12.3314,12.4684],[12.3157,12.4595],[12.309,12.4572],[12.3,12.455],[12.291,12.4505],[12.2865,12.4482],[12.2686,12.4347],[12.2663,12.4303],[12.2618,12.4235],[12.2596,12.4213],[12.2618,12.4145],[12.2686,12.3921],[12.2753,12.3786],[12.2775,12.3674],[12.2865,12.3539],[12.2978,12.3292],[12.3022,12.3202],[12.3045,12.3135],[12.3067,12.291],[12.3067,12.2843],[12.3045,12.2775],[12.3045,12.2618],[12.3045,12.2573],[12.3045,12.2484],[12.3045,12.2349],[12.3045,12.2281],[12.3022,12.2192],[12.3,12.2012],[12.291,12.1698],[12.2888,12.163],[12.2843,12.1428],[12.2753,12.1091],[12.2708,12.0979],[12.2686,12.0889],[12.2618,12.0642],[12.2573,12.0462],[12.2528,12.017],[12.2506,12.0125],[12.2506,12.0081],[12.2506,12.0058],[12.2484,11.9878],[12.2484,11.9766],[12.2484,11.9721],[12.2484,11.9609],[12.2461,11.9407],[12.2439,11.9362],[12.2461,11.925],[12.2461,11.916],[12.2461,11.9092],[12.2461,11.8935],[12.2461,11.8711],[12.2484,11.8553],[12.2506,11.8419],[12.2506,11.8351],[12.2528,11.8261],[12.2528,11.8149],[12.2484,11.7992],[12.2439,11.788],[12.2416,11.7835],[12.2371,11.779],[12.2192,11.7588],[12.2124,11.7475],[12.2102,11.7408],[12.2034,11.7296],[12.1989,11.7228],[12.1945,11.7004],[12.1877,11.6824],[12.1877,11.6779],[12.181,11.6667],[12.1765,11.6555],[12.1742,11.6487],[12.1742,11.6465],[12.1742,11.6398],[12.172,11.6375],[12.1698,11.6353],[12.1698,11.6285],[12.2034,11.6308],[12.2124,11.6308],[12.2259,11.633],[12.2394,11.6353],[12.2484,11.633],[12.2618,11.6285],[12.2708,11.6218],[12.2775,11.6128],[12.291,11.5971],[12.3,11.5881],[12.3,11.5836],[12.3045,11.5701],[12.3067,11.5634],[12.309,11.5499],[12.3135,11.5409],[12.3157,11.5342],[12.3202,11.5185],[12.3225,11.5073],[12.3225,11.5028],[12.3247,11.4983],[12.3225,11.4893],[12.3157,11.4825],[12.3112,11.4758],[12.309,11.4713],[12.3045,11.4668],[12.2798,11.4489],[12.2708,11.4444],[12.2663,11.4399],[12.2641,11.4376],[12.2551,11.4309],[12.2506,11.4264],[12.2371,11.4152],[12.2304,11.4107],[12.2214,11.3995],[12.2147,11.3905],[12.2124,11.386],[12.2034,11.3613],[12.2012,11.3523],[12.1989,11.3411],[12.1989,11.3343],[12.1967,11.3186],[12.1945,11.3119],[12.1922,11.3074],[12.19,11.3051],[12.1877,11.3029],[12.1787,11.2962],[12.1675,11.2894],[12.154,11.2827],[12.1383,11.2737],[12.1248,11.2692],[12.1181,11.2625],[12.1069,11.2557],[12.1046,11.2512],[12.1024,11.2445],[12.1024,11.2378],[12.1024,11.2288],[12.1091,11.2086],[12.1114,11.1951],[12.1136,11.1928],[12.1136,11.1861],[12.1136,11.1794],[12.1136,11.1704],[12.1136,11.1547],[12.1181,11.1479],[12.1203,11.1389],[12.1271,11.1389],[12.1293,11.1367],[12.1338,11.1277],[12.1361,11.1187],[12.1361,11.1165],[12.1361,11.1075],[12.1361,11.103],[12.1383,11.0963],[12.1406,11.0918],[12.145,11.0895],[12.1495,11.0806],[12.1495,11.0783],[12.1473,11.0761],[12.145,11.0693],[12.1383,11.0626],[12.1293,11.0559],[12.1248,11.0559],[12.1069,11.0514],[12.0979,11.0514],[12.0889,11.0514],[12.0822,11.0514],[12.0754,11.0536],[12.0709,11.0581],[12.0575,11.0626],[12.0552,11.0626],[12.0462,11.0648],[12.0417,11.0648],[12.035,11.0626],[12.0283,11.0626],[12.0215,11.0581],[12.0193,11.0536],[12.0125,11.0424],[12.0081,11.0334],[12.0058,11.0312],[11.9789,11.0042],[11.9654,10.9885],[11.9497,10.9773],[11.9362,10.966],[11.9295,10.9638],[11.916,10.9593],[11.9048,10.957],[11.8958,10.9548],[11.8845,10.9526],[11.88,10.9503],[11.8711,10.9481],[11.8666,10.9458],[11.8553,10.9413],[11.8486,10.9413],[11.8419,10.9391],[11.8351,10.9391],[11.8217,10.9368],[11.8037,10.9278],[11.7902,10.9234],[11.7745,10.9189],[11.7498,10.9099],[11.7273,10.9009],[11.7161,10.8964],[11.6937,10.8897],[11.6892,10.8874],[11.6802,10.8852],[11.6667,10.8852],[11.6465,10.8784],[11.6398,10.8739],[11.633,10.8717],[11.6263,10.8672],[11.624,10.8605],[11.624,10.856],[11.6353,10.8492],[11.6375,10.847],[11.642,10.8448],[11.6442,10.8403],[11.6465,10.8335],[11.651,10.8268],[11.6577,10.829],[11.6622,10.829],[11.6847,10.8335],[11.6937,10.829],[11.7004,10.8245],[11.7049,10.8201],[11.7116,10.8111],[11.7228,10.8066],[11.7273,10.8066],[11.7318,10.8066],[11.7363,10.8021],[11.7386,10.7976],[11.7408,10.7931],[11.7363,10.7819],[11.7363,10.7774],[11.7296,10.7662],[11.7251,10.7594],[11.7228,10.7572],[11.7206,10.7437],[11.7273,10.737],[11.7408,10.728],[11.7475,10.7257],[11.7498,10.7212],[11.7565,10.7145],[11.7655,10.6965],[11.7678,10.6898],[11.7678,10.6808],[11.7678,10.6786],[11.7678,10.6741],[11.7633,10.6718],[11.761,10.6696],[11.7543,10.6696],[11.7475,10.6673],[11.7318,10.6539],[11.7273,10.6494],[11.7228,10.6449],[11.7206,10.6404],[11.7161,10.6381],[11.7139,10.6359],[11.7094,10.6314],[11.7026,10.6292],[11.6892,10.6224],[11.6847,10.6202],[11.6757,10.6179],[11.6689,10.6179],[11.6622,10.6157],[11.6465,10.6112],[11.6398,10.609],[11.6398,10.6],[11.6398,10.5865],[11.6375,10.5708],[11.6398,10.5618],[11.642,10.5528],[11.6487,10.5438],[11.651,10.5303],[11.6465,10.5191],[11.6442,10.5101],[11.6398,10.5012],[11.6398,10.4899],[11.6375,10.4765],[11.6375,10.472],[11.6353,10.4652],[11.6353,10.4473],[11.6353,10.4383],[11.6353,10.427],[11.6353,10.4181],[11.6353,10.4091],[11.6353,10.4001],[11.6353,10.3956],[11.624,10.3821],[11.6016,10.3574],[11.5679,10.3395],[11.5432,10.326],[11.5342,10.3125],[11.532,10.3013],[11.5387,10.2945],[11.5477,10.2856],[11.5612,10.2743],[11.5724,10.2609],[11.5814,10.2451],[11.5859,10.2249],[11.5971,10.2025],[11.6173,10.1935],[11.6375,10.1867],[11.6622,10.1778],[11.6757,10.1733],[11.6824,10.1733],[11.6981,10.1665],[11.7228,10.1665],[11.7408,10.1643],[11.7498,10.1553],[11.7565,10.1418],[11.761,10.1328],[11.7745,10.1194],[11.7992,10.0947],[11.8059,10.0879],[11.8082,10.0857],[11.8104,10.0745],[11.8172,10.0677],[11.8217,10.0632],[11.8284,10.0542],[11.8329,10.0475],[11.8396,10.0453],[11.8441,10.0453],[11.8464,10.0453],[11.8621,10.0453],[11.8666,10.0453],[11.8778,10.043],[11.8913,10.0408],[11.9115,10.034],[11.9429,10.0295],[11.9654,10.0273],[11.9946,10.0228],[12.0036,10.0228],[12.0036,10.0251],[12.0058,10.0251],[12.0283,10.0318],[12.044,10.0363],[12.0485,10.0385],[12.062,10.0385],[12.0687,10.0363],[12.0799,10.0363],[12.0844,10.0385],[12.0934,10.043],[12.0979,10.0475],[12.1046,10.0542],[12.1069,10.061],[12.1069,10.0677],[12.1069,10.0745],[12.1091,10.0834],[12.1159,10.0969],[12.1226,10.1037],[12.1271,10.1126],[12.1293,10.1171],[12.1338,10.1284],[12.145,10.1418],[12.1495,10.1486],[12.1585,10.1553],[12.163,10.162],[12.172,10.171],[12.1832,10.1823],[12.1945,10.1935],[12.1967,10.1957],[12.2102,10.2002],[12.2214,10.207],[12.2259,10.2092],[12.2304,10.2092],[12.2371,10.2115],[12.2439,10.2159],[12.2484,10.2204],[12.2573,10.2384],[12.2596,10.2451],[12.2618,10.2541],[12.2641,10.2609],[12.2641,10.2631],[12.2641,10.2676],[12.2708,10.2788],[12.2798,10.2878],[12.2865,10.2968],[12.2888,10.3013],[12.2955,10.308],[12.3022,10.3125],[12.3135,10.3148],[12.3202,10.3148],[12.3292,10.3192],[12.3359,10.3192],[12.3449,10.3192],[12.3606,10.317],[12.3943,10.3192],[12.3966,10.3192],[12.4033,10.3192],[12.4123,10.3192],[12.4213,10.317],[12.4235,10.317],[12.4347,10.317],[12.4437,10.317],[12.4527,10.3215],[12.4595,10.3237],[12.4684,10.3282],[12.4729,10.3305],[12.4842,10.335],[12.4931,10.3372],[12.4999,10.3395],[12.5066,10.3417],[12.5134,10.3462],[12.5448,10.3642],[12.556,10.3709],[12.5605,10.3754],[12.5605,10.3844],[12.5605,10.3934],[12.5628,10.4068],[12.565,10.4203],[12.5672,10.4226],[12.583,10.436],[12.592,10.4405],[12.5964,10.4428],[12.6122,10.4495],[12.6256,10.4517],[12.6279,10.4517],[12.6369,10.4428],[12.6391,10.4383],[12.6526,10.4383],[12.6571,10.445],[12.6661,10.4585],[12.6683,10.4652],[12.6706,10.472],[12.6706,10.4765],[12.6728,10.4809],[12.6728,10.4854],[12.6795,10.4922],[12.6818,10.4967],[12.6863,10.4989],[12.6953,10.5191],[12.6975,10.5236],[12.702,10.5326],[12.7042,10.5371],[12.7177,10.5506],[12.7222,10.5595],[12.7289,10.5685],[12.7312,10.573],[12.7357,10.5753],[12.7402,10.5775],[12.7447,10.5798],[12.7604,10.582],[12.7649,10.582],[12.7806,10.5775],[12.7986,10.5753],[12.8098,10.5753],[12.8165,10.5753],[12.8322,10.5753],[12.8457,10.5753],[12.848,10.5753],[12.8547,10.5753],[12.8637,10.5753],[12.8749,10.573],[12.8884,10.5708],[12.9086,10.564],[12.9176,10.5618],[12.94,10.5551],[12.958,10.5483],[12.9647,10.5438],[12.9827,10.5348],[12.9872,10.5326],[13.0029,10.5214],[13.0097,10.5146],[13.0186,10.5012],[13.0254,10.4922],[13.0344,10.4809],[13.0456,10.4697],[13.0523,10.4652],[13.0658,10.4607],[13.0793,10.4562],[13.0883,10.454],[13.0972,10.4495],[13.1085,10.4473],[13.1152,10.445],[13.122,10.4428],[13.1287,10.4405],[13.1332,10.4383],[13.1399,10.436],[13.1489,10.4315],[13.1556,10.4293],[13.1601,10.427],[13.1669,10.427],[13.1714,10.427],[13.1916,10.4315],[13.2073,10.4338],[13.2118,10.436],[13.214,10.4383],[13.214,10.4428],[13.214,10.454],[13.2185,10.4765],[13.2185,10.4809],[13.2208,10.4877],[13.2253,10.5056],[13.2253,10.5169],[13.2297,10.5303],[13.2342,10.5393],[13.2365,10.5483],[13.2365,10.5551],[13.2387,10.5685],[13.2432,10.5798],[13.2455,10.5865],[13.2477,10.5932],[13.2612,10.6179],[13.2634,10.6202],[13.2657,10.6247],[13.2702,10.6359],[13.2769,10.6516],[13.2836,10.6673],[13.2881,10.6763],[13.2904,10.6808],[13.2971,10.6876],[13.3016,10.6943],[13.3039,10.6988],[13.3106,10.7145],[13.3151,10.7257],[13.3173,10.7302],[13.3196,10.737],[13.3218,10.7527],[13.3263,10.7662],[13.3286,10.7751],[13.3331,10.7909],[13.3353,10.8066],[13.3353,10.8156],[13.3353,10.8223],[13.3353,10.829],[13.3353,10.8335],[13.3353,10.8358],[13.3353,10.8425],[13.3353,10.8492],[13.3353,10.8582],[13.3353,10.8695],[13.3353,10.8739],[13.3353,10.8784],[13.3353,10.8807],[13.3353,10.8852],[13.3353,10.8897],[13.3353,10.9144],[13.3375,10.9211],[13.342,10.9256],[13.3465,10.9301],[13.351,10.9323],[13.3555,10.9301],[13.3578,10.9301],[13.3622,10.9278],[13.378,10.9211],[13.3892,10.9189],[13.3982,10.9144],[13.4139,10.9076],[13.4229,10.9031],[13.4296,10.9031],[13.4745,10.9031],[13.4835,10.9054],[13.5015,10.9099],[13.5127,10.9144],[13.5172,10.9189],[13.5284,10.9211],[13.5352,10.9234],[13.5419,10.9256],[13.5464,10.9278],[13.5486,10.9323],[13.5554,10.9368],[13.5644,10.9413],[13.5733,10.9458],[13.5778,10.9481],[13.5846,10.9503],[13.6048,10.9503],[13.6138,10.9503],[13.6205,10.9481],[13.6295,10.9481],[13.6407,10.9458],[13.6587,10.9458],[13.6632,10.9458],[13.6879,10.9436],[13.6924,10.9458],[13.7126,10.9436],[13.7126,10.9481],[13.7103,10.9503],[13.7103,10.9548],[13.7103,10.957],[13.7126,10.9593],[13.7126,10.9615],[13.7148,10.9638],[13.7171,10.9638],[13.7193,10.966],[13.7238,10.9705],[13.7238,10.9728],[13.7261,10.9728],[13.7283,10.975],[13.7283,10.9773],[13.7306,10.9773],[13.7328,10.9817],[13.7306,10.9885],[13.7306,10.993],[13.7306,10.9952],[13.7306,10.9975],[13.7306,10.9997],[13.735,11.0064],[13.7373,11.0064],[13.7395,11.0042],[13.744,11.0042],[13.7463,11.0042],[13.7485,11.0064],[13.753,11.0042],[13.7575,11.0042],[13.762,11.002],[13.7687,11.002],[13.7755,11.002],[13.7777,11.002],[13.7889,11.002],[13.7912,11.002],[13.7934,11.0042],[13.7957,11.0087],[13.7979,11.0132],[13.7957,11.0177],[13.7979,11.0222],[13.7979,11.0244],[13.8002,11.0244],[13.8024,11.0267],[13.8024,11.0289],[13.8024,11.0334],[13.8047,11.0356],[13.8069,11.0379],[13.8092,11.0379],[13.8092,11.0401],[13.8092,11.0424],[13.8092,11.0446],[13.8114,11.0446],[13.8114,11.0469],[13.8136,11.0491],[13.8114,11.0491],[13.8114,11.0514],[13.8136,11.0536],[13.8136,11.0559],[13.8159,11.0559],[13.8159,11.0581],[13.8159,11.0626],[13.8159,11.0648],[13.8181,11.0671],[13.8181,11.0693],[13.8204,11.0671],[13.8204,11.0648],[13.8226,11.0648],[13.8249,11.0648],[13.8271,11.0671],[13.8271,11.0693],[13.8271,11.0716],[13.8294,11.0738],[13.8294,11.0761],[13.8316,11.0783],[13.8339,11.0783],[13.8361,11.0783],[13.8383,11.0806],[13.8406,11.0851],[13.8451,11.0851],[13.8473,11.0873],[13.8563,11.094],[13.8563,11.0963],[13.8586,11.0985],[13.8563,11.1008],[13.8563,11.103],[13.8586,11.103],[13.8608,11.103],[13.8608,11.1053],[13.8608,11.112],[13.8631,11.1142],[13.8653,11.1142],[13.8653,11.1165],[13.8653,11.1187],[13.8675,11.1255],[13.8698,11.13],[13.872,11.13],[13.872,11.1277],[13.8743,11.1277],[13.881,11.1345],[13.881,11.1367],[13.8788,11.1367],[13.8788,11.1389],[13.8765,11.1389],[13.8765,11.1412],[13.8765,11.1434],[13.8765,11.1479],[13.881,11.1502],[13.8833,11.1547],[13.8878,11.1569],[13.8967,11.1614],[13.899,11.1637],[13.899,11.1614],[13.9012,11.1614],[13.9035,11.1637],[13.9057,11.1681],[13.908,11.1726],[13.9102,11.1726],[13.9102,11.1749],[13.9125,11.1749],[13.9125,11.1794],[13.9125,11.1816],[13.9102,11.1816],[13.9102,11.1839],[13.9125,11.1861],[13.9147,11.1884],[13.9192,11.1951],[13.9259,11.1973],[13.9304,11.2018],[13.9349,11.2063],[13.9372,11.2131],[13.9372,11.2153],[13.9372,11.2175],[13.9372,11.2198],[13.9372,11.222],[13.9417,11.2243],[13.9417,11.2265],[13.9417,11.2288],[13.9439,11.2333],[13.9439,11.2378],[13.9461,11.24],[13.9461,11.2423],[13.9506,11.2445],[13.9529,11.2445],[13.9529,11.2467],[13.9551,11.2467],[13.9574,11.2467],[13.9596,11.249],[13.9619,11.2512],[13.9641,11.2535],[13.9641,11.2557],[13.9664,11.258],[13.9708,11.258],[13.9776,11.2602],[13.9798,11.267],[13.9821,11.267],[13.9821,11.2692],[13.9821,11.2714],[13.9821,11.2737],[13.9843,11.2759],[13.9866,11.2782],[13.9888,11.2782],[13.9888,11.2804],[13.9888,11.2849],[13.9888,11.2872],[13.9888,11.2894],[13.9888,11.2917],[13.9911,11.2917],[13.9888,11.2939],[13.9888,11.2984],[13.9866,11.3006],[13.9843,11.3006],[13.9821,11.3029],[13.9821,11.3051],[13.9843,11.3096],[13.9866,11.3096],[13.9933,11.3096],[13.9955,11.3074],[13.9978,11.3074],[14.0,11.3074],[14.0068,11.3051],[14.0135,11.3029],[14.0158,11.3006],[14.0225,11.2962],[14.0225,11.2939],[14.027,11.2939],[14.0337,11.2939],[14.036,11.2917],[14.0382,11.2917],[14.0427,11.2917],[14.045,11.2894],[14.0517,11.2849],[14.0539,11.2849],[14.0562,11.2849],[14.0584,11.2827],[14.0629,11.2827],[14.0629,11.2804],[14.0652,11.2804],[14.0674,11.2782],[14.0697,11.2782],[14.0719,11.2782],[14.0719,11.2804],[14.0764,11.2827],[14.0786,11.2827],[14.0809,11.2827],[14.0831,11.2804],[14.0854,11.2804],[14.0876,11.2804],[14.0966,11.2759],[14.1011,11.2737],[14.1033,11.2714],[14.1056,11.2692],[14.1078,11.267],[14.1078,11.2647],[14.1101,11.2647],[14.1123,11.2647],[14.1146,11.2625],[14.1168,11.2625],[14.1191,11.2602],[14.1213,11.2602],[14.1213,11.258],[14.1236,11.258],[14.1258,11.2557],[14.128,11.2557],[14.128,11.2535],[14.1325,11.2535],[14.1348,11.2535],[14.137,11.2512],[14.1393,11.2512],[14.1415,11.2512],[14.1438,11.2512],[14.146,11.2512],[14.1483,11.2512],[14.1505,11.249],[14.1528,11.249],[14.155,11.2467],[14.155,11.2445],[14.1572,11.2445],[14.1595,11.2445],[14.1595,11.2467],[14.1617,11.2467],[14.164,11.2467],[14.164,11.2445],[14.1662,11.2445],[14.1707,11.2423],[14.1775,11.24],[14.1797,11.24],[14.1864,11.24],[14.1932,11.2423],[14.1954,11.2445],[14.1977,11.2467],[14.1977,11.249],[14.1999,11.2512],[14.2022,11.2557],[14.2044,11.2557],[14.2134,11.2602],[14.2156,11.2602],[14.2224,11.2625],[14.2291,11.2647],[14.2336,11.267],[14.2381,11.2714],[14.2426,11.2759],[14.2448,11.2782],[14.2448,11.2804],[14.2448,11.2827],[14.2448,11.2849],[14.2471,11.2894],[14.2471,11.2917],[14.2471,11.2939],[14.2493,11.2984],[14.2516,11.2984],[14.2561,11.3006],[14.2583,11.3006],[14.2628,11.3029],[14.2763,11.3074],[14.2853,11.3119],[14.2897,11.3141],[14.2942,11.3164],[14.2987,11.3164],[14.301,11.3186],[14.3077,11.3209],[14.3122,11.3231],[14.3189,11.3253],[14.3212,11.3276],[14.3302,11.3343],[14.3392,11.3411],[14.3436,11.3456],[14.3459,11.3478],[14.3504,11.35],[14.3549,11.3545],[14.3616,11.359],[14.3661,11.3635],[14.3706,11.3658],[14.3728,11.3703],[14.3751,11.3725],[14.3773,11.377],[14.3773,11.3815],[14.3773,11.3882],[14.3796,11.395],[14.3796,11.3995],[14.3796,11.4062],[14.3796,11.4152],[14.3796,11.4197],[14.3796,11.4219],[14.3818,11.4242],[14.3841,11.4264],[14.3863,11.4287],[14.393,11.4309],[14.3953,11.4309],[14.3975,11.4309],[14.3998,11.4309],[14.402,11.4309],[14.4065,11.4331],[14.4088,11.4331],[14.411,11.4331],[14.4133,11.4354],[14.4178,11.4376],[14.4267,11.4421],[14.4312,11.4421],[14.4357,11.4444],[14.4402,11.4466],[14.4447,11.4511],[14.4469,11.4534],[14.4492,11.4534],[14.4514,11.4601],[14.4537,11.4601],[14.4559,11.4623],[14.4582,11.4646],[14.4627,11.4646],[14.4649,11.4646],[14.4694,11.4646],[14.4739,11.4646],[14.4784,11.4646],[14.4829,11.4646],[14.4829,11.4668],[14.4874,11.4668],[14.4874,11.4691],[14.4896,11.4691],[14.4919,11.4713],[14.4941,11.4713],[14.4964,11.4713],[14.4986,11.4736],[14.5031,11.4736],[14.5076,11.4758],[14.5121,11.4736],[14.5143,11.4736],[14.5188,11.4736],[14.5211,11.4736],[14.5255,11.4758],[14.53,11.4758],[14.5368,11.4758],[14.539,11.4758],[14.5458,11.4781],[14.5525,11.4781],[14.5592,11.4781],[14.5682,11.4803],[14.5817,11.4825],[14.5884,11.487],[14.5929,11.4893],[14.5997,11.4938],[14.6041,11.4983],[14.6086,11.505],[14.6109,11.5095],[14.6131,11.5095],[14.6131,11.5117],[14.6131,11.514],[14.6154,11.5162],[14.6154,11.5185],[14.6199,11.5275],[14.6221,11.5342],[14.6266,11.5409],[14.6289,11.5477],[14.6333,11.5544],[14.6356,11.5589],[14.6356,11.5612],[14.6378,11.5634],[14.6401,11.5656],[14.6401,11.5679],[14.6423,11.5701],[14.6446,11.5791],[14.6468,11.5881],[14.6446,11.5881],[14.6446,11.5903],[14.6423,11.5903],[14.6423,11.5926],[14.6401,11.5926],[14.6401,11.5948],[14.6401,11.5971],[14.6378,11.5993],[14.6378,11.6016],[14.6401,11.6016],[14.6401,11.6038],[14.6401,11.6061],[14.6423,11.6083],[14.6423,11.6106],[14.6446,11.6106],[14.6468,11.6128],[14.6491,11.6128],[14.6491,11.6173],[14.6491,11.6195],[14.6468,11.6195],[14.6468,11.6218],[14.6446,11.624],[14.6423,11.6353],[14.6423,11.6398],[14.6401,11.6465],[14.6401,11.6487],[14.6423,11.651],[14.6423,11.6532],[14.6423,11.6577],[14.6378,11.6622],[14.6356,11.6622],[14.6333,11.6622],[14.6311,11.6645],[14.6289,11.6645],[14.6266,11.6645],[14.6244,11.6667],[14.6244,11.6689],[14.6244,11.6712],[14.6244,11.6734],[14.6221,11.6757],[14.6199,11.6779],[14.6176,11.6802],[14.6154,11.6802],[14.6131,11.6802],[14.6109,11.6802],[14.6086,11.6824],[14.6086,11.6847],[14.6086,11.6869],[14.6086,11.6892],[14.6064,11.6892],[14.6064,11.6914],[14.6041,11.6914],[14.6041,11.6937],[14.6019,11.6959],[14.6019,11.6981],[14.6019,11.7004],[14.5997,11.7026],[14.5974,11.7049],[14.5952,11.7049],[14.5929,11.7049],[14.5907,11.7049],[14.5884,11.7026],[14.5862,11.7026],[14.5839,11.7026],[14.5817,11.7026],[14.5772,11.7026],[14.5772,11.7049],[14.575,11.7049],[14.5705,11.7071],[14.5682,11.7094],[14.5682,11.7116],[14.566,11.7116],[14.5637,11.7116],[14.5615,11.7116],[14.557,11.7116],[14.5547,11.7116],[14.5525,11.7139],[14.548,11.7228],[14.548,11.7251],[14.548,11.7273],[14.5547,11.7318],[14.557,11.7318],[14.557,11.7296],[14.5592,11.7296],[14.5592,11.7318],[14.5615,11.7318],[14.566,11.7363],[14.5682,11.7363],[14.5705,11.7363],[14.5727,11.7386],[14.5727,11.7408],[14.5727,11.7431],[14.5727,11.7453],[14.5727,11.7475],[14.575,11.7498],[14.5772,11.752],[14.5794,11.752],[14.5817,11.752],[14.5839,11.752],[14.5839,11.7543],[14.5862,11.7565],[14.5907,11.7565],[14.5929,11.7565],[14.5952,11.7565],[14.5974,11.761],[14.5997,11.7633],[14.6019,11.7678],[14.6041,11.77],[14.6064,11.7723],[14.6064,11.7745],[14.6086,11.7767],[14.6109,11.7767],[14.6131,11.779],[14.6154,11.7835],[14.6154,11.7857],[14.6154,11.788],[14.6131,11.788],[14.6109,11.788],[14.6086,11.7925],[14.6086,11.7947],[14.6064,11.797],[14.6064,11.7992],[14.6064,11.8014],[14.6064,11.8037],[14.6064,11.8059],[14.6086,11.8127],[14.6086,11.8149],[14.6109,11.8172],[14.6109,11.8217],[14.6109,11.8239],[14.6086,11.8284],[14.6064,11.8329],[14.6064,11.8374],[14.6064,11.8441],[14.6154,11.8509],[14.6154,11.8531],[14.6154,11.8553],[14.6154,11.8576],[14.6131,11.8576],[14.6109,11.8598],[14.6086,11.8621],[14.6064,11.8621],[14.6064,11.8643],[14.6041,11.8666],[14.6041,11.8688],[14.6041,11.8711],[14.6064,11.8733],[14.6131,11.8778],[14.6154,11.88],[14.6176,11.8823],[14.6199,11.8823],[14.6199,11.8845],[14.6221,11.889],[14.6244,11.8913],[14.6244,11.8935],[14.6266,11.8958],[14.6266,11.898],[14.6289,11.9003],[14.6289,11.9025],[14.6289,11.9048],[14.6311,11.9048],[14.6401,11.9092],[14.6423,11.9115],[14.6446,11.9137],[14.6423,11.916],[14.6401,11.9205],[14.6356,11.9272],[14.6356,11.9295],[14.6333,11.9317],[14.6356,11.9339],[14.6356,11.9362],[14.6423,11.9429],[14.6446,11.9452],[14.6446,11.9474],[14.6468,11.9497],[14.6491,11.9497],[14.6491,11.9519],[14.6513,11.9542],[14.6536,11.9542],[14.6536,11.9564],[14.6558,11.9586],[14.6558,11.9609],[14.6558,11.9631],[14.6558,11.9654],[14.6536,11.9676],[14.6468,11.9721],[14.6446,11.9721],[14.6423,11.9766],[14.6423,11.9811],[14.6423,11.9834],[14.6401,11.9834],[14.6378,11.9856],[14.6378,11.9878],[14.6378,11.9901],[14.6378,11.9923],[14.6356,11.9923],[14.6356,11.9946],[14.6333,12.0013],[14.6333,12.0058],[14.6333,12.0081],[14.6356,12.0103],[14.6333,12.0103],[14.6333,12.0125],[14.6311,12.017],[14.6311,12.0193],[14.6333,12.0193],[14.6311,12.0215],[14.6289,12.0283],[14.6266,12.0283],[14.6244,12.0305],[14.6221,12.0305],[14.6221,12.035],[14.6221,12.0417],[14.6244,12.0507],[14.6311,12.0575],[14.6311,12.0597],[14.6333,12.0597],[14.6356,12.062],[14.6378,12.062],[14.6446,12.062],[14.6446,12.0642],[14.6468,12.0642],[14.6491,12.062],[14.6513,12.0642],[14.6536,12.0642],[14.6536,12.0664],[14.6513,12.0709],[14.6513,12.0732],[14.6446,12.0777],[14.6423,12.0777],[14.6401,12.0799],[14.6401,12.0822],[14.6401,12.0844],[14.6378,12.0844],[14.6356,12.0889],[14.6356,12.0911],[14.6356,12.0934],[14.6378,12.0956],[14.6378,12.0979],[14.6401,12.0979],[14.6423,12.1001],[14.6468,12.1046],[14.6468,12.1069],[14.6513,12.1091],[14.6536,12.1114],[14.6536,12.1136],[14.6558,12.1159],[14.658,12.1248],[14.6558,12.1271],[14.6558,12.1316],[14.6558,12.1338],[14.6536,12.1361],[14.6536,12.1383],[14.6558,12.1383],[14.6558,12.1406],[14.6625,12.145],[14.6625,12.1473],[14.6648,12.1473],[14.6648,12.1495],[14.6715,12.1518],[14.6715,12.154],[14.6738,12.1563],[14.676,12.1585],[14.676,12.1608],[14.6783,12.163],[14.6783,12.1653],[14.676,12.172],[14.676,12.1742],[14.6738,12.1742],[14.6738,12.1765],[14.6715,12.1765],[14.6715,12.1787],[14.6693,12.1787],[14.667,12.1787],[14.6648,12.1787],[14.6648,12.181],[14.6648,12.1832],[14.6648,12.1855],[14.667,12.1855],[14.667,12.1877],[14.667,12.19],[14.6648,12.1922],[14.6603,12.1967],[14.658,12.1989],[14.6558,12.1989],[14.6536,12.1989],[14.6536,12.1967],[14.6513,12.1967],[14.6513,12.1945],[14.6491,12.1945],[14.6468,12.1945],[14.6446,12.1945],[14.6401,12.1922],[14.6378,12.1922],[14.6356,12.1922],[14.6356,12.1945],[14.6333,12.1945],[14.6311,12.1945],[14.6266,12.1922],[14.6266,12.19],[14.6266,12.1877],[14.6289,12.1877],[14.6289,12.1855],[14.6311,12.1855],[14.6311,12.1832],[14.6289,12.1832],[14.6266,12.1832],[14.6244,12.1832],[14.6221,12.1832],[14.6176,12.1855],[14.6154,12.1855],[14.6154,12.19],[14.6154,12.1922],[14.6131,12.1922],[14.6109,12.1922],[14.6086,12.1922],[14.6064,12.1922],[14.6064,12.1945],[14.6041,12.1945],[14.6019,12.1945],[14.5997,12.1945],[14.5974,12.1945],[14.5974,12.1967],[14.5997,12.1989],[14.6019,12.1989],[14.6041,12.1989],[14.6064,12.1989],[14.6086,12.1989],[14.6086,12.2012],[14.6086,12.2034],[14.6041,12.2102],[14.6041,12.2124],[14.6019,12.2147],[14.5997,12.2147],[14.5974,12.2147],[14.5952,12.2147],[14.5952,12.2169],[14.5929,12.2169],[14.5929,12.2192],[14.5929,12.2214],[14.5952,12.2214],[14.5952,12.2236],[14.5952,12.2259],[14.5952,12.2281],[14.5929,12.2281],[14.5907,12.2304],[14.5884,12.2304],[14.5794,12.2304],[14.5794,12.2281],[14.5772,12.2281],[14.575,12.2281],[14.5727,12.2281],[14.5727,12.2304],[14.5705,12.2304],[14.5682,12.2326],[14.566,12.2326],[14.5592,12.2349],[14.557,12.2349],[14.5547,12.2349],[14.5525,12.2349],[14.5503,12.2349],[14.548,12.2371],[14.548,12.2394],[14.548,12.2416],[14.5503,12.2439],[14.5525,12.2439],[14.5547,12.2461],[14.557,12.2484],[14.557,12.2506],[14.557,12.2528],[14.557,12.2551],[14.5592,12.2551],[14.5592,12.2573],[14.5592,12.2596],[14.557,12.2596],[14.557,12.2573],[14.5547,12.2573],[14.5525,12.2573],[14.5503,12.2573],[14.548,12.2573],[14.5435,12.2686],[14.5435,12.2708],[14.5435,12.2731],[14.5435,12.2753],[14.5458,12.2753],[14.5458,12.2775],[14.548,12.2775],[14.548,12.2798],[14.5458,12.282],[14.5435,12.282],[14.5413,12.2843],[14.539,12.2865],[14.5368,12.2865],[14.5368,12.2888],[14.5345,12.2888],[14.5323,12.2888],[14.53,12.2888],[14.5278,12.2888],[14.5278,12.291],[14.5255,12.291],[14.5233,12.2933],[14.5233,12.2955],[14.5211,12.2955],[14.5211,12.2978],[14.5188,12.2978],[14.5166,12.2978],[14.5166,12.2955],[14.5143,12.2955],[14.5121,12.2955],[14.5121,12.2978],[14.5121,12.3],[14.5143,12.3022],[14.5143,12.3045],[14.5143,12.3067],[14.5143,12.309],[14.5121,12.309],[14.5121,12.3112],[14.5098,12.3112],[14.5098,12.3135],[14.5098,12.3157],[14.5121,12.3157],[14.5143,12.318],[14.5143,12.3157],[14.5166,12.3157],[14.5166,12.3135],[14.5188,12.3135],[14.5211,12.3135],[14.5211,12.3157],[14.5233,12.3157],[14.5233,12.318],[14.5211,12.3247],[14.5211,12.327],[14.5188,12.327],[14.5188,12.3292],[14.5166,12.3292],[14.5143,12.3292],[14.5121,12.3292],[14.5098,12.3292],[14.5076,12.3292],[14.5031,12.3292],[14.5008,12.3292],[14.4986,12.3292],[14.4964,12.3314],[14.4941,12.3337],[14.4941,12.3359],[14.4919,12.3359],[14.4919,12.3382],[14.4896,12.3382],[14.4874,12.3382],[14.4851,12.3404],[14.4829,12.3404],[14.4829,12.3427],[14.4851,12.3427],[14.4851,12.3449],[14.4874,12.3449],[14.4874,12.3472],[14.4874,12.3494],[14.4851,12.3517],[14.4829,12.3517],[14.4806,12.3517],[14.4784,12.3494],[14.4784,12.3472],[14.4761,12.3449],[14.4739,12.3472],[14.4716,12.3494],[14.4716,12.3517],[14.4716,12.3539],[14.4694,12.3539],[14.4694,12.3561],[14.4672,12.3584],[14.4672,12.3606],[14.4649,12.3606],[14.4582,12.3584],[14.4559,12.3561],[14.4514,12.3539],[14.4492,12.3517],[14.4492,12.3494],[14.4469,12.3494],[14.4447,12.3494],[14.4425,12.3517],[14.4425,12.3539],[14.4425,12.3561],[14.4447,12.3561],[14.4447,12.3584],[14.4447,12.3606],[14.4447,12.3629],[14.4425,12.3629],[14.4425,12.3651],[14.4402,12.3674],[14.438,12.3674],[14.4357,12.3696],[14.4335,12.3696],[14.4312,12.3696],[14.429,12.3696],[14.4267,12.3696],[14.4267,12.3674],[14.4245,12.3651],[14.4222,12.3629],[14.4222,12.3606],[14.42,12.3606],[14.4178,12.3606],[14.4155,12.3606],[14.4133,12.3629],[14.411,12.3629],[14.411,12.3651],[14.4088,12.3651],[14.4065,12.3674],[14.4043,12.3674],[14.402,12.3674],[14.3998,12.3674],[14.3975,12.3674],[14.3886,12.3629],[14.3863,12.3629],[14.3863,12.3606],[14.3841,12.3606],[14.3818,12.3584],[14.3796,12.3584],[14.3773,12.3584],[14.3751,12.3606],[14.3728,12.3629],[14.3706,12.3629],[14.3683,12.3629],[14.3683,12.3651],[14.3661,12.3651],[14.3616,12.3651],[14.3594,12.3651],[14.3571,12.3651],[14.3549,12.3651],[14.3549,12.3629],[14.3526,12.3629],[14.3504,12.3629],[14.3481,12.3651],[14.3459,12.3651],[14.3392,12.3696],[14.3324,12.3741],[14.3302,12.3764],[14.3279,12.3764],[14.3257,12.3764],[14.3257,12.3741],[14.3189,12.3696],[14.3167,12.3696],[14.3167,12.3674],[14.3167,12.3651],[14.3167,12.3629],[14.3144,12.3629],[14.3122,12.3606],[14.31,12.3584],[14.3077,12.3584],[14.3055,12.3584],[14.3032,12.3584],[14.301,12.3606],[14.2987,12.3606],[14.2965,12.3584],[14.2965,12.3561],[14.2942,12.3561],[14.292,12.3539],[14.2897,12.3539],[14.2897,12.3561],[14.2875,12.3561],[14.2875,12.3584],[14.2853,12.3606],[14.2853,12.3629],[14.2853,12.3651],[14.2853,12.3674],[14.2853,12.3696],[14.283,12.3696],[14.2808,12.3719],[14.2785,12.3719],[14.2763,12.3741],[14.274,12.3741],[14.2718,12.3741],[14.2695,12.3741],[14.2695,12.3719],[14.2673,12.3719],[14.265,12.3719],[14.265,12.3696],[14.2605,12.3674],[14.2583,12.3674],[14.2561,12.3674],[14.2538,12.3674],[14.2538,12.3696],[14.2516,12.3696],[14.2493,12.3696],[14.2493,12.3674],[14.2471,12.3674],[14.2426,12.3674],[14.2426,12.3651],[14.2403,12.3651],[14.2358,12.3629],[14.2314,12.3629],[14.2291,12.3629],[14.2269,12.3606],[14.2246,12.3606],[14.2224,12.3629],[14.2201,12.3629],[14.2179,12.3651],[14.2179,12.3674],[14.2179,12.3696],[14.2201,12.3719],[14.2224,12.3719],[14.2224,12.3741],[14.2201,12.3764],[14.2134,12.3786],[14.2111,12.3809],[14.2089,12.3809],[14.2067,12.3809],[14.2044,12.3809],[14.2022,12.3831],[14.1999,12.3853],[14.1977,12.3853],[14.1977,12.3876],[14.1932,12.3943],[14.1887,12.4033],[14.1887,12.4056],[14.1864,12.4078],[14.1842,12.4078],[14.1819,12.4078],[14.1775,12.4078],[14.1752,12.4078],[14.1752,12.41],[14.173,12.41],[14.173,12.4123],[14.173,12.4145],[14.1752,12.4145],[14.1752,12.4168],[14.1775,12.4168],[14.1797,12.4168],[14.1797,12.419],[14.1775,12.4213],[14.1775,12.4235],[14.1752,12.4258],[14.1752,12.428],[14.1752,12.4303],[14.1775,12.4303],[14.1797,12.4303],[14.1797,12.428],[14.1819,12.428],[14.1842,12.428],[14.1864,12.428],[14.1864,12.4303],[14.1864,12.4325],[14.1864,12.4347],[14.1864,12.437],[14.1887,12.437],[14.1887,12.4347],[14.1909,12.4347],[14.1909,12.4325],[14.1932,12.4325],[14.1932,12.4347],[14.1954,12.4347],[14.1954,12.437],[14.1932,12.437],[14.1909,12.4392],[14.1887,12.4392],[14.1887,12.4415],[14.1887,12.4437],[14.1887,12.446],[14.1909,12.446],[14.1932,12.446],[14.1954,12.446],[14.1954,12.4482],[14.1977,12.4482],[14.1977,12.4505],[14.1954,12.4505],[14.1932,12.4505],[14.1909,12.4505],[14.1887,12.4505],[14.1864,12.4482],[14.1842,12.446],[14.1819,12.446],[14.1819,12.4482],[14.1819,12.4505],[14.1842,12.4505],[14.1842,12.4527],[14.1842,12.455],[14.1819,12.4572],[14.1819,12.4595],[14.1819,12.4617],[14.1819,12.4639],[14.1819,12.4662],[14.1797,12.4662],[14.1797,12.4684],[14.1797,12.4707],[14.1775,12.4707],[14.1775,12.4729],[14.1775,12.4752],[14.1752,12.4774],[14.1752,12.4797],[14.1775,12.4797],[14.1775,12.4819],[14.1797,12.4819],[14.1819,12.4819],[14.1842,12.4797],[14.1864,12.4797],[14.1864,12.4819],[14.1887,12.4819],[14.1887,12.4842],[14.1909,12.4864],[14.1909,12.4886],[14.1909,12.4909],[14.1909,12.4931],[14.1909,12.4954],[14.1909,12.4976],[14.1932,12.4999],[14.1954,12.5021],[14.1977,12.5021],[14.1999,12.5021],[14.1999,12.5044],[14.2044,12.5381],[14.2022,12.547],[14.1999,12.556],[14.1977,12.565],[14.1954,12.574],[14.1932,12.5807],[14.1932,12.583],[14.1909,12.5897],[14.1909,12.5987],[14.1887,12.6054],[14.1887,12.6077],[14.1864,12.6167],[14.1842,12.6256],[14.1819,12.6346],[14.1797,12.6436],[14.1797,12.6503],[14.1775,12.6593],[14.1752,12.6683],[14.173,12.6773],[14.1707,12.6863],[14.1685,12.6953],[14.1685,12.702],[14.1662,12.7042],[14.1662,12.7065],[14.1662,12.7132],[14.164,12.72],[14.1617,12.7289],[14.1595,12.7379],[14.1572,12.7469],[14.155,12.7559],[14.155,12.7649],[14.1528,12.7694],[14.1528,12.7739],[14.1505,12.7828],[14.1483,12.7896],[14.146,12.7986],[14.1438,12.8075],[14.1438,12.8098],[14.1415,12.8165],[14.1415,12.8255],[14.1393,12.8345],[14.137,12.8435],[14.1348,12.8525],[14.1325,12.8614],[14.1303,12.8682],[14.1303,12.8772],[14.128,12.8861],[14.1258,12.8951],[14.1236,12.9041],[14.1213,12.9131],[14.1191,12.9221],[14.1168,12.9311],[14.1168,12.9378],[14.1146,12.9468],[14.1123,12.9558],[14.1101,12.9647],[14.1078,12.9737],[14.1056,12.9827],[14.1056,12.9917],[14.1033,13.0007],[14.1011,13.0074],[14.0989,13.0164],[14.0966,13.0254],[14.0944,13.0344],[14.0921,13.0433],[14.0921,13.0523],[14.0899,13.0613],[14.0876,13.0703],[14.0854,13.0748],[14.0854,13.077],[14.0831,13.0838],[14.0786,13.086],[14.0719,13.0928],[14.0674,13.0972],[14.0652,13.1017],[14.0607,13.1085],[14.0562,13.1152],[14.0517,13.122],[14.0494,13.1242],[14.045,13.1287],[14.0427,13.1332],[14.0382,13.1399],[14.0337,13.1444],[14.027,13.1556],[14.0247,13.1601],[14.0203,13.1669],[14.0158,13.1714],[14.0113,13.1781],[14.0068,13.1848],[14.0023,13.1893],[13.9978,13.1961],[13.9933,13.2028],[13.9888,13.2095],[13.9843,13.2163],[13.9798,13.2208],[13.9776,13.2275],[13.9753,13.2297],[13.9664,13.2387],[13.9641,13.2432],[13.9619,13.2477],[13.9551,13.2545],[13.9529,13.2589],[13.9506,13.2612],[13.9461,13.2679],[13.9394,13.2747],[13.9349,13.2814],[13.9327,13.2881],[13.9259,13.2949],[13.9214,13.3016],[13.9169,13.3083],[13.9102,13.3173],[13.9057,13.3241],[13.899,13.3308],[13.8945,13.3398],[13.89,13.3465],[13.8878,13.351],[13.8833,13.3578],[13.8698,13.3735],[13.8675,13.378],[13.8653,13.3825],[13.8608,13.3869],[13.8563,13.3937],[13.8541,13.3982],[13.8496,13.4027],[13.8451,13.4094],[13.8428,13.4161],[13.8383,13.4206],[13.8361,13.4229],[13.8316,13.4296],[13.8271,13.4364],[13.8226,13.4431],[13.8181,13.4498],[13.8136,13.4566],[13.8092,13.4633],[13.8024,13.47],[13.8024,13.4745],[13.8002,13.479],[13.7957,13.4835],[13.7934,13.488],[13.7889,13.4925],[13.7844,13.497],[13.7822,13.5015],[13.78,13.506],[13.7755,13.5127],[13.762,13.5284],[13.762,13.5307],[13.762,13.5329],[13.7553,13.5374],[13.753,13.5442],[13.7463,13.5531],[13.7418,13.5599],[13.7373,13.5666],[13.7306,13.5733],[13.7261,13.5823],[13.7216,13.5891],[13.7148,13.5958],[13.7148,13.6003],[13.7126,13.6048],[13.7081,13.6093],[13.7036,13.6138],[13.6924,13.6272],[13.6879,13.634],[13.6834,13.6407],[13.6677,13.6609],[13.6632,13.6677],[13.6632,13.6699],[13.6564,13.6767],[13.6519,13.6811],[13.6475,13.6879],[13.643,13.6946],[13.6385,13.7014],[13.634,13.7103],[13.625,13.7103],[13.616,13.7103],[13.6138,13.7081],[13.607,13.7103],[13.6003,13.7103],[13.5913,13.7103],[13.5868,13.7103],[13.5823,13.7103],[13.5756,13.7103],[13.5689,13.7103],[13.5621,13.7103],[13.5554,13.7103],[13.5486,13.7103],[13.5419,13.7103],[13.5352,13.7103],[13.5262,13.7103],[13.5172,13.7103],[13.4835,13.7103],[13.4745,13.7103],[13.47,13.7103],[13.4656,13.7103],[13.4566,13.7103],[13.4498,13.7103],[13.4431,13.7103],[13.4364,13.7103],[13.4319,13.7103],[13.4161,13.7081],[13.4094,13.7103],[13.4004,13.7103],[13.3914,13.7126],[13.3847,13.7103],[13.3757,13.7103],[13.3712,13.7126],[13.3622,13.7126],[13.3533,13.7148],[13.351,13.7148],[13.3465,13.7148],[13.3443,13.7148],[13.342,13.7148],[13.3398,13.7148],[13.3375,13.7148],[13.3331,13.7148],[13.3308,13.7148],[13.3308,13.7126],[13.3331,13.7126],[13.3331,13.7103],[13.3353,13.7081],[13.3353,13.7058],[13.3353,13.6991],[13.3331,13.6969],[13.3308,13.6969],[13.3241,13.6924],[13.3218,13.6946],[13.3196,13.6946],[13.3151,13.6946],[13.3128,13.6969],[13.3106,13.6969],[13.3083,13.6969],[13.3083,13.6946],[13.3061,13.6924],[13.3061,13.6901],[13.3083,13.6901],[13.3083,13.6879],[13.3106,13.6879],[13.3083,13.6834],[13.3061,13.6834],[13.3039,13.6834],[13.3016,13.6789],[13.3016,13.6767],[13.3039,13.6767],[13.3039,13.6744],[13.3016,13.6744],[13.2994,13.6744],[13.2971,13.6744],[13.2949,13.6744],[13.2949,13.6722],[13.2971,13.6722],[13.2994,13.6699],[13.3016,13.6677],[13.2994,13.6654],[13.2971,13.6677],[13.2949,13.6699],[13.2926,13.6699],[13.2926,13.6654],[13.2949,13.6654],[13.2971,13.6654],[13.2971,13.6632],[13.2949,13.6609],[13.2926,13.6587],[13.2904,13.6587],[13.2859,13.6587],[13.2792,13.6542],[13.2769,13.6519],[13.2747,13.6497],[13.2747,13.6452],[13.2747,13.643],[13.2747,13.6407],[13.2702,13.6385],[13.2679,13.6385],[13.2634,13.6362],[13.2612,13.6362],[13.2612,13.634],[13.2589,13.6317],[13.2589,13.6295],[13.2589,13.6272],[13.2589,13.6228],[13.2589,13.6205],[13.2567,13.6183],[13.2545,13.6183],[13.25,13.6183],[13.2477,13.6183],[13.2455,13.6183],[13.2432,13.6183],[13.2432,13.616],[13.2432,13.6138],[13.2477,13.6093],[13.25,13.6093],[13.2522,13.6093],[13.2522,13.607],[13.2522,13.6048],[13.25,13.6048],[13.2477,13.6048],[13.2477,13.6025],[13.25,13.6003],[13.2522,13.5981],[13.2522,13.5958],[13.2545,13.5981],[13.2545,13.6003],[13.2567,13.6025],[13.2567,13.6048],[13.2589,13.6025],[13.2634,13.5958],[13.2612,13.5936],[13.2589,13.5936],[13.2567,13.5936],[13.2545,13.5913],[13.2545,13.5891],[13.2522,13.5868],[13.2545,13.5868],[13.2545,13.5846],[13.2522,13.5801],[13.2455,13.5823],[13.2455,13.5846],[13.2455,13.5868],[13.2432,13.5891],[13.241,13.5891],[13.2387,13.5891],[13.232,13.5868],[13.2297,13.5868],[13.2297,13.5846],[13.2297,13.5823],[13.2297,13.5801],[13.2275,13.5801],[13.2275,13.5778],[13.2275,13.5756],[13.2297,13.5756],[13.232,13.5733],[13.2342,13.5733],[13.2365,13.5711],[13.2387,13.5666],[13.2387,13.5644],[13.232,13.5599],[13.2275,13.5576],[13.2275,13.5554],[13.2253,13.5554],[13.2253,13.5576],[13.2208,13.5554],[13.2208,13.5509],[13.2185,13.5509],[13.2163,13.5509],[13.2163,13.5531],[13.2163,13.5554],[13.214,13.5554],[13.2118,13.5531],[13.2118,13.5486],[13.2095,13.5486],[13.2095,13.5464],[13.2095,13.5442],[13.2073,13.5442],[13.2073,13.5419],[13.205,13.5374],[13.205,13.5352],[13.2073,13.5352],[13.2095,13.5329],[13.2095,13.5307],[13.2073,13.5284],[13.205,13.5284],[13.205,13.5262],[13.2028,13.5262],[13.2028,13.5284],[13.2006,13.5284],[13.1983,13.5284],[13.1961,13.5262],[13.1961,13.5239],[13.1961,13.5217],[13.1983,13.5194],[13.2006,13.5194],[13.2006,13.5172],[13.2006,13.515],[13.1983,13.5127],[13.1961,13.5127],[13.1938,13.515],[13.1916,13.515],[13.1916,13.5172],[13.1893,13.5172],[13.1893,13.5194],[13.1871,13.5194],[13.1871,13.5217],[13.1871,13.5239],[13.1871,13.5262],[13.1871,13.5284],[13.1871,13.5307],[13.1871,13.5329],[13.1871,13.5352],[13.1848,13.5352],[13.1826,13.5374],[13.1803,13.5374],[13.1736,13.5352],[13.1714,13.5329],[13.1714,13.5307],[13.1691,13.5307],[13.1669,13.5307],[13.1669,13.5329],[13.1646,13.5329],[13.1624,13.5329],[13.1624,13.5307],[13.1579,13.5262],[13.1579,13.5217],[13.1579,13.5194],[13.1556,13.5172],[13.1444,13.5172],[13.1422,13.5172],[13.1399,13.5194],[13.1399,13.5217],[13.1422,13.5329],[13.1422,13.5352],[13.1444,13.5352],[13.1444,13.5419],[13.1422,13.5419],[13.1444,13.5442],[13.1489,13.5486],[13.1489,13.5509],[13.1467,13.5509],[13.1444,13.5486],[13.1422,13.5486],[13.1422,13.5464],[13.1399,13.5442],[13.1399,13.5419],[13.1377,13.5419],[13.1354,13.5419],[13.1332,13.5419],[13.1287,13.5442],[13.1264,13.5442],[13.1242,13.5419],[13.1242,13.5397],[13.122,13.5397],[13.122,13.5374],[13.1242,13.5374],[13.1264,13.5352],[13.1287,13.5307],[13.1264,13.5307],[13.1242,13.5284],[13.1264,13.5284],[13.1264,13.5262],[13.1287,13.5262],[13.1287,13.5239],[13.1264,13.5217],[13.1242,13.5217],[13.122,13.5217],[13.1197,13.5217],[13.1197,13.5239],[13.1175,13.5262],[13.1152,13.5284],[13.113,13.5284],[13.113,13.5307],[13.113,13.5329],[13.1085,13.5397],[13.1062,13.5397],[13.104,13.5397],[13.1017,13.5397],[13.1017,13.5374],[13.1017,13.5352],[13.1017,13.5329],[13.1017,13.5284],[13.0995,13.5284],[13.0972,13.5284],[13.0972,13.5262],[13.0972,13.5239],[13.0928,13.5172],[13.0905,13.5172],[13.0905,13.5194],[13.0838,13.5217],[13.077,13.5239],[13.0748,13.5262],[13.0725,13.5262],[13.0681,13.5262],[13.0658,13.5262],[13.0636,13.5262],[13.0636,13.5284],[13.0613,13.5284],[13.0613,13.5329],[13.0681,13.5374],[13.0703,13.5374],[13.0703,13.5352],[13.0703,13.5329],[13.0725,13.5329],[13.0748,13.5352],[13.0748,13.5374],[13.0703,13.5397],[13.0703,13.5419],[13.0703,13.5464],[13.0681,13.5464],[13.0681,13.5486],[13.0658,13.5486],[13.0658,13.5509],[13.0636,13.5509],[13.0636,13.5486],[13.0613,13.5486],[13.0591,13.5464],[13.0591,13.5442],[13.0568,13.5419],[13.0546,13.5397],[13.0501,13.5374],[13.0478,13.5397],[13.0456,13.5419],[13.0456,13.5442],[13.0433,13.5442],[13.0433,13.5419],[13.0433,13.5397],[13.0456,13.5352],[13.0433,13.5284],[13.0344,13.5307],[13.0299,13.5329],[13.0299,13.5352],[13.0276,13.5352],[13.0276,13.5374],[13.0231,13.5374],[13.0209,13.5329],[13.0142,13.5262],[13.0119,13.5217],[13.0097,13.5194],[13.0097,13.5172],[13.0074,13.515],[13.0074,13.5127],[13.0052,13.5105],[13.0029,13.5127],[13.0007,13.5127],[13.0007,13.515],[13.0007,13.5172],[12.9984,13.5172],[12.9984,13.5194],[12.9962,13.5194],[12.9939,13.5194],[12.9917,13.5194],[12.9917,13.5172],[12.9895,13.5172],[12.985,13.515],[12.985,13.5172],[12.9827,13.5172],[12.9827,13.5194],[12.9805,13.5217],[12.9782,13.5194],[12.9782,13.5172],[12.976,13.5172],[12.976,13.515],[12.9737,13.515],[12.9715,13.515],[12.9715,13.5172],[12.9715,13.5194],[12.9692,13.5217],[12.9647,13.5217],[12.9647,13.5194],[12.9647,13.5172],[12.967,13.5172],[12.967,13.515],[12.9647,13.515],[12.9625,13.515],[12.9625,13.5172],[12.9603,13.5194],[12.958,13.5217],[12.9558,13.5217],[12.9558,13.5194],[12.9558,13.5172],[12.9535,13.5172],[12.9535,13.515],[12.9535,13.5127],[12.9535,13.5105],[12.9558,13.5105],[12.9558,13.5082],[12.958,13.506],[12.9603,13.5015],[12.958,13.5015],[12.958,13.4992],[12.9535,13.4992],[12.9513,13.4992],[12.949,13.5015],[12.9468,13.506],[12.9445,13.506],[12.9445,13.5082],[12.94,13.506],[12.9378,13.506],[12.9356,13.506],[12.9356,13.5037],[12.9243,13.4947],[12.9243,13.4925],[12.9243,13.4903],[12.9198,13.488],[12.9176,13.488],[12.9153,13.488],[12.9041,13.488],[12.9019,13.488],[12.9019,13.4903],[12.8996,13.4925],[12.8974,13.4925],[12.8951,13.4925],[12.8951,13.4903],[12.8929,13.4903],[12.8906,13.4903],[12.8906,13.4925],[12.8906,13.4947],[12.8929,13.4947],[12.8929,13.497],[12.8929,13.4992],[12.8906,13.4992],[12.8906,13.5015],[12.8884,13.5015],[12.8861,13.5015],[12.8839,13.4992],[12.8839,13.5015],[12.8817,13.5015],[12.8794,13.5015],[12.8772,13.5015],[12.8749,13.5015],[12.8727,13.5015],[12.8704,13.497],[12.8682,13.4925],[12.8682,13.4903],[12.8682,13.488],[12.8704,13.488],[12.8704,13.4858],[12.8727,13.4858],[12.8727,13.4835],[12.8749,13.4813],[12.8749,13.479],[12.8749,13.4768],[12.8749,13.4723],[12.8727,13.4723],[12.8704,13.4745],[12.8682,13.4768],[12.8659,13.479],[12.8659,13.4813],[12.8637,13.4813],[12.8614,13.4835],[12.8592,13.4835],[12.857,13.4858],[12.857,13.488],[12.8547,13.488],[12.8525,13.4858],[12.8547,13.4858],[12.8547,13.4835],[12.8525,13.479],[12.8502,13.479],[12.848,13.479],[12.8457,13.479],[12.8435,13.479],[12.8435,13.4768],[12.8457,13.4768],[12.8457,13.4745],[12.8502,13.4745],[12.8547,13.4745],[12.857,13.4723],[12.8592,13.4678],[12.8592,13.4656],[12.857,13.4656],[12.8547,13.4656],[12.8547,13.4633],[12.8547,13.4588],[12.8547,13.4566],[12.8547,13.4543],[12.8547,13.4521],[12.8547,13.4498],[12.857,13.4498],[12.857,13.4476],[12.8592,13.4431],[12.857,13.4408],[12.857,13.4431],[12.8547,13.4453],[12.8525,13.4453],[12.8502,13.4453],[12.8502,13.4431],[12.848,13.4431],[12.8457,13.4431],[12.8412,13.4408],[12.839,13.4431],[12.839,13.4453],[12.8412,13.4498],[12.839,13.4498],[12.8367,13.4498],[12.8367,13.4476],[12.8345,13.4453],[12.8345,13.4431],[12.8367,13.4431],[12.8367,13.4408],[12.8367,13.4386],[12.8345,13.4386],[12.8345,13.4364],[12.83,13.4364],[12.8278,13.4364],[12.8278,13.4386],[12.8255,13.4364],[12.8233,13.4341],[12.8233,13.4319],[12.821,13.4319],[12.8188,13.4319],[12.8165,13.4319],[12.8143,13.4319],[12.812,13.4319],[12.812,13.4296],[12.8143,13.4296],[12.8143,13.4274],[12.821,13.4251],[12.8233,13.4251],[12.8255,13.4251],[12.8278,13.4229],[12.83,13.4206],[12.8278,13.4184],[12.8278,13.4139],[12.83,13.4139],[12.83,13.4117],[12.83,13.4094],[12.8322,13.4094],[12.83,13.4072],[12.8278,13.4049],[12.8278,13.4027],[12.8255,13.4027],[12.8233,13.4027],[12.821,13.4027],[12.8188,13.4049],[12.8188,13.4072]]]]}},{"type":"Feature","properties":{"id":"kebbi","name":"Kebbi"},"geometry":{"type":"Polygon","coordinates":[[[3.4764,11.4421],[3.4787,11.4376],[3.4809,11.4331],[3.4877,11.4264],[3.4922,11.4197],[3.4966,11.4107],[3.5011,11.4039],[3.5034,11.4039],[3.5034,11.4017],[3.5079,11.3972],[3.5124,11.3882],[3.5169,11.3815],[3.5236,11.3748],[3.5281,11.3658],[3.5326,11.359],[3.5371,11.3523],[3.5438,11.3433],[3.5483,11.3366],[3.5528,11.3298],[3.5595,11.3209],[3.564,11.3141],[3.5685,11.3074],[3.573,11.3006],[3.5797,11.2917],[3.5842,11.2849],[3.5887,11.2782],[3.5955,11.2692],[3.5999,11.2625],[3.6044,11.2557],[3.6089,11.2467],[3.6157,11.24],[3.6202,11.2333],[3.6246,11.2243],[3.6314,11.2175],[3.6359,11.2108],[3.6404,11.2018],[3.6449,11.1951],[3.6516,11.1884],[3.6561,11.1794],[3.6606,11.1726],[3.6673,11.1659],[3.6718,11.1569],[3.6763,11.1502],[3.6808,11.1434],[3.6875,11.1367],[3.6898,11.1322],[3.692,11.1277],[3.701,11.1277],[3.7077,11.1277],[3.7167,11.1277],[3.719,11.1277],[3.7212,11.1255],[3.7257,11.1255],[3.7257,11.1277],[3.7527,11.1277],[3.7931,11.112],[3.8178,11.0985],[3.8358,11.0873],[3.8919,11.0536],[3.9368,11.0356],[3.993,11.0177],[4.0693,11.0222],[4.1007,11.0267],[4.1322,11.0244],[4.1681,11.0244],[4.1861,11.0334],[4.213,11.0312],[4.2265,11.0177],[4.24,11.0064],[4.2557,10.9862],[4.2624,10.9817],[4.2782,10.9862],[4.2871,10.9795],[4.2849,10.9526],[4.2849,10.9368],[4.2871,10.9278],[4.3096,10.9211],[4.3186,10.9144],[4.341,10.9166],[4.3433,10.9121],[4.3478,10.9121],[4.3568,10.9099],[4.3702,10.9009],[4.3792,10.9009],[4.3972,10.8964],[4.4196,10.8942],[4.4421,10.8987],[4.4646,10.9009],[4.4713,10.9031],[4.4915,10.9099],[4.523,10.9166],[4.5409,10.9189],[4.5544,10.9144],[4.5679,10.9076],[4.5881,10.9054],[4.6016,10.9121],[4.6263,10.9144],[4.6375,10.9278],[4.6465,10.9413],[4.6577,10.9548],[4.6644,10.957],[4.6824,10.9526],[4.6891,10.9458],[4.6936,10.9346],[4.7071,10.9189],[4.7161,10.9166],[4.7318,10.8964],[4.743,10.8739],[4.7385,10.8515],[4.7206,10.8156],[4.7138,10.7706],[4.7071,10.7414],[4.7004,10.7055],[4.7004,10.6943],[4.6981,10.6673],[4.6891,10.6426],[4.6622,10.6202],[4.6285,10.5932],[4.606,10.5753],[4.5858,10.564],[4.5477,10.5506],[4.5252,10.5416],[4.5095,10.5348],[4.4982,10.5169],[4.4848,10.4697],[4.4803,10.4203],[4.487,10.3687],[4.4848,10.3417],[4.4825,10.3282],[4.4915,10.3148],[4.5185,10.299],[4.5409,10.2878],[4.5589,10.2676],[4.5656,10.2564],[4.5679,10.2451],[4.5679,10.2227],[4.5521,10.1957],[4.5274,10.1441],[4.5274,10.1149],[4.5387,10.1171],[4.5791,10.1328],[4.6105,10.1351],[4.6352,10.1284],[4.6442,10.1216],[4.6689,10.1126],[4.6891,10.1149],[4.7004,10.1194],[4.7116,10.1306],[4.7138,10.1576],[4.7138,10.162],[4.7049,10.1733],[4.6936,10.18],[4.6779,10.198],[4.6712,10.2115],[4.6689,10.2272],[4.6779,10.2294],[4.6959,10.2406],[4.7049,10.2519],[4.7026,10.2721],[4.7026,10.2945],[4.7049,10.3013],[4.7138,10.3103],[4.7318,10.3148],[4.7498,10.3058],[4.7767,10.2945],[4.8037,10.2968],[4.8149,10.3058],[4.8284,10.3148],[4.8351,10.3327],[4.8396,10.3664],[4.8441,10.3889],[4.8463,10.4203],[4.8531,10.445],[4.8531,10.4607],[4.8441,10.4787],[4.8329,10.4877],[4.8261,10.4944],[4.8194,10.5079],[4.8194,10.5214],[4.8194,10.5371],[4.8216,10.5595],[4.8284,10.5708],[4.8239,10.5955],[4.8149,10.6045],[4.8014,10.6134],[4.7969,10.6292],[4.8037,10.6516],[4.8127,10.6628],[4.8149,10.6741],[4.8059,10.692],[4.8104,10.6988],[4.8149,10.7055],[4.8306,10.7033],[4.8374,10.701],[4.8441,10.6988],[4.8463,10.7055],[4.8621,10.7078],[4.8688,10.701],[4.8823,10.7033],[4.8913,10.701],[4.8935,10.6943],[4.9092,10.6876],[4.916,10.6876],[4.9227,10.6943],[4.9317,10.6876],[4.9407,10.6876],[4.9474,10.6943],[4.9474,10.701],[4.9564,10.7055],[4.9654,10.7078],[4.9743,10.71],[4.9766,10.7145],[4.9788,10.7167],[4.9946,10.719],[5.008,10.7212],[5.008,10.7347],[5.0125,10.7414],[5.0193,10.7459],[5.026,10.7482],[5.0305,10.7437],[5.0395,10.737],[5.0507,10.737],[5.0574,10.7392],[5.0642,10.7482],[5.0754,10.7482],[5.0799,10.7549],[5.0979,10.7617],[5.1001,10.7594],[5.1024,10.7729],[5.1068,10.7864],[5.1091,10.7953],[5.1001,10.8088],[5.0844,10.8178],[5.0597,10.8201],[5.0462,10.8245],[5.0395,10.8358],[5.0282,10.8582],[5.026,10.8717],[5.026,10.8897],[5.035,10.8987],[5.0552,10.9054],[5.0754,10.9144],[5.0821,10.9278],[5.0821,10.9503],[5.0687,10.9907],[5.0619,11.0132],[5.0462,11.0424],[5.0417,11.0514],[5.035,11.0514],[5.0215,11.0536],[5.0103,11.0514],[4.9968,11.0536],[4.9901,11.0603],[4.9923,11.0693],[4.9788,11.0806],[4.9609,11.0828],[4.9339,11.0851],[4.9092,11.0828],[4.898,11.0873],[4.8755,11.0918],[4.8643,11.1008],[4.8598,11.103],[4.8508,11.1075],[4.8396,11.1142],[4.8171,11.1187],[4.8149,11.1165],[4.8037,11.1142],[4.788,11.1187],[4.7857,11.1232],[4.779,11.1322],[4.7655,11.1367],[4.7565,11.1434],[4.7453,11.1479],[4.7206,11.1771],[4.7093,11.1794],[4.7026,11.1928],[4.7004,11.2041],[4.6981,11.222],[4.7026,11.2288],[4.7363,11.249],[4.752,11.2602],[4.7655,11.2759],[4.7655,11.2827],[4.7632,11.2939],[4.7677,11.3029],[4.7655,11.3051],[4.7835,11.3119],[4.8059,11.3209],[4.8194,11.3298],[4.8261,11.3366],[4.8374,11.3366],[4.8486,11.3433],[4.8643,11.35],[4.871,11.3523],[4.88,11.3613],[4.8913,11.3703],[4.9047,11.3725],[4.9182,11.3703],[4.9227,11.3635],[4.9294,11.3568],[4.9339,11.3545],[4.9429,11.3568],[4.9474,11.3635],[4.9519,11.3703],[4.9586,11.3703],[4.9654,11.3613],[4.9699,11.3523],[4.9721,11.3478],[4.9721,11.3388],[4.9766,11.3298],[4.9811,11.3186],[4.9856,11.3051],[4.9878,11.2917],[4.9901,11.2872],[5.0013,11.2827],[5.008,11.2804],[5.0103,11.2737],[5.0103,11.2714],[5.008,11.267],[5.0058,11.2625],[5.0058,11.258],[5.0125,11.2512],[5.017,11.2512],[5.026,11.2557],[5.0327,11.2602],[5.035,11.2647],[5.0417,11.2714],[5.0462,11.2737],[5.053,11.2737],[5.0574,11.2714],[5.0619,11.2625],[5.0642,11.2535],[5.0619,11.2445],[5.053,11.231],[5.0485,11.2288],[5.0485,11.2198],[5.0485,11.2108],[5.053,11.2063],[5.0574,11.2041],[5.0619,11.2086],[5.0664,11.2175],[5.0709,11.2265],[5.0709,11.231],[5.0709,11.2378],[5.0799,11.2557],[5.0889,11.2647],[5.1001,11.2804],[5.1068,11.3006],[5.1068,11.3141],[5.1046,11.3231],[5.1024,11.3298],[5.1001,11.3388],[5.1001,11.3456],[5.1046,11.3523],[5.1181,11.3545],[5.1338,11.3523],[5.1405,11.3523],[5.1518,11.3478],[5.154,11.3456],[5.163,11.3433],[5.1765,11.3411],[5.1854,11.3388],[5.2034,11.3298],[5.2102,11.3231],[5.2169,11.2984],[5.2169,11.2939],[5.2169,11.2894],[5.2169,11.2849],[5.2169,11.2804],[5.2169,11.2737],[5.2191,11.2692],[5.2214,11.2647],[5.2236,11.2625],[5.2281,11.2602],[5.2326,11.2602],[5.2371,11.2625],[5.2393,11.2714],[5.2393,11.2804],[5.2393,11.2894],[5.2326,11.2962],[5.2281,11.3096],[5.2259,11.3253],[5.2281,11.3321],[5.2393,11.3433],[5.2483,11.3456],[5.2596,11.3568],[5.2663,11.359],[5.2798,11.3635],[5.2955,11.368],[5.3067,11.368],[5.3179,11.368],[5.3292,11.3635],[5.3337,11.3568],[5.3359,11.3478],[5.3359,11.3411],[5.3382,11.3321],[5.3382,11.3276],[5.3449,11.3164],[5.3516,11.2962],[5.3539,11.2759],[5.3539,11.2714],[5.3539,11.258],[5.3561,11.249],[5.3584,11.2333],[5.3584,11.2265],[5.3696,11.2063],[5.3741,11.1928],[5.3808,11.1861],[5.3943,11.1794],[5.4078,11.1704],[5.4213,11.1659],[5.428,11.1592],[5.4415,11.1389],[5.4437,11.1255],[5.4415,11.1053],[5.4392,11.0963],[5.4325,11.0761],[5.4302,11.0603],[5.428,11.0401],[5.4302,11.0199],[5.4302,11.0177],[5.437,11.0064],[5.4392,10.9975],[5.4415,10.9862],[5.4437,10.9728],[5.4527,10.957],[5.4594,10.9526],[5.4662,10.9548],[5.4729,10.957],[5.4931,10.9593],[5.5156,10.9615],[5.5268,10.9615],[5.5335,10.9615],[5.5627,10.9638],[5.574,10.966],[5.5897,10.9638],[5.6099,10.966],[5.6234,10.9615],[5.6368,10.9615],[5.6571,10.966],[5.6638,10.9728],[5.6795,10.975],[5.6907,10.9817],[5.7042,10.9907],[5.7222,10.9952],[5.7424,11.0042],[5.7559,11.0177],[5.7649,11.0289],[5.7806,11.0356],[5.7963,11.0446],[5.8053,11.0446],[5.8075,11.0469],[5.821,11.0536],[5.8322,11.0559],[5.8457,11.0559],[5.8637,11.0581],[5.8749,11.0603],[5.8929,11.0626],[5.9108,11.0648],[5.9221,11.0716],[5.9265,11.0761],[5.9355,11.0895],[5.9445,11.1008],[5.9513,11.1075],[5.9602,11.1187],[5.9557,11.13],[5.9513,11.1524],[5.949,11.2018],[5.9445,11.2131],[5.9535,11.2333],[5.9647,11.2467],[5.9692,11.2602],[5.9625,11.2782],[5.9602,11.2872],[5.9557,11.2939],[5.949,11.3051],[5.9378,11.3096],[5.931,11.3209],[5.9378,11.3298],[5.949,11.3298],[5.9625,11.3298],[5.9804,11.3276],[5.9894,11.3209],[6.0119,11.3209],[6.0321,11.3231],[6.0478,11.3343],[6.0523,11.368],[6.0501,11.3927],[6.0433,11.4197],[6.0343,11.4466],[6.0186,11.4736],[6.0029,11.4915],[5.976,11.505],[5.9557,11.5207],[5.9355,11.5409],[5.9221,11.5544],[5.9063,11.5769],[5.8839,11.5993],[5.8771,11.6218],[5.8569,11.6398],[5.8322,11.6487],[5.8188,11.6487],[5.8075,11.6577],[5.7828,11.6757],[5.7649,11.6937],[5.7581,11.6869],[5.7581,11.6824],[5.7446,11.6802],[5.7379,11.6892],[5.7312,11.6937],[5.7244,11.6914],[5.7199,11.6847],[5.7065,11.6757],[5.693,11.6667],[5.6728,11.66],[5.6593,11.6689],[5.6458,11.6622],[5.6391,11.6622],[5.6166,11.6667],[5.6054,11.6689],[5.5942,11.6689],[5.5897,11.6712],[5.565,11.6824],[5.5605,11.6869],[5.556,11.6824],[5.556,11.6757],[5.5448,11.6734],[5.5425,11.6667],[5.5246,11.6622],[5.5111,11.6689],[5.5021,11.6689],[5.4864,11.6689],[5.4774,11.6689],[5.4707,11.6689],[5.4617,11.6667],[5.4572,11.6712],[5.4549,11.6802],[5.4504,11.6981],[5.4437,11.7026],[5.4302,11.7049],[5.4235,11.7026],[5.4078,11.7026],[5.3988,11.7049],[5.3898,11.7071],[5.3763,11.7094],[5.3718,11.7094],[5.3718,11.7049],[5.3629,11.7094],[5.3539,11.7049],[5.3449,11.7116],[5.3449,11.7206],[5.3404,11.7296],[5.3314,11.7386],[5.3314,11.7475],[5.3224,11.761],[5.3179,11.7655],[5.3112,11.77],[5.309,11.7767],[5.3067,11.7835],[5.3045,11.7835],[5.2977,11.7857],[5.291,11.7812],[5.2888,11.7745],[5.2798,11.77],[5.2596,11.77],[5.2349,11.77],[5.2304,11.761],[5.2259,11.7565],[5.2214,11.7543],[5.2102,11.761],[5.2057,11.77],[5.1832,11.7812],[5.172,11.7835],[5.1652,11.779],[5.163,11.7723],[5.1697,11.7633],[5.1742,11.7588],[5.1765,11.7498],[5.172,11.7408],[5.1652,11.7386],[5.1495,11.7341],[5.1383,11.7228],[5.1181,11.7206],[5.1001,11.7273],[5.0866,11.7251],[5.0754,11.7228],[5.0664,11.7161],[5.0619,11.7094],[5.0552,11.7071],[5.0485,11.7094],[5.0462,11.7116],[5.0372,11.7139],[5.0327,11.7139],[5.0238,11.7184],[5.0215,11.7206],[5.0103,11.7341],[5.0035,11.7386],[4.9923,11.7408],[4.9766,11.7408],[4.9699,11.7363],[4.9586,11.7341],[4.9429,11.7341],[4.9429,11.7318],[4.9407,11.7251],[4.9317,11.7206],[4.9249,11.7206],[4.9115,11.7206],[4.9047,11.7139],[4.8935,11.7116],[4.889,11.7184],[4.8868,11.7251],[4.8755,11.7296],[4.8666,11.7273],[4.8598,11.7206],[4.8508,11.7139],[4.8396,11.7116],[4.8329,11.7161],[4.8239,11.7228],[4.8059,11.7273],[4.7947,11.7251],[4.788,11.7116],[4.7857,11.7026],[4.7835,11.6981],[4.779,11.6937],[4.77,11.6914],[4.7655,11.6892],[4.7588,11.6802],[4.7543,11.6757],[4.7498,11.6734],[4.7385,11.6757],[4.7273,11.6757],[4.7138,11.6689],[4.7004,11.66],[4.6891,11.6577],[4.6779,11.6577],[4.6689,11.6645],[4.6577,11.6689],[4.6442,11.6712],[4.6397,11.6712],[4.6285,11.6667],[4.6218,11.6577],[4.6128,11.6555],[4.606,11.6555],[4.5903,11.66],[4.5836,11.6622],[4.5769,11.66],[4.5589,11.6465],[4.5477,11.633],[4.5432,11.6195],[4.5319,11.6083],[4.5185,11.5993],[4.505,11.5859],[4.4982,11.5814],[4.487,11.5836],[4.4713,11.5948],[4.4488,11.6195],[4.4354,11.6308],[4.4107,11.6555],[4.4017,11.6689],[4.3994,11.6757],[4.3994,11.6802],[4.3994,11.6847],[4.4062,11.6959],[4.4219,11.7071],[4.4331,11.7206],[4.4578,11.7386],[4.4758,11.7453],[4.4938,11.7588],[4.5027,11.7678],[4.5207,11.7767],[4.5319,11.7925],[4.5364,11.8037],[4.5387,11.8172],[4.5387,11.8239],[4.5364,11.8621],[4.5342,11.8643],[4.5409,11.8756],[4.5566,11.898],[4.5611,11.9295],[4.5611,11.9586],[4.5611,11.9789],[4.5611,11.9923],[4.5566,12.0238],[4.5566,12.0283],[4.5544,12.0597],[4.5521,12.0844],[4.5521,12.1024],[4.5521,12.1114],[4.5499,12.1271],[4.5432,12.145],[4.5387,12.1608],[4.5319,12.1945],[4.5319,12.1989],[4.5274,12.2147],[4.5185,12.2416],[4.5185,12.2618],[4.5252,12.282],[4.5252,12.2865],[4.5319,12.2933],[4.5409,12.3067],[4.5611,12.3202],[4.5724,12.3225],[4.5993,12.3427],[4.606,12.3584],[4.6083,12.3651],[4.6083,12.3831],[4.6105,12.4011],[4.6128,12.4213],[4.6173,12.4347],[4.624,12.446],[4.6442,12.4482],[4.6667,12.4437],[4.6779,12.4325],[4.6891,12.4213],[4.6959,12.4168],[4.7116,12.4078],[4.7161,12.3943],[4.7183,12.3606],[4.7206,12.3449],[4.7251,12.3247],[4.7363,12.3157],[4.752,12.3112],[4.7767,12.3292],[4.7835,12.3517],[4.7812,12.3831],[4.7812,12.4011],[4.7835,12.4145],[4.7947,12.4347],[4.8104,12.4415],[4.8261,12.455],[4.8374,12.4662],[4.8508,12.4797],[4.8598,12.4999],[4.8688,12.5156],[4.871,12.5336],[4.8688,12.5425],[4.8643,12.547],[4.8576,12.5538],[4.8396,12.5695],[4.8284,12.5785],[4.8149,12.5875],[4.8014,12.5987],[4.788,12.6211],[4.779,12.6391],[4.7767,12.6773],[4.7767,12.6908],[4.7767,12.6975],[4.7767,12.7042],[4.7835,12.7155],[4.7857,12.72],[4.7924,12.7357],[4.8082,12.7492],[4.8104,12.7536],[4.8149,12.7581],[4.8171,12.7739],[4.8127,12.7873],[4.8014,12.8075],[4.7992,12.8098],[4.7969,12.8188],[4.7969,12.8255],[4.7969,12.8278],[4.7924,12.8367],[4.7902,12.8435],[4.7812,12.8502],[4.7745,12.857],[4.7677,12.857],[4.752,12.8637],[4.743,12.8704],[4.7296,12.8772],[4.7228,12.8794],[4.7161,12.8884],[4.7093,12.8929],[4.7004,12.9041],[4.6891,12.9243],[4.6779,12.94],[4.6622,12.9513],[4.6555,12.958],[4.6487,12.9692],[4.6375,12.985],[4.6397,12.9939],[4.6442,13.0029],[4.6555,13.0164],[4.6622,13.0231],[4.6689,13.0276],[4.6734,13.0321],[4.6779,13.0411],[4.6824,13.0501],[4.6846,13.0681],[4.6869,13.0838],[4.6891,13.095],[4.6914,13.1062],[4.6959,13.1175],[4.7071,13.1444],[4.7093,13.1556],[4.7026,13.1669],[4.6959,13.1691],[4.6846,13.1691],[4.6712,13.1669],[4.6622,13.1556],[4.6555,13.1467],[4.642,13.1242],[4.6307,13.0995],[4.6195,13.0928],[4.6016,13.095],[4.5791,13.104],[4.5701,13.1062],[4.5521,13.1152],[4.5499,13.1197],[4.5409,13.1287],[4.5274,13.1399],[4.505,13.1422],[4.4668,13.1511],[4.4466,13.1556],[4.4264,13.1624],[4.3972,13.1646],[4.3792,13.1691],[4.3657,13.1736],[4.3545,13.1848],[4.3523,13.2006],[4.3455,13.214],[4.3343,13.2208],[4.3141,13.2297],[4.2984,13.2297],[4.2871,13.2297],[4.2759,13.2432],[4.2669,13.25],[4.2535,13.2612],[4.2332,13.2702],[4.213,13.2679],[4.2018,13.2589],[4.1838,13.2522],[4.1659,13.2522],[4.1524,13.2522],[4.1344,13.2612],[4.1344,13.2522],[4.1344,13.25],[4.1344,13.2432],[4.1344,13.2365],[4.1344,13.2275],[4.1344,13.2253],[4.1344,13.2185],[4.1344,13.2095],[4.1344,13.2006],[4.1344,13.1916],[4.1344,13.1826],[4.1344,13.1736],[4.1344,13.1646],[4.1299,13.1444],[4.1299,13.1354],[4.1277,13.1287],[4.1255,13.1197],[4.1232,13.1107],[4.1232,13.104],[4.121,13.095],[4.1187,13.0883],[4.1187,13.0815],[4.1165,13.0725],[4.1165,13.0658],[4.1142,13.0546],[4.103,12.9984],[4.0985,12.985],[4.094,12.976],[4.0895,12.9715],[4.085,12.967],[4.0828,12.9625],[4.0738,12.949],[4.0671,12.9423],[4.0626,12.9356],[4.0603,12.9288],[4.0558,12.9243],[4.0536,12.9176],[4.0513,12.9108],[4.0491,12.9041],[4.0446,12.8951],[4.0334,12.8817],[4.0311,12.8772],[4.0244,12.8727],[4.0177,12.8682],[4.0132,12.8614],[4.0087,12.8547],[4.0019,12.8412],[3.984,12.8188],[3.9727,12.8031],[3.9683,12.7963],[3.9638,12.7896],[3.9615,12.7828],[3.957,12.7761],[3.9503,12.7671],[3.9413,12.7559],[3.9346,12.7469],[3.9323,12.7447],[3.9076,12.7245],[3.9009,12.72],[3.8964,12.7155],[3.8896,12.711],[3.8852,12.7065],[3.8784,12.702],[3.8717,12.6953],[3.8537,12.684],[3.8447,12.6773],[3.838,12.6728],[3.838,12.6706],[3.8335,12.6683],[3.829,12.6661],[3.8223,12.6616],[3.8155,12.6548],[3.8088,12.6503],[3.7976,12.6414],[3.7908,12.6369],[3.7863,12.6324],[3.7796,12.6279],[3.7751,12.6234],[3.7706,12.6189],[3.7639,12.6144],[3.7594,12.6099],[3.7527,12.6054],[3.7459,12.6009],[3.7414,12.5942],[3.7369,12.5897],[3.7324,12.5875],[3.7302,12.5852],[3.7235,12.5785],[3.7167,12.574],[3.6988,12.5583],[3.6853,12.547],[3.6785,12.5425],[3.6718,12.5358],[3.6651,12.5313],[3.6628,12.5268],[3.6583,12.5246],[3.6583,12.5201],[3.6583,12.5156],[3.6583,12.5021],[3.6583,12.4931],[3.6583,12.4864],[3.6561,12.4639],[3.6561,12.4572],[3.6561,12.4482],[3.6538,12.4392],[3.6538,12.4303],[3.6538,12.4235],[3.6538,12.41],[3.6538,12.4056],[3.6516,12.3966],[3.6516,12.3876],[3.6516,12.3809],[3.6516,12.3741],[3.6516,12.3696],[3.6516,12.3606],[3.6516,12.3539],[3.6494,12.3472],[3.6494,12.3382],[3.6494,12.3337],[3.6494,12.3292],[3.6494,12.318],[3.6516,12.3],[3.6516,12.2933],[3.6516,12.2843],[3.6516,12.2753],[3.6538,12.2686],[3.6561,12.2596],[3.6561,12.2551],[3.6583,12.2506],[3.6538,12.2394],[3.6516,12.2349],[3.6494,12.2304],[3.6449,12.2236],[3.6449,12.2169],[3.6426,12.2102],[3.6404,12.2034],[3.6404,12.1989],[3.6404,12.1832],[3.6404,12.1765],[3.6381,12.1698],[3.6381,12.1653],[3.6381,12.1608],[3.6381,12.154],[3.6381,12.145],[3.6381,12.1383],[3.6359,12.1293],[3.6381,12.1271],[3.6381,12.1226],[3.6404,12.1159],[3.6426,12.1091],[3.6449,12.1024],[3.6471,12.0934],[3.6494,12.0867],[3.6516,12.0799],[3.6538,12.0709],[3.6561,12.0642],[3.6583,12.0552],[3.6606,12.0507],[3.6651,12.0373],[3.6673,12.0305],[3.6696,12.0215],[3.6718,12.0125],[3.6741,12.0058],[3.6763,11.9991],[3.6741,11.9901],[3.6718,11.9811],[3.6673,11.9744],[3.6628,11.9676],[3.6561,11.9631],[3.6516,11.9586],[3.6471,11.9542],[3.6426,11.9474],[3.6359,11.9407],[3.6314,11.9362],[3.6246,11.9295],[3.6202,11.925],[3.6179,11.916],[3.6202,11.8688],[3.6224,11.8531],[3.6269,11.8396],[3.6336,11.8306],[3.6404,11.8284],[3.6449,11.8239],[3.6494,11.8217],[3.6561,11.8172],[3.6606,11.8149],[3.6651,11.8104],[3.6696,11.8059],[3.6718,11.7992],[3.6718,11.7947],[3.6741,11.7857],[3.6763,11.779],[3.6785,11.7723],[3.6785,11.7633],[3.6785,11.7588],[3.6741,11.7543],[3.6673,11.7498],[3.6606,11.7431],[3.6538,11.7386],[3.6494,11.7341],[3.6426,11.7296],[3.6381,11.7251],[3.6336,11.7206],[3.6269,11.7161],[3.6269,11.7139],[3.6224,11.7116],[3.6157,11.7071],[3.6112,11.7026],[3.6089,11.7004],[3.6067,11.6981],[3.5887,11.7116],[3.5932,11.7049],[3.5955,11.6981],[3.5999,11.6914],[3.5955,11.6847],[3.591,11.6757],[3.5865,11.6667],[3.5797,11.66],[3.5752,11.6532],[3.5685,11.6465],[3.564,11.6398],[3.5573,11.6308],[3.555,11.624],[3.5505,11.615],[3.546,11.6083],[3.5438,11.5993],[3.5393,11.5926],[3.5348,11.5836],[3.5326,11.5769],[3.5281,11.5679],[3.5236,11.5612],[3.5191,11.5522],[3.5169,11.5432],[3.5124,11.5364],[3.5079,11.5275],[3.5056,11.5207],[3.5011,11.5117],[3.4989,11.5095],[3.4966,11.505],[3.4944,11.496],[3.4899,11.4893],[3.4854,11.4803],[3.4832,11.4736],[3.4787,11.4646],[3.4742,11.4556],[3.4719,11.4489],[3.4764,11.4421]]]}},{"type":"Feature","properties":{"id":"katsina","name":"Katsina"},"geometry":{"type":"Polygon","coordinates":[[[6.854,11.6061],[6.854,11.5948],[6.8563,11.5881],[6.8675,11.5769],[6.8765,11.5746],[6.8855,11.5679],[6.9035,11.5544],[6.9035,11.5522],[6.9079,11.5297],[6.9057,11.523],[6.9035,11.5207],[6.9012,11.514],[6.8967,11.505],[6.9035,11.487],[6.9079,11.4758],[6.9012,11.4623],[6.9012,11.4578],[6.8945,11.4466],[6.8922,11.4421],[6.8877,11.4309],[6.8855,11.4174],[6.8877,11.3972],[6.8877,11.3837],[6.8877,11.3815],[6.8945,11.3792],[6.899,11.3815],[6.9102,11.3837],[6.9192,11.3837],[6.9237,11.3815],[6.9394,11.3725],[6.9461,11.368],[6.9551,11.3635],[6.9618,11.359],[6.9686,11.3568],[6.9753,11.3568],[6.9821,11.359],[6.9888,11.3613],[7.0023,11.3613],[7.0068,11.3613],[7.0112,11.359],[7.0135,11.3568],[7.0157,11.3523],[7.018,11.3456],[7.0202,11.3411],[7.0247,11.3366],[7.0247,11.3253],[7.0225,11.3186],[7.0225,11.3141],[7.0135,11.3074],[7.009,11.2939],[7.0,11.2827],[6.9978,11.2804],[6.9933,11.2782],[6.9888,11.2759],[6.9865,11.2737],[6.9843,11.2714],[6.9776,11.2647],[6.9731,11.2557],[6.9686,11.249],[6.9686,11.2445],[6.9708,11.2423],[6.9731,11.2423],[6.9798,11.2445],[6.991,11.2445],[7.0045,11.2467],[7.009,11.2445],[7.018,11.24],[7.0225,11.2355],[7.0292,11.231],[7.036,11.2265],[7.0404,11.2288],[7.0449,11.2288],[7.0562,11.2243],[7.0651,11.2198],[7.0741,11.2153],[7.0854,11.2041],[7.0966,11.1973],[7.0966,11.1928],[7.1056,11.1816],[7.1101,11.1771],[7.119,11.1704],[7.128,11.1614],[7.1303,11.1569],[7.1393,11.1479],[7.146,11.1412],[7.1527,11.1389],[7.1572,11.1389],[7.164,11.1389],[7.1685,11.1412],[7.1774,11.1434],[7.1864,11.1502],[7.1999,11.1592],[7.2111,11.1659],[7.2179,11.1704],[7.2201,11.1726],[7.2268,11.1771],[7.2358,11.1861],[7.2358,11.1928],[7.2358,11.1973],[7.2336,11.1996],[7.2291,11.2086],[7.2224,11.2198],[7.2201,11.2243],[7.2156,11.2265],[7.2134,11.231],[7.2044,11.249],[7.1999,11.2557],[7.1976,11.2647],[7.1976,11.2692],[7.1976,11.2714],[7.2021,11.2759],[7.2044,11.2804],[7.2066,11.2849],[7.2089,11.2849],[7.2156,11.2894],[7.2268,11.2962],[7.2336,11.2984],[7.2426,11.2984],[7.265,11.2984],[7.2695,11.2984],[7.274,11.3006],[7.2807,11.2984],[7.2987,11.2917],[7.3077,11.2894],[7.3144,11.2849],[7.3189,11.2827],[7.3257,11.2782],[7.3279,11.2782],[7.3324,11.2759],[7.3436,11.2737],[7.3549,11.2737],[7.3593,11.2737],[7.3638,11.2939],[7.3638,11.2984],[7.3638,11.3051],[7.3638,11.3119],[7.3661,11.3231],[7.3706,11.3321],[7.3728,11.3388],[7.3773,11.3433],[7.3796,11.35],[7.384,11.3545],[7.3885,11.3658],[7.393,11.3748],[7.3998,11.3837],[7.402,11.3882],[7.4132,11.3927],[7.4155,11.395],[7.4245,11.4017],[7.4312,11.4039],[7.4402,11.4084],[7.4469,11.4084],[7.4694,11.4107],[7.4784,11.4084],[7.4829,11.4062],[7.4896,11.4017],[7.4918,11.3972],[7.4918,11.3905],[7.4941,11.3837],[7.5008,11.3703],[7.5053,11.359],[7.5076,11.3568],[7.5121,11.3568],[7.5188,11.3568],[7.5233,11.359],[7.53,11.3613],[7.5412,11.359],[7.5502,11.3545],[7.557,11.3478],[7.5615,11.3411],[7.5682,11.3343],[7.5772,11.3298],[7.5862,11.3276],[7.5929,11.3253],[7.5996,11.3209],[7.6041,11.3164],[7.6109,11.3074],[7.6154,11.2984],[7.6243,11.2872],[7.6266,11.2849],[7.6288,11.2827],[7.6356,11.2827],[7.6468,11.2827],[7.6558,11.2872],[7.6648,11.2894],[7.6737,11.2962],[7.6805,11.3006],[7.6962,11.3096],[7.7119,11.3141],[7.7164,11.3141],[7.7299,11.3141],[7.7344,11.3141],[7.7389,11.3141],[7.7456,11.3164],[7.7523,11.3231],[7.7523,11.3276],[7.7546,11.3366],[7.7523,11.3411],[7.7523,11.3478],[7.7523,11.3523],[7.7568,11.3568],[7.7636,11.3613],[7.7748,11.368],[7.7771,11.3725],[7.7703,11.3748],[7.7523,11.377],[7.7366,11.386],[7.7276,11.3995],[7.7119,11.4197],[7.7097,11.4264],[7.6985,11.4399],[7.6985,11.4444],[7.6985,11.4466],[7.6917,11.4668],[7.6895,11.4736],[7.685,11.4848],[7.6872,11.5005],[7.6895,11.5162],[7.694,11.5252],[7.6985,11.5364],[7.7052,11.5432],[7.7119,11.5522],[7.7254,11.5701],[7.7254,11.5791],[7.7299,11.5859],[7.7344,11.5926],[7.7456,11.5993],[7.7591,11.6083],[7.7703,11.615],[7.7973,11.624],[7.813,11.6285],[7.8242,11.6308],[7.8422,11.6353],[7.8512,11.6375],[7.8624,11.642],[7.8714,11.6465],[7.8781,11.6487],[7.8848,11.651],[7.8938,11.651],[7.9006,11.6487],[7.9073,11.6487],[7.9096,11.6532],[7.9118,11.6622],[7.9096,11.6757],[7.9028,11.6869],[7.8961,11.7026],[7.8893,11.7116],[7.8804,11.7251],[7.8826,11.7475],[7.8804,11.761],[7.8759,11.779],[7.8736,11.7947],[7.8736,11.7992],[7.8736,11.8082],[7.8736,11.8217],[7.8736,11.8329],[7.8691,11.8441],[7.8646,11.8598],[7.8601,11.8711],[7.8557,11.8778],[7.8489,11.8935],[7.8467,11.898],[7.8444,11.9003],[7.8422,11.907],[7.8422,11.9182],[7.8399,11.9227],[7.8399,11.9272],[7.8377,11.9362],[7.8354,11.9519],[7.8332,11.9654],[7.8332,11.9699],[7.8377,11.9878],[7.8377,11.9991],[7.8377,12.0036],[7.8354,12.0058],[7.8354,12.0103],[7.8377,12.017],[7.8422,12.0238],[7.8422,12.0305],[7.8399,12.0373],[7.8354,12.0417],[7.8354,12.0485],[7.8377,12.0597],[7.8399,12.062],[7.8422,12.0732],[7.8399,12.0799],[7.8377,12.0889],[7.8377,12.1001],[7.8377,12.1136],[7.8399,12.1271],[7.8354,12.1338],[7.8332,12.1383],[7.831,12.145],[7.8287,12.1608],[7.8242,12.1832],[7.822,12.1945],[7.8242,12.2079],[7.8242,12.2304],[7.8287,12.2394],[7.831,12.2439],[7.8332,12.2551],[7.831,12.2641],[7.8332,12.2686],[7.8354,12.2798],[7.8399,12.2888],[7.8422,12.2978],[7.8444,12.3],[7.8489,12.3022],[7.8534,12.309],[7.8601,12.318],[7.8624,12.3202],[7.8646,12.3225],[7.8781,12.3314],[7.8893,12.3359],[7.8961,12.3382],[7.9051,12.3404],[7.9096,12.3404],[7.914,12.3404],[7.9253,12.3472],[7.9275,12.3494],[7.941,12.3539],[7.9455,12.3539],[7.9567,12.3561],[7.9634,12.3584],[7.9702,12.3606],[7.9814,12.3651],[7.9882,12.3674],[7.9971,12.3674],[8.0039,12.3674],[8.0061,12.3696],[8.0196,12.3741],[8.0286,12.3741],[8.0353,12.3786],[8.0421,12.3831],[8.0488,12.3831],[8.0668,12.3921],[8.0825,12.3988],[8.0915,12.4011],[8.0937,12.4011],[8.1162,12.4056],[8.1319,12.41],[8.1341,12.4123],[8.1386,12.419],[8.1498,12.4258],[8.1543,12.4303],[8.1566,12.4347],[8.1611,12.4392],[8.1633,12.4482],[8.1678,12.4595],[8.1746,12.4684],[8.1858,12.4842],[8.1903,12.4976],[8.1903,12.4999],[8.1925,12.5089],[8.1948,12.5178],[8.197,12.5246],[8.2037,12.5336],[8.2105,12.5403],[8.2105,12.5493],[8.2082,12.5538],[8.2082,12.5583],[8.2082,12.565],[8.2127,12.5717],[8.215,12.5762],[8.2172,12.5785],[8.2262,12.583],[8.2329,12.5852],[8.2464,12.5852],[8.2644,12.583],[8.2711,12.583],[8.2734,12.583],[8.2801,12.5852],[8.2846,12.5897],[8.2891,12.5964],[8.2891,12.6009],[8.2913,12.6054],[8.2913,12.6122],[8.2913,12.6211],[8.2868,12.6391],[8.2823,12.6414],[8.2756,12.6414],[8.2711,12.6369],[8.2666,12.6346],[8.2599,12.6346],[8.2509,12.6369],[8.2487,12.6391],[8.2442,12.6481],[8.2374,12.6481],[8.2307,12.6459],[8.2262,12.6436],[8.2217,12.6414],[8.215,12.6391],[8.206,12.6391],[8.2015,12.6414],[8.1993,12.6436],[8.197,12.6481],[8.1925,12.6526],[8.1858,12.6548],[8.179,12.6548],[8.1656,12.6593],[8.1611,12.6616],[8.1543,12.6638],[8.1498,12.6638],[8.1454,12.6638],[8.1431,12.6706],[8.1454,12.6818],[8.1454,12.6863],[8.1476,12.6908],[8.1498,12.6997],[8.1498,12.702],[8.1498,12.7042],[8.1521,12.7132],[8.1521,12.72],[8.1588,12.7312],[8.1656,12.7424],[8.1701,12.7581],[8.1746,12.7716],[8.1723,12.7873],[8.1723,12.7941],[8.1678,12.8031],[8.1656,12.8075],[8.1633,12.8188],[8.1701,12.8322],[8.1723,12.8345],[8.1768,12.8367],[8.179,12.839],[8.1835,12.839],[8.1993,12.839],[8.2195,12.8367],[8.2374,12.839],[8.2464,12.8367],[8.2487,12.8367],[8.2644,12.839],[8.2756,12.8412],[8.2801,12.8435],[8.2846,12.8412],[8.2981,12.8412],[8.316,12.8412],[8.3295,12.8435],[8.3362,12.8412],[8.3407,12.839],[8.3497,12.8345],[8.3609,12.83],[8.3767,12.8255],[8.3834,12.8255],[8.3901,12.8255],[8.3991,12.8278],[8.4059,12.8255],[8.4148,12.8233],[8.4261,12.8233],[8.4373,12.8255],[8.4553,12.83],[8.462,12.83],[8.471,12.8322],[8.48,12.8345],[8.489,12.8367],[8.5024,12.8345],[8.5159,12.8345],[8.5361,12.8345],[8.5451,12.8322],[8.5563,12.83],[8.5631,12.8278],[8.5765,12.821],[8.581,12.8188],[8.5833,12.8165],[8.59,12.812],[8.5923,12.8075],[8.5945,12.7986],[8.6012,12.7873],[8.6057,12.7828],[8.6057,12.7784],[8.6035,12.7739],[8.6012,12.7694],[8.599,12.7649],[8.6057,12.7604],[8.6102,12.7536],[8.608,12.7492],[8.608,12.7402],[8.6125,12.7334],[8.617,12.7334],[8.6237,12.7334],[8.6349,12.7334],[8.6507,12.7312],[8.6574,12.7245],[8.6619,12.7222],[8.6709,12.7087],[8.6798,12.702],[8.6821,12.6975],[8.6888,12.6975],[8.6956,12.7042],[8.7023,12.7087],[8.7203,12.7042],[8.7337,12.6975],[8.7405,12.6953],[8.7472,12.6953],[8.7517,12.6953],[8.7517,12.6885],[8.754,12.684],[8.7584,12.6818],[8.7674,12.684],[8.7832,12.693],[8.7876,12.693],[8.7921,12.693],[8.7966,12.6885],[8.8011,12.6863],[8.8101,12.6885],[8.8146,12.6885],[8.8236,12.693],[8.8303,12.6953],[8.8415,12.6975],[8.8505,12.6997],[8.8662,12.702],[8.8707,12.702],[8.8932,12.711],[8.9044,12.7132],[8.9134,12.7177],[8.9224,12.72],[8.9269,12.7222],[8.9314,12.7245],[8.9381,12.7289],[8.9426,12.7334],[8.9471,12.7402],[8.9538,12.7536],[8.9583,12.7604],[8.9606,12.7671],[8.9606,12.7716],[8.9651,12.7806],[8.9673,12.7986],[8.9673,12.8053],[8.9695,12.8098],[8.9763,12.8165],[8.9808,12.8188],[8.992,12.821],[8.9987,12.8188],[9.0055,12.8188],[9.01,12.8165],[9.019,12.8165],[9.0324,12.8143],[9.0369,12.8143],[9.0414,12.8143],[9.0459,12.8165],[9.0481,12.8188],[9.0504,12.821],[9.0504,12.8255],[9.0481,12.8278],[9.0459,12.8367],[9.0437,12.8367],[9.0145,12.839],[9.0055,12.839],[8.9965,12.8412],[8.9898,12.839],[8.983,12.839],[8.9785,12.8367],[8.9763,12.8345],[8.9695,12.8322],[8.9628,12.8367],[8.9561,12.839],[8.9493,12.8412],[8.9404,12.8457],[8.9381,12.8457],[8.9336,12.848],[8.9291,12.848],[8.9246,12.8502],[8.9224,12.8502],[8.882,12.8637],[8.8775,12.8659],[8.8707,12.8704],[8.8662,12.8704],[8.8618,12.8704],[8.8528,12.8727],[8.846,12.8749],[8.837,12.8794],[8.8303,12.8817],[8.8236,12.8817],[8.8168,12.8839],[8.8101,12.8884],[8.8034,12.8906],[8.7944,12.8906],[8.7876,12.8929],[8.7809,12.8974],[8.7719,12.8974],[8.7607,12.8996],[8.754,12.9019],[8.7472,12.9041],[8.7405,12.9064],[8.7337,12.9108],[8.7248,12.9131],[8.7203,12.9131],[8.7158,12.9153],[8.709,12.9131],[8.7045,12.9153],[8.6956,12.9176],[8.6911,12.9198],[8.6843,12.9221],[8.6776,12.9243],[8.6664,12.9311],[8.6619,12.9333],[8.6484,12.9378],[8.6439,12.9468],[8.6439,12.9513],[8.6439,12.9558],[8.6394,12.9603],[8.6349,12.9692],[8.6327,12.9782],[8.6259,12.9827],[8.6215,12.9895],[8.617,12.9962],[8.6125,13.0007],[8.6057,13.0052],[8.6012,13.0097],[8.599,13.0119],[8.5923,13.0164],[8.59,13.0209],[8.5855,13.0231],[8.5788,13.0299],[8.572,13.0344],[8.5653,13.0389],[8.5586,13.0411],[8.5518,13.0456],[8.5451,13.0501],[8.5384,13.0523],[8.5316,13.0568],[8.5226,13.0591],[8.5159,13.0636],[8.5069,13.0658],[8.5002,13.0681],[8.4934,13.0681],[8.4867,13.0703],[8.4777,13.0703],[8.4687,13.0681],[8.462,13.0681],[8.4553,13.0658],[8.4485,13.0636],[8.4418,13.0613],[8.4351,13.0591],[8.4283,13.0568],[8.4216,13.0546],[8.4148,13.0546],[8.4104,13.0591],[8.4059,13.0658],[8.4014,13.0703],[8.3946,13.0748],[8.3879,13.0793],[8.3879,13.0815],[8.3812,13.0838],[8.3767,13.0883],[8.3722,13.0928],[8.3654,13.0972],[8.3632,13.104],[8.3587,13.1085],[8.3565,13.1152],[8.352,13.1175],[8.3475,13.1197],[8.3407,13.1242],[8.334,13.1287],[8.3273,13.1332],[8.316,13.1467],[8.3115,13.1534],[8.3071,13.1601],[8.3003,13.1646],[8.2936,13.1669],[8.2868,13.1714],[8.2823,13.1781],[8.2779,13.1826],[8.2734,13.1893],[8.2666,13.1938],[8.2621,13.2006],[8.2599,13.2028],[8.2599,13.205],[8.2554,13.2073],[8.2464,13.2095],[8.2374,13.2118],[8.2284,13.214],[8.2195,13.2163],[8.2127,13.2185],[8.1993,13.2253],[8.197,13.2297],[8.1925,13.232],[8.1903,13.232],[8.1835,13.2387],[8.1768,13.2455],[8.1701,13.2522],[8.1656,13.2589],[8.1588,13.2612],[8.1566,13.2634],[8.1498,13.2679],[8.1454,13.2724],[8.1386,13.2747],[8.1319,13.2769],[8.1207,13.2836],[8.1139,13.2859],[8.1072,13.2904],[8.1004,13.2926],[8.0937,13.2926],[8.0847,13.2949],[8.0825,13.2971],[8.078,13.2971],[8.0735,13.2994],[8.0668,13.3016],[8.0645,13.3016],[8.0623,13.3039],[8.0533,13.3039],[8.0465,13.3061],[8.0421,13.3061],[8.0376,13.3061],[8.0331,13.3083],[8.0263,13.3083],[8.0241,13.3106],[8.0151,13.3128],[8.0061,13.3128],[7.9994,13.3151],[7.9926,13.3151],[7.9859,13.3173],[7.9792,13.3196],[7.9702,13.3196],[7.9634,13.3218],[7.9545,13.3218],[7.9477,13.3241],[7.9387,13.3241],[7.932,13.3241],[7.9253,13.3263],[7.9163,13.3263],[7.9118,13.3286],[7.9051,13.3286],[7.8983,13.3286],[7.8916,13.3308],[7.8871,13.3308],[7.8826,13.3286],[7.8759,13.3308],[7.8759,13.3331],[7.8669,13.3331],[7.8579,13.3331],[7.8489,13.3331],[7.8399,13.3375],[7.8354,13.3375],[7.8332,13.3375],[7.8242,13.3398],[7.8197,13.3398],[7.8152,13.3375],[7.8107,13.3375],[7.804,13.3353],[7.7973,13.3308],[7.7883,13.3263],[7.7815,13.3218],[7.7748,13.3173],[7.7703,13.3151],[7.7636,13.3106],[7.7568,13.3061],[7.7523,13.3039],[7.7501,13.3016],[7.7456,13.2994],[7.7411,13.2971],[7.7344,13.2926],[7.7276,13.2881],[7.7187,13.2836],[7.7142,13.2792],[7.7029,13.2724],[7.6962,13.2702],[7.6962,13.2679],[7.6895,13.2634],[7.6827,13.2589],[7.676,13.2567],[7.6693,13.2522],[7.6603,13.2477],[7.658,13.2432],[7.6535,13.241],[7.649,13.2387],[7.6468,13.2387],[7.6401,13.2342],[7.6356,13.2297],[7.6311,13.2275],[7.6266,13.2253],[7.6221,13.223],[7.6198,13.2208],[7.6154,13.2185],[7.6131,13.2185],[7.6019,13.2118],[7.5951,13.2073],[7.5884,13.2028],[7.5839,13.2006],[7.5794,13.1983],[7.5727,13.1938],[7.566,13.1916],[7.5525,13.1826],[7.5233,13.1669],[7.5188,13.1646],[7.5121,13.1601],[7.5053,13.1556],[7.5031,13.1511],[7.4986,13.1511],[7.4941,13.1489],[7.4896,13.1444],[7.4851,13.1422],[7.4784,13.1399],[7.4739,13.1377],[7.4694,13.1354],[7.4626,13.1309],[7.4582,13.1264],[7.4537,13.1242],[7.4492,13.122],[7.4424,13.1197],[7.4335,13.1152],[7.4267,13.1107],[7.3998,13.1017],[7.384,13.0995],[7.3706,13.0995],[7.3638,13.0995],[7.3571,13.0995],[7.3481,13.0995],[7.3391,13.1017],[7.3324,13.1017],[7.3234,13.1017],[7.3167,13.104],[7.3099,13.104],[7.3032,13.104],[7.2942,13.1062],[7.2875,13.1062],[7.2807,13.1062],[7.265,13.1085],[7.2583,13.1085],[7.2515,13.1107],[7.2448,13.1107],[7.2358,13.1107],[7.2268,13.1107],[7.2246,13.1085],[7.2224,13.104],[7.2201,13.1017],[7.2179,13.1017],[7.2134,13.095],[7.2089,13.0928],[7.1976,13.0815],[7.1932,13.077],[7.1864,13.0703],[7.1842,13.0658],[7.1797,13.0613],[7.1527,13.0321],[7.1437,13.0254],[7.137,13.0231],[7.1303,13.0209],[7.1258,13.0209],[7.1168,13.0186],[7.1078,13.0142],[7.1011,13.0119],[7.0943,13.0097],[7.0854,13.0074],[7.0786,13.0052],[7.0696,13.0029],[7.0629,13.0007],[7.0562,13.0007],[7.0517,12.9984],[7.0494,12.9984],[7.0449,12.9984],[7.0382,12.9984],[7.0315,12.9962],[7.0337,12.985],[7.0382,12.9625],[7.0382,12.958],[7.0404,12.949],[7.0404,12.9423],[7.0404,12.9378],[7.0382,12.9288],[7.0337,12.8929],[7.0315,12.8884],[7.0315,12.8839],[7.027,12.8682],[7.0225,12.8322],[7.0292,12.8165],[7.0292,12.8098],[7.0292,12.8031],[7.027,12.7986],[7.0292,12.7873],[7.0292,12.7739],[7.0315,12.7536],[7.0315,12.7514],[7.0337,12.7379],[7.036,12.7245],[7.0404,12.702],[7.0427,12.693],[7.0427,12.6885],[7.0427,12.675],[7.0449,12.6571],[7.0449,12.6526],[7.0472,12.6459],[7.0472,12.6391],[7.0472,12.6369],[7.0449,12.6189],[7.0472,12.6099],[7.0494,12.6009],[7.0494,12.5964],[7.0517,12.5897],[7.0517,12.5875],[7.0517,12.5672],[7.0517,12.5448],[7.0517,12.5358],[7.0539,12.5156],[7.0539,12.5111],[7.0562,12.5044],[7.0607,12.4819],[7.0629,12.455],[7.0651,12.4482],[7.0651,12.4392],[7.0651,12.4325],[7.0674,12.4123],[7.0719,12.4056],[7.0764,12.3988],[7.0786,12.3921],[7.0831,12.3831],[7.0854,12.3786],[7.0876,12.3719],[7.0899,12.3674],[7.0921,12.3606],[7.0988,12.3359],[7.0988,12.3337],[7.1011,12.3247],[7.1011,12.3225],[7.1033,12.309],[7.1033,12.3022],[7.1033,12.2978],[7.1056,12.2955],[7.1056,12.2888],[7.1078,12.2865],[7.1123,12.282],[7.1146,12.2753],[7.1168,12.2708],[7.128,12.2528],[7.1303,12.2506],[7.137,12.2349],[7.1415,12.2259],[7.146,12.2057],[7.1482,12.1967],[7.1505,12.1877],[7.1527,12.1855],[7.1527,12.181],[7.1505,12.1698],[7.1505,12.1653],[7.1505,12.1585],[7.1415,12.1383],[7.1393,12.1316],[7.137,12.1293],[7.1258,12.1136],[7.1235,12.1069],[7.1213,12.1024],[7.1146,12.0867],[7.1123,12.0867],[7.1078,12.0822],[7.1033,12.0799],[7.0966,12.0709],[7.0899,12.0642],[7.1056,12.0462],[7.1123,12.0395],[7.1258,12.0305],[7.1437,12.0148],[7.1505,12.0103],[7.1527,12.0103],[7.1729,12.0013],[7.1774,11.9991],[7.1909,11.9923],[7.2021,11.9878],[7.2089,11.9856],[7.2134,11.9789],[7.2134,11.9654],[7.2179,11.9586],[7.2246,11.9497],[7.2336,11.9452],[7.2358,11.9452],[7.2403,11.9407],[7.2426,11.9339],[7.2358,11.9272],[7.2313,11.925],[7.2179,11.916],[7.1999,11.907],[7.1909,11.907],[7.1707,11.9115],[7.164,11.9115],[7.155,11.9182],[7.1437,11.9115],[7.1437,11.898],[7.1437,11.8868],[7.1415,11.8778],[7.1303,11.8643],[7.1146,11.8509],[7.1056,11.8464],[7.1033,11.8441],[7.0921,11.8351],[7.0854,11.8284],[7.0831,11.8261],[7.0741,11.8172],[7.0719,11.8082],[7.0539,11.8014],[7.0472,11.8014],[7.027,11.8082],[7.0202,11.8127],[7.0157,11.8172],[7.0023,11.8217],[6.9888,11.8194],[6.9731,11.8172],[6.9529,11.8149],[6.9394,11.8082],[6.9192,11.8037],[6.9079,11.8014],[6.8967,11.7947],[6.8922,11.7835],[6.89,11.779],[6.89,11.77],[6.89,11.7633],[6.89,11.7588],[6.89,11.7565],[6.89,11.7386],[6.89,11.7273],[6.881,11.7071],[6.8765,11.6959],[6.872,11.6847],[6.8698,11.6779],[6.8653,11.6622],[6.8563,11.642],[6.8518,11.6218],[6.8518,11.6173],[6.854,11.6061]]]}},{"type":"Feature","properties":{"id":"ogun","name":"Ogun"},"geometry":{"type":"Polygon","coordinates":[[[2.6904,7.8624],[2.6949,7.8557],[2.7039,7.8377],[2.7061,7.8332],[2.7084,7.8242],[2.7084,7.8197],[2.7084,7.8175],[2.7106,7.813],[2.7151,7.813],[2.7196,7.8107],[2.7241,7.8085],[2.7263,7.7995],[2.7286,7.7928],[2.7308,7.786],[2.7308,7.7793],[2.7331,7.7726],[2.7308,7.7658],[2.7308,7.7591],[2.7286,7.7523],[2.7286,7.7479],[2.7286,7.7456],[2.7286,7.7232],[2.7286,7.7142],[2.7308,7.7097],[2.7308,7.7074],[2.7308,7.6985],[2.7286,7.6917],[2.7286,7.6895],[2.7286,7.6872],[2.7286,7.6827],[2.7286,7.6737],[2.7263,7.6648],[2.7263,7.6558],[2.7263,7.649],[2.7263,7.6401],[2.7286,7.6311],[2.7286,7.6221],[2.7286,7.6154],[2.7286,7.6109],[2.7286,7.6041],[2.7286,7.5974],[2.7308,7.5794],[2.7331,7.5727],[2.7353,7.566],[2.7398,7.5615],[2.7421,7.5615],[2.7466,7.5547],[2.7488,7.548],[2.7466,7.5412],[2.7466,7.5345],[2.7488,7.5278],[2.7555,7.521],[2.7623,7.5188],[2.769,7.5143],[2.7758,7.5098],[2.7802,7.5053],[2.787,7.4986],[2.7892,7.4963],[2.7937,7.4941],[2.796,7.4896],[2.7982,7.4829],[2.7982,7.4739],[2.7982,7.4649],[2.7982,7.4559],[2.8005,7.4469],[2.8005,7.4379],[2.7982,7.4267],[2.796,7.4222],[2.7847,7.4177],[2.778,7.42],[2.7713,7.42],[2.7623,7.42],[2.7578,7.4177],[2.7488,7.4177],[2.7466,7.4177],[2.7466,7.4087],[2.7466,7.3998],[2.7466,7.3908],[2.7466,7.384],[2.7466,7.3751],[2.7466,7.3661],[2.7488,7.3571],[2.7488,7.3504],[2.7488,7.3414],[2.7488,7.3346],[2.7488,7.3257],[2.7488,7.3189],[2.7511,7.3099],[2.7488,7.3032],[2.7488,7.2942],[2.7488,7.2605],[2.7511,7.2583],[2.7555,7.2515],[2.7623,7.2493],[2.7668,7.2426],[2.7713,7.2381],[2.7735,7.2336],[2.7758,7.2268],[2.778,7.2179],[2.778,7.2134],[2.778,7.2089],[2.7802,7.2021],[2.7802,7.1999],[2.7825,7.1909],[2.7825,7.1819],[2.7847,7.1774],[2.7847,7.1729],[2.7847,7.1662],[2.7847,7.1595],[2.7758,7.128],[2.7668,7.1168],[2.7623,7.1123],[2.7555,7.1101],[2.7511,7.1056],[2.7443,7.0988],[2.7443,7.0921],[2.7533,7.0764],[2.7578,7.0719],[2.7623,7.0674],[2.7668,7.0651],[2.7713,7.0607],[2.778,7.0584],[2.7825,7.0539],[2.787,7.0472],[2.7937,7.0404],[2.7847,7.036],[2.7802,7.036],[2.7758,7.0337],[2.7713,7.0292],[2.7668,7.027],[2.76,7.0225],[2.7533,7.0202],[2.7488,7.0157],[2.7443,7.0135],[2.7376,7.0068],[2.7331,7.0023],[2.7308,7.0],[2.7286,6.9978],[2.7263,6.9955],[2.7263,6.9933],[2.7241,6.991],[2.7196,6.9865],[2.7196,6.9798],[2.7196,6.9708],[2.7196,6.9663],[2.7196,6.9641],[2.7196,6.9551],[2.7196,6.9529],[2.7196,6.9506],[2.7196,6.9484],[2.7174,6.9439],[2.7174,6.9394],[2.7196,6.9349],[2.7263,6.9304],[2.7331,6.9304],[2.7353,6.9304],[2.7398,6.9282],[2.7488,6.9282],[2.7488,6.9214],[2.7511,6.9124],[2.7511,6.8945],[2.7511,6.8855],[2.7488,6.8787],[2.7466,6.8698],[2.7466,6.863],[2.7443,6.8563],[2.7443,6.8518],[2.7443,6.8473],[2.7466,6.8428],[2.7488,6.8383],[2.7443,6.8338],[2.7421,6.8271],[2.7376,6.8204],[2.7331,6.8136],[2.7308,6.8091],[2.7286,6.8024],[2.7286,6.7912],[2.7331,6.7777],[2.7398,6.7642],[2.7443,6.7642],[2.7511,6.7597],[2.7623,6.7575],[2.7713,6.7575],[2.778,6.7597],[2.787,6.7552],[2.7892,6.7485],[2.7892,6.744],[2.7892,6.7395],[2.7892,6.735],[2.787,6.7305],[2.787,6.7238],[2.787,6.7171],[2.787,6.7081],[2.787,6.7013],[2.787,6.6946],[2.7847,6.6946],[2.7847,6.6924],[2.7802,6.6901],[2.769,6.6789],[2.7645,6.6766],[2.76,6.6744],[2.7555,6.6699],[2.7533,6.6654],[2.7488,6.6587],[2.7443,6.6542],[2.7443,6.6519],[2.7398,6.6452],[2.7353,6.6385],[2.7308,6.6317],[2.7353,6.6093],[2.7376,6.6025],[2.7421,6.589],[2.7443,6.5846],[2.7443,6.5823],[2.7488,6.5778],[2.7533,6.5711],[2.7511,6.5576],[2.7421,6.5464],[2.7353,6.5396],[2.7286,6.5351],[2.7263,6.5307],[2.7241,6.5262],[2.7241,6.5194],[2.7219,6.5149],[2.7219,6.5127],[2.7196,6.5082],[2.7196,6.4992],[2.7196,6.4902],[2.7196,6.4835],[2.7196,6.4813],[2.7174,6.4768],[2.7174,6.47],[2.7151,6.4655],[2.7129,6.4588],[2.7196,6.4588],[2.7353,6.4588],[2.7398,6.4543],[2.7443,6.4498],[2.7488,6.4498],[2.7645,6.4521],[2.7802,6.4521],[2.7847,6.4521],[2.787,6.4543],[2.7892,6.4565],[2.7937,6.4588],[2.7982,6.461],[2.8072,6.4588],[2.8184,6.4543],[2.8229,6.4521],[2.8274,6.4476],[2.8319,6.4431],[2.8431,6.4431],[2.8521,6.4498],[2.8544,6.4521],[2.8544,6.4543],[2.8588,6.461],[2.8588,6.4678],[2.8656,6.4723],[2.8678,6.4723],[2.8746,6.47],[2.8791,6.47],[2.8903,6.4768],[2.8925,6.479],[2.897,6.488],[2.897,6.4925],[2.897,6.4947],[2.8948,6.4992],[2.8925,6.5015],[2.897,6.5015],[2.9172,6.5037],[2.9307,6.5015],[2.9352,6.5015],[2.9464,6.5015],[2.9689,6.5015],[2.9801,6.5015],[3.0048,6.5015],[3.016,6.4992],[3.0205,6.4992],[3.0228,6.4992],[3.0273,6.497],[3.043,6.4992],[3.0497,6.4992],[3.0542,6.4992],[3.0632,6.4992],[3.0699,6.4992],[3.0789,6.4992],[3.0902,6.4992],[3.1014,6.4992],[3.1036,6.4992],[3.1081,6.5015],[3.1104,6.5015],[3.1194,6.5015],[3.1485,6.5037],[3.1755,6.5082],[3.1777,6.5082],[3.18,6.5104],[3.1822,6.5149],[3.1867,6.5194],[3.189,6.5217],[3.1912,6.5239],[3.2002,6.5284],[3.2047,6.5284],[3.2047,6.5329],[3.2047,6.5351],[3.2047,6.5396],[3.2047,6.5419],[3.2047,6.5464],[3.2024,6.5554],[3.198,6.5666],[3.1957,6.5711],[3.1957,6.5733],[3.198,6.5756],[3.2002,6.5801],[3.2069,6.589],[3.2159,6.5958],[3.2294,6.6003],[3.2339,6.6048],[3.2406,6.616],[3.2406,6.6182],[3.2406,6.625],[3.2406,6.6295],[3.2384,6.6317],[3.2384,6.6407],[3.2429,6.6609],[3.2451,6.6654],[3.2541,6.6811],[3.2608,6.6901],[3.2631,6.6968],[3.2653,6.6968],[3.2676,6.6946],[3.2698,6.6924],[3.2766,6.6856],[3.2788,6.6856],[3.281,6.6834],[3.2855,6.6811],[3.2878,6.6811],[3.29,6.6789],[3.2968,6.6766],[3.308,6.6721],[3.3102,6.6721],[3.3125,6.6699],[3.317,6.6676],[3.3215,6.6654],[3.3282,6.6676],[3.3327,6.6676],[3.3372,6.6676],[3.3439,6.6654],[3.3507,6.6587],[3.3552,6.6519],[3.3664,6.6429],[3.3709,6.6407],[3.3709,6.6385],[3.3776,6.6385],[3.4338,6.6385],[3.4472,6.6407],[3.4562,6.6429],[3.4517,6.6519],[3.4495,6.6587],[3.445,6.6654],[3.445,6.6676],[3.4472,6.6699],[3.454,6.6721],[3.4585,6.6654],[3.4652,6.6654],[3.4652,6.6744],[3.463,6.6834],[3.5955,6.6834],[3.701,6.6834],[3.7077,6.6834],[3.8155,6.6811],[3.9166,6.6811],[3.9705,6.6789],[4.0491,6.6811],[4.0738,6.6789],[4.0783,6.6789],[4.0918,6.6789],[4.094,6.6699],[4.0918,6.6676],[4.0895,6.6654],[4.0918,6.6609],[4.0963,6.6519],[4.0873,6.6452],[4.085,6.6407],[4.0805,6.6385],[4.0738,6.6362],[4.0671,6.634],[4.0581,6.6295],[4.0513,6.6182],[4.0513,6.616],[4.0558,6.6025],[4.0603,6.589],[4.0693,6.5643],[4.0805,6.5599],[4.0873,6.5599],[4.0918,6.5576],[4.0918,6.5554],[4.094,6.5486],[4.094,6.5464],[4.1007,6.5464],[4.103,6.5464],[4.1097,6.5464],[4.1097,6.5531],[4.1097,6.5576],[4.1165,6.5643],[4.1255,6.5688],[4.1299,6.5711],[4.1322,6.5711],[4.1389,6.5733],[4.1434,6.5756],[4.1502,6.5801],[4.1546,6.5868],[4.1591,6.5913],[4.1614,6.5913],[4.1659,6.5935],[4.1726,6.5913],[4.1794,6.589],[4.1794,6.5868],[4.1861,6.5846],[4.1996,6.5868],[4.1996,6.589],[4.2108,6.5823],[4.2153,6.5778],[4.2175,6.5733],[4.2198,6.5666],[4.222,6.5643],[4.2288,6.5576],[4.2265,6.5509],[4.2243,6.5441],[4.222,6.5374],[4.2108,6.5284],[4.2063,6.5262],[4.1951,6.5194],[4.1928,6.5194],[4.1861,6.5172],[4.1816,6.5172],[4.1794,6.5149],[4.1771,6.5127],[4.1749,6.5104],[4.1614,6.5015],[4.1569,6.4925],[4.1591,6.4813],[4.1659,6.4745],[4.1749,6.4723],[4.1838,6.4678],[4.1928,6.4633],[4.1996,6.4633],[4.2085,6.4633],[4.213,6.4655],[4.2175,6.4633],[4.2198,6.4588],[4.2198,6.4565],[4.222,6.4498],[4.2265,6.4453],[4.2288,6.4453],[4.2377,6.4386],[4.2445,6.4341],[4.249,6.4341],[4.2535,6.4341],[4.2535,6.4363],[4.2535,6.4386],[4.2535,6.4408],[4.2602,6.4431],[4.2647,6.4431],[4.2714,6.4431],[4.2759,6.4408],[4.2759,6.4386],[4.2782,6.4386],[4.2849,6.4363],[4.2871,6.4363],[4.2961,6.4341],[4.2984,6.4341],[4.3029,6.4386],[4.3096,6.4386],[4.3163,6.4386],[4.3231,6.4386],[4.3321,6.4386],[4.3366,6.4386],[4.3433,6.4363],[4.35,6.4296],[4.35,6.4274],[4.35,6.4206],[4.35,6.4161],[4.35,6.3892],[4.35,6.3779],[4.35,6.3712],[4.359,6.3667],[4.368,6.3667],[4.3702,6.3645],[4.386,6.3622],[4.4017,6.3577],[4.4129,6.3532],[4.4264,6.3488],[4.4331,6.3488],[4.4354,6.3465],[4.4421,6.3443],[4.4556,6.3375],[4.4556,6.3398],[4.4578,6.3398],[4.4623,6.3465],[4.478,6.3555],[4.4825,6.3555],[4.4915,6.3577],[4.4982,6.36],[4.514,6.3465],[4.5185,6.342],[4.5274,6.3308],[4.5364,6.324],[4.5432,6.3173],[4.5521,6.3106],[4.5634,6.3038],[4.5679,6.3038],[4.5724,6.3038],[4.5746,6.3038],[4.5813,6.3106],[4.5881,6.3196],[4.5926,6.3285],[4.5948,6.333],[4.5948,6.3353],[4.5971,6.3488],[4.5971,6.3622],[4.5948,6.369],[4.5858,6.3757],[4.5813,6.3779],[4.5769,6.3802],[4.5679,6.3824],[4.5454,6.3869],[4.5409,6.3892],[4.5342,6.3914],[4.5319,6.3937],[4.514,6.3982],[4.5095,6.3959],[4.505,6.3959],[4.4982,6.3937],[4.496,6.3914],[4.4915,6.3892],[4.487,6.3869],[4.4825,6.3869],[4.4803,6.3869],[4.478,6.3869],[4.4758,6.3892],[4.4735,6.3937],[4.4758,6.4004],[4.4758,6.4026],[4.4803,6.4094],[4.4893,6.4116],[4.5027,6.4161],[4.5072,6.4161],[4.514,6.4139],[4.5207,6.4116],[4.523,6.4071],[4.5274,6.4071],[4.5319,6.4071],[4.5342,6.4094],[4.5364,6.4116],[4.5387,6.4161],[4.5409,6.4206],[4.5432,6.4229],[4.5454,6.4274],[4.5499,6.4341],[4.5544,6.4408],[4.5566,6.4431],[4.5589,6.4498],[4.5611,6.4565],[4.5656,6.4768],[4.5656,6.4857],[4.5656,6.4902],[4.5656,6.4925],[4.5634,6.4992],[4.5881,6.4947],[4.6038,6.4902],[4.606,6.4925],[4.606,6.4992],[4.6038,6.5037],[4.5971,6.5194],[4.5948,6.5239],[4.5881,6.5329],[4.5881,6.5351],[4.5881,6.5599],[4.5903,6.5666],[4.5926,6.5756],[4.5948,6.5823],[4.5971,6.5868],[4.5971,6.589],[4.5971,6.5935],[4.6016,6.6093],[4.6016,6.6138],[4.6016,6.6182],[4.5971,6.6295],[4.5926,6.6362],[4.5903,6.6385],[4.5858,6.6407],[4.5836,6.6429],[4.5791,6.6429],[4.5679,6.6362],[4.5656,6.634],[4.5544,6.6227],[4.5477,6.6138],[4.5387,6.6003],[4.5342,6.5958],[4.5274,6.5801],[4.514,6.5576],[4.5095,6.5486],[4.5027,6.5217],[4.5027,6.5172],[4.5005,6.506],[4.496,6.506],[4.4915,6.5082],[4.4825,6.5284],[4.478,6.5351],[4.478,6.5396],[4.4758,6.5441],[4.4668,6.5666],[4.4646,6.5778],[4.4623,6.5868],[4.4601,6.598],[4.4578,6.6025],[4.4533,6.607],[4.4264,6.6138],[4.4174,6.616],[4.4129,6.6182],[4.4107,6.6205],[4.4062,6.6227],[4.4039,6.625],[4.3949,6.6272],[4.3905,6.6272],[4.3882,6.6295],[4.3837,6.634],[4.3792,6.6385],[4.377,6.6452],[4.377,6.6474],[4.377,6.6632],[4.3792,6.6654],[4.3837,6.6676],[4.3882,6.6699],[4.3882,6.6744],[4.3905,6.6789],[4.3882,6.6856],[4.3882,6.6901],[4.3882,6.7013],[4.3882,6.7126],[4.3905,6.7148],[4.3927,6.7193],[4.4039,6.7305],[4.4107,6.7395],[4.4129,6.744],[4.4152,6.7507],[4.4152,6.753],[4.4174,6.7597],[4.4219,6.7642],[4.4264,6.7687],[4.4331,6.771],[4.4399,6.7754],[4.4444,6.7777],[4.4533,6.7867],[4.4668,6.7957],[4.4758,6.8024],[4.4938,6.8114],[4.5027,6.8159],[4.5207,6.8226],[4.5364,6.8338],[4.5432,6.8361],[4.5477,6.8406],[4.5477,6.8451],[4.5499,6.8496],[4.5499,6.8608],[4.5521,6.8743],[4.5544,6.8832],[4.5566,6.89],[4.5566,6.8922],[4.5566,6.8967],[4.5566,6.9035],[4.5566,6.9237],[4.5566,6.9371],[4.5566,6.9416],[4.5566,6.9529],[4.5566,6.9596],[4.5589,6.9776],[4.5611,6.9888],[4.5634,6.9955],[4.5679,7.0023],[4.5724,7.0045],[4.5858,7.0135],[4.5903,7.0157],[4.6016,7.0247],[4.606,7.027],[4.6105,7.0315],[4.6038,7.0315],[4.5926,7.0292],[4.5769,7.0225],[4.5589,7.0225],[4.5432,7.0202],[4.5342,7.0247],[4.523,7.0247],[4.5162,7.0225],[4.5095,7.0135],[4.496,7.0023],[4.4893,6.991],[4.4803,6.991],[4.4623,6.9933],[4.4533,7.0],[4.4376,7.0045],[4.4241,7.0023],[4.4174,6.9933],[4.4107,6.9865],[4.3994,6.9798],[4.3905,6.9798],[4.3837,6.991],[4.377,6.9955],[4.3747,6.9978],[4.3725,7.0112],[4.3702,7.0135],[4.3702,7.018],[4.377,7.0225],[4.3792,7.027],[4.377,7.0292],[4.3702,7.0315],[4.3702,7.036],[4.3702,7.0517],[4.3702,7.0562],[4.368,7.0584],[4.3657,7.0607],[4.3568,7.0629],[4.3523,7.0651],[4.3478,7.0674],[4.341,7.0674],[4.3343,7.0719],[4.3163,7.0809],[4.3119,7.0831],[4.2984,7.0899],[4.2871,7.0921],[4.2849,7.0921],[4.2759,7.0899],[4.2692,7.0876],[4.2624,7.0831],[4.2557,7.0786],[4.2512,7.0741],[4.2467,7.0719],[4.2445,7.0674],[4.2355,7.0607],[4.2332,7.0584],[4.2198,7.0472],[4.213,7.0449],[4.2108,7.0449],[4.2063,7.0449],[4.2041,7.0449],[4.2018,7.0472],[4.1973,7.0494],[4.1951,7.0539],[4.1906,7.0696],[4.1861,7.0854],[4.1838,7.1123],[4.1771,7.1348],[4.1726,7.1572],[4.1726,7.1617],[4.1704,7.1707],[4.1681,7.1752],[4.1614,7.1707],[4.1569,7.164],[4.1389,7.1572],[4.1165,7.146],[4.0963,7.137],[4.0873,7.1325],[4.085,7.1325],[4.0693,7.1325],[4.0581,7.137],[4.0469,7.1393],[4.0266,7.128],[4.0199,7.1235],[4.0132,7.1258],[4.0064,7.128],[3.9974,7.1258],[3.9772,7.1168],[3.966,7.1101],[3.9615,7.0988],[3.9593,7.0921],[3.9525,7.0876],[3.9391,7.0831],[3.9166,7.0831],[3.8896,7.0831],[3.8739,7.0831],[3.8245,7.0831],[3.8155,7.0831],[3.7976,7.0809],[3.7841,7.0809],[3.7594,7.0809],[3.7392,7.0809],[3.7302,7.0809],[3.728,7.0831],[3.7257,7.0876],[3.728,7.0966],[3.7392,7.1033],[3.7527,7.1078],[3.7819,7.1213],[3.7931,7.1325],[3.7953,7.1393],[3.7931,7.1437],[3.7908,7.1527],[3.7863,7.164],[3.7819,7.1729],[3.7774,7.1797],[3.7774,7.1909],[3.7796,7.2021],[3.7684,7.2246],[3.7639,7.2313],[3.7616,7.2381],[3.7616,7.2471],[3.7616,7.2583],[3.7616,7.2673],[3.7616,7.2695],[3.7594,7.274],[3.7594,7.2807],[3.7616,7.292],[3.7639,7.2965],[3.7616,7.301],[3.7594,7.301],[3.7504,7.301],[3.7414,7.301],[3.719,7.301],[3.7145,7.3032],[3.7145,7.3054],[3.7145,7.3077],[3.7145,7.3099],[3.7167,7.3189],[3.7167,7.3279],[3.719,7.3436],[3.719,7.3549],[3.7212,7.3796],[3.7212,7.3818],[3.719,7.3885],[3.7167,7.3908],[3.7145,7.3908],[3.71,7.3908],[3.7077,7.3885],[3.7055,7.393],[3.7055,7.3975],[3.7055,7.4065],[3.7077,7.4379],[3.7077,7.4402],[3.7077,7.4447],[3.7077,7.4469],[3.7033,7.4469],[3.6988,7.4469],[3.692,7.4469],[3.6741,7.4447],[3.6651,7.4447],[3.6471,7.4424],[3.6044,7.4424],[3.591,7.4424],[3.5797,7.4424],[3.555,7.4424],[3.546,7.4402],[3.5416,7.4402],[3.5393,7.4379],[3.5348,7.4312],[3.5326,7.429],[3.5303,7.4245],[3.5191,7.4132],[3.5124,7.4065],[3.5034,7.3998],[3.4922,7.393],[3.4787,7.3885],[3.4742,7.3885],[3.4719,7.3908],[3.4742,7.3975],[3.4764,7.3998],[3.4787,7.4043],[3.4809,7.4065],[3.4832,7.411],[3.4832,7.4177],[3.4719,7.4357],[3.4652,7.4424],[3.4585,7.4492],[3.4607,7.4582],[3.463,7.4604],[3.4652,7.4649],[3.4674,7.4716],[3.4585,7.4784],[3.4562,7.4829],[3.454,7.4896],[3.454,7.4941],[3.445,7.4941],[3.4427,7.4918],[3.4383,7.4896],[3.4315,7.4851],[3.427,7.4806],[3.4203,7.4761],[3.418,7.4739],[3.4113,7.4716],[3.4068,7.4671],[3.4023,7.4649],[3.3956,7.4582],[3.3933,7.4559],[3.3933,7.4537],[3.4001,7.4492],[3.4001,7.4447],[3.3956,7.4402],[3.3933,7.4402],[3.3866,7.4379],[3.3844,7.4357],[3.3821,7.4335],[3.3821,7.4312],[3.3821,7.4267],[3.3821,7.4132],[3.3866,7.4043],[3.3866,7.402],[3.3799,7.393],[3.3686,7.3818],[3.3641,7.3773],[3.3574,7.3706],[3.3507,7.3638],[3.3462,7.3571],[3.3394,7.3436],[3.3349,7.3369],[3.3327,7.3346],[3.3305,7.3279],[3.3282,7.3257],[3.3237,7.3144],[3.3192,7.3144],[3.3102,7.3144],[3.3058,7.3144],[3.2968,7.3189],[3.2923,7.3212],[3.2878,7.3234],[3.2833,7.3346],[3.2631,7.3548],[3.2563,7.3638],[3.2496,7.3683],[3.2294,7.3706],[3.2204,7.3706],[3.2137,7.3706],[3.2069,7.3683],[3.198,7.3683],[3.1822,7.3706],[3.1688,7.3728],[3.162,7.3751],[3.1553,7.3773],[3.1508,7.3818],[3.1485,7.384],[3.1463,7.3885],[3.1441,7.3908],[3.1396,7.3953],[3.1328,7.3998],[3.1238,7.4043],[3.1149,7.4087],[3.1081,7.4155],[3.1036,7.42],[3.0969,7.4312],[3.0947,7.4335],[3.0902,7.4357],[3.0857,7.4379],[3.0812,7.4379],[3.0812,7.4424],[3.0744,7.4514],[3.0744,7.4559],[3.0699,7.4649],[3.0699,7.4716],[3.0699,7.4761],[3.0744,7.4829],[3.0767,7.4873],[3.0767,7.4918],[3.0744,7.4986],[3.0744,7.5031],[3.0655,7.5188],[3.061,7.5255],[3.0587,7.5278],[3.0542,7.5278],[3.0452,7.5345],[3.043,7.539],[3.034,7.5502],[3.0273,7.5525],[3.025,7.5525],[3.0205,7.5525],[3.0138,7.5547],[3.0071,7.5547],[3.0003,7.566],[2.9981,7.5682],[2.9913,7.5772],[2.9869,7.5794],[2.9824,7.5839],[2.9801,7.5862],[2.9779,7.5907],[2.9734,7.6064],[2.9734,7.6109],[2.9734,7.6154],[2.9756,7.6198],[2.9779,7.6221],[2.9824,7.6243],[2.9846,7.6266],[2.9891,7.6311],[2.9913,7.6333],[2.9936,7.6401],[2.9981,7.649],[2.9981,7.6513],[2.9958,7.658],[3.0003,7.667],[3.0026,7.6737],[3.0003,7.676],[2.9958,7.676],[2.9936,7.685],[2.9981,7.6917],[2.9958,7.6985],[3.0026,7.7007],[3.0093,7.6985],[3.0116,7.7007],[3.0116,7.7029],[3.0116,7.7074],[3.0071,7.7097],[3.0071,7.7142],[3.0071,7.7164],[3.0071,7.7187],[3.0093,7.7209],[3.0138,7.7254],[3.016,7.7299],[3.016,7.7366],[3.0183,7.7389],[3.0205,7.7479],[3.0228,7.7523],[3.025,7.7546],[3.025,7.7591],[3.025,7.7636],[3.0205,7.7726],[3.0205,7.7793],[3.0228,7.7883],[3.025,7.7928],[3.0205,7.7995],[3.0183,7.8085],[3.016,7.813],[3.0093,7.8265],[3.0071,7.8287],[3.0048,7.8332],[2.9981,7.8354],[2.9936,7.8444],[2.9936,7.8467],[2.9891,7.8557],[2.9869,7.8601],[2.9824,7.8579],[2.9801,7.8534],[2.9801,7.8489],[2.9779,7.8467],[2.9779,7.8444],[2.9779,7.8422],[2.9779,7.8377],[2.9779,7.8354],[2.9779,7.831],[2.9756,7.8242],[2.9734,7.8152],[2.9711,7.813],[2.9644,7.8018],[2.9622,7.795],[2.9532,7.7793],[2.9509,7.7771],[2.9464,7.7726],[2.9442,7.7703],[2.9262,7.7568],[2.9195,7.7523],[2.915,7.7501],[2.9127,7.7523],[2.9127,7.7568],[2.9127,7.7591],[2.9127,7.7613],[2.9127,7.7636],[2.915,7.7681],[2.915,7.7726],[2.915,7.7748],[2.915,7.7815],[2.915,7.786],[2.9105,7.795],[2.9083,7.7973],[2.9038,7.7995],[2.897,7.8018],[2.8903,7.8062],[2.8836,7.8107],[2.8813,7.813],[2.8791,7.8175],[2.8791,7.8197],[2.8791,7.822],[2.8791,7.8265],[2.8813,7.8422],[2.8836,7.8467],[2.8836,7.8512],[2.8836,7.8557],[2.8813,7.8601],[2.8813,7.8624],[2.8813,7.8646],[2.8836,7.8781],[2.8858,7.8804],[2.8903,7.9006],[2.8948,7.9051],[2.897,7.9073],[2.9105,7.9185],[2.915,7.9208],[2.9195,7.9208],[2.9195,7.923],[2.9172,7.9253],[2.9127,7.9275],[2.9083,7.9275],[2.8993,7.9275],[2.897,7.9253],[2.8925,7.9253],[2.8903,7.9253],[2.8858,7.9253],[2.8791,7.9253],[2.8701,7.9275],[2.8499,7.9298],[2.8454,7.9298],[2.8431,7.9298],[2.8386,7.932],[2.8274,7.9343],[2.8229,7.9365],[2.8207,7.9387],[2.8184,7.9432],[2.8184,7.9455],[2.8139,7.95],[2.8072,7.9522],[2.8049,7.9522],[2.8005,7.9522],[2.796,7.9522],[2.7937,7.9522],[2.7847,7.95],[2.7802,7.9477],[2.778,7.9455],[2.7735,7.932],[2.7713,7.923],[2.769,7.9208],[2.7668,7.9118],[2.7645,7.9073],[2.7623,7.9051],[2.7555,7.9006],[2.7533,7.8983],[2.7511,7.8961],[2.7331,7.8871],[2.7263,7.8804],[2.7219,7.8804],[2.7174,7.8781],[2.7129,7.8781],[2.7061,7.8759],[2.6994,7.8736],[2.6949,7.8714],[2.6927,7.8691],[2.6904,7.8669],[2.6859,7.8669],[2.6904,7.8624]]]}},{"type":"Feature","properties":{"id":"niger","name":"Niger"},"geometry":{"type":"Polygon","coordinates":[[[3.5932,10.2541],[3.5977,10.2429],[3.6134,10.2227],[3.6179,10.2182],[3.6224,10.2137],[3.6291,10.207],[3.6336,10.2025],[3.6404,10.1957],[3.6471,10.189],[3.6561,10.1845],[3.6628,10.1845],[3.6718,10.1845],[3.6785,10.1778],[3.6853,10.171],[3.6875,10.162],[3.692,10.1576],[3.7033,10.1531],[3.7077,10.1441],[3.7077,10.1328],[3.7077,10.1171],[3.7122,10.1081],[3.7145,10.1014],[3.7145,10.0902],[3.7302,10.0677],[3.7369,10.0677],[3.7369,10.0745],[3.7347,10.079],[3.7347,10.0879],[3.7437,10.0834],[3.7459,10.0767],[3.7504,10.0677],[3.7571,10.0632],[3.7616,10.0587],[3.7661,10.0542],[3.7706,10.0475],[3.7729,10.0408],[3.7751,10.034],[3.7841,10.0318],[3.7886,10.034],[3.7886,10.0385],[3.7841,10.0453],[3.7796,10.052],[3.7841,10.0632],[3.7931,10.0632],[3.7976,10.0655],[3.7998,10.0722],[3.8178,10.0677],[3.8223,10.0542],[3.8335,10.0475],[3.8515,10.0542],[3.8649,10.0498],[3.8717,10.043],[3.8829,10.0363],[3.8896,10.0295],[3.9031,10.0183],[3.8896,10.0161],[3.8874,10.0048],[3.8874,9.9891],[3.9099,9.9891],[3.9211,10.0004],[3.9346,10.0004],[3.9503,9.9914],[3.9548,9.9824],[3.9525,9.9779],[3.9413,9.9756],[3.9368,9.9734],[3.9346,9.9712],[3.9346,9.9667],[3.9413,9.9622],[3.9503,9.9622],[3.9593,9.9599],[3.966,9.9577],[3.9705,9.9487],[3.9683,9.942],[3.9593,9.933],[3.9435,9.933],[3.9346,9.9285],[3.9368,9.915],[3.9458,9.9083],[3.9548,9.9083],[3.9683,9.9038],[3.9795,9.906],[3.9817,9.8993],[3.9862,9.8926],[3.9952,9.8993],[4.0019,9.906],[4.0109,9.8993],[4.0132,9.8858],[4.0177,9.8679],[4.0221,9.8566],[4.0266,9.8566],[4.0379,9.8656],[4.0513,9.8634],[4.0581,9.8566],[4.0693,9.8566],[4.0783,9.8544],[4.0805,9.8521],[4.0828,9.8521],[4.0963,9.8679],[4.0963,9.8768],[4.1142,9.8813],[4.1232,9.8746],[4.1232,9.8611],[4.1187,9.8566],[4.1277,9.8521],[4.1412,9.8611],[4.1524,9.8611],[4.1704,9.8207],[4.2063,9.7825],[4.2827,9.6949],[4.35,9.5894],[4.3882,9.5624],[4.4444,9.5108],[4.5005,9.4412],[4.5791,9.3873],[4.6105,9.3626],[4.6173,9.3311],[4.6397,9.3087],[4.6846,9.2929],[4.7138,9.2772],[4.7385,9.2682],[4.7543,9.248],[4.7565,9.2233],[4.752,9.1986],[4.752,9.1806],[4.7655,9.1492],[4.7677,9.1537],[4.7722,9.147],[4.7857,9.1357],[4.8014,9.1357],[4.8104,9.1357],[4.8149,9.1335],[4.8284,9.1335],[4.8486,9.1402],[4.8576,9.1492],[4.871,9.1559],[4.8755,9.1582],[4.8755,9.1604],[4.8868,9.1672],[4.898,9.1694],[4.9115,9.1717],[4.9227,9.1762],[4.9631,9.1941],[4.9721,9.2009],[4.9968,9.2076],[5.017,9.2054],[5.0327,9.1986],[5.0485,9.1874],[5.0642,9.1627],[5.0844,9.1515],[5.1068,9.1357],[5.1316,9.1223],[5.1585,9.1065],[5.172,9.0863],[5.1967,9.0549],[5.2079,9.0347],[5.2259,9.0279],[5.2371,9.019],[5.2551,9.0167],[5.273,9.0145],[5.2865,9.01],[5.2977,9.0032],[5.3067,9.001],[5.3224,8.992],[5.3314,8.9965],[5.3494,8.9987],[5.3696,8.9965],[5.3763,8.9898],[5.3921,8.983],[5.4078,8.9785],[5.4257,8.9785],[5.437,8.9763],[5.446,8.9718],[5.4572,8.9695],[5.4617,8.9628],[5.4662,8.9538],[5.4729,8.9471],[5.4864,8.9448],[5.4976,8.9448],[5.5111,8.9448],[5.5246,8.9404],[5.5403,8.9314],[5.5425,8.9157],[5.5627,8.8999],[5.574,8.8932],[5.6009,8.8775],[5.6054,8.8685],[5.6189,8.8528],[5.6413,8.8348],[5.666,8.8303],[5.6907,8.8281],[5.7132,8.8281],[5.7289,8.8191],[5.7424,8.7989],[5.7604,8.7742],[5.7738,8.754],[5.7963,8.7427],[5.8232,8.7427],[5.8659,8.745],[5.8861,8.7472],[5.9018,8.7495],[5.9288,8.7427],[5.9445,8.7495],[5.9737,8.7562],[5.9782,8.7495],[6.0007,8.7517],[6.0343,8.7584],[6.059,8.7584],[6.0838,8.7607],[6.1152,8.7584],[6.1309,8.7517],[6.1444,8.7293],[6.1489,8.7203],[6.1691,8.7225],[6.1848,8.7293],[6.2028,8.7337],[6.2095,8.7315],[6.2252,8.736],[6.2477,8.7382],[6.2679,8.7382],[6.3016,8.727],[6.324,8.7135],[6.342,8.6978],[6.3577,8.6843],[6.3757,8.6619],[6.3802,8.6484],[6.3847,8.6439],[6.3982,8.6304],[6.4049,8.6125],[6.4071,8.6035],[6.4139,8.581],[6.4251,8.5496],[6.4318,8.5182],[6.4386,8.4934],[6.4498,8.4598],[6.4521,8.4485],[6.4813,8.4261],[6.5037,8.4126],[6.5127,8.3991],[6.5284,8.3767],[6.5509,8.3699],[6.5621,8.3542],[6.5711,8.343],[6.5801,8.3318],[6.589,8.325],[6.598,8.325],[6.6093,8.3138],[6.6138,8.3003],[6.6272,8.2868],[6.6317,8.2756],[6.6407,8.2554],[6.6587,8.2352],[6.6654,8.2262],[6.6721,8.2195],[6.6834,8.2127],[6.6879,8.2015],[6.6901,8.1858],[6.6924,8.1835],[6.6991,8.188],[6.7126,8.2015],[6.7148,8.2284],[6.7171,8.2442],[6.7238,8.2487],[6.7215,8.2599],[6.7193,8.2756],[6.7305,8.2846],[6.744,8.2644],[6.7485,8.2644],[6.7552,8.2689],[6.762,8.2734],[6.7642,8.2823],[6.762,8.2936],[6.7485,8.3003],[6.7507,8.3048],[6.7597,8.3048],[6.7665,8.3093],[6.7687,8.3183],[6.771,8.3318],[6.7732,8.3362],[6.7799,8.3318],[6.7912,8.3318],[6.8069,8.343],[6.8136,8.3565],[6.8226,8.3677],[6.8271,8.3744],[6.8271,8.3789],[6.8316,8.3857],[6.8361,8.3924],[6.8383,8.3969],[6.8338,8.4014],[6.8249,8.4036],[6.8316,8.4171],[6.8316,8.4261],[6.8249,8.4328],[6.8271,8.4575],[6.7777,8.4575],[6.7844,8.992],[6.7867,9.1559],[6.7889,9.2705],[7.0157,9.2682],[7.0292,9.257],[7.1685,9.1537],[7.2201,9.1133],[7.2336,9.1335],[7.2493,9.1559],[7.3885,9.3491],[7.3773,9.3626],[7.3593,9.367],[7.3459,9.3648],[7.3436,9.3626],[7.3279,9.3648],[7.3212,9.367],[7.3144,9.3648],[7.3077,9.3626],[7.2987,9.3581],[7.283,9.3513],[7.2807,9.3513],[7.2695,9.3491],[7.2673,9.3513],[7.265,9.3536],[7.2605,9.3558],[7.2583,9.3603],[7.2538,9.3626],[7.256,9.3648],[7.256,9.376],[7.2583,9.3805],[7.2695,9.3918],[7.283,9.403],[7.2852,9.4052],[7.2897,9.4097],[7.2897,9.412],[7.2897,9.4254],[7.274,9.4412],[7.2583,9.4412],[7.2471,9.4389],[7.2403,9.4367],[7.2381,9.4367],[7.2268,9.4434],[7.2224,9.4479],[7.2224,9.4524],[7.2246,9.4614],[7.2224,9.4681],[7.2201,9.4704],[7.2179,9.4748],[7.2156,9.4816],[7.2134,9.4861],[7.2134,9.4883],[7.2134,9.4928],[7.2111,9.5018],[7.2156,9.504],[7.2201,9.4951],[7.2268,9.4951],[7.2336,9.5085],[7.2381,9.5175],[7.2471,9.522],[7.2538,9.5243],[7.2605,9.5265],[7.2628,9.5287],[7.2673,9.5355],[7.283,9.5512],[7.2875,9.5557],[7.292,9.5714],[7.2942,9.5849],[7.3099,9.5939],[7.3144,9.5961],[7.3212,9.5984],[7.3301,9.6006],[7.3369,9.6029],[7.3459,9.6096],[7.3481,9.6208],[7.3436,9.632],[7.3279,9.65],[7.3167,9.659],[7.3144,9.6635],[7.3122,9.668],[7.2987,9.677],[7.2897,9.6815],[7.283,9.6837],[7.283,9.6927],[7.283,9.6949],[7.2875,9.7017],[7.2897,9.7062],[7.2852,9.7129],[7.2807,9.7241],[7.2718,9.7331],[7.2695,9.7331],[7.2448,9.7331],[7.2246,9.7398],[7.2156,9.7488],[7.2044,9.7578],[7.2066,9.7668],[7.2111,9.7803],[7.2201,9.787],[7.2246,9.787],[7.2313,9.7915],[7.2515,9.7937],[7.256,9.7892],[7.2605,9.787],[7.2673,9.7825],[7.274,9.7825],[7.2852,9.7892],[7.292,9.8005],[7.292,9.8117],[7.292,9.8229],[7.292,9.8297],[7.2897,9.8409],[7.292,9.8521],[7.2942,9.8521],[7.2987,9.8566],[7.301,9.8634],[7.2965,9.8701],[7.2965,9.8723],[7.2965,9.8791],[7.2965,9.8881],[7.2987,9.8993],[7.2942,9.9083],[7.2875,9.924],[7.2875,9.9262],[7.2852,9.933],[7.2852,9.9352],[7.2852,9.942],[7.2852,9.9509],[7.2852,9.9577],[7.283,9.9599],[7.2807,9.9644],[7.2807,9.9734],[7.2807,9.9846],[7.2807,9.9891],[7.2807,9.9936],[7.2807,10.0004],[7.2785,10.0161],[7.274,10.0228],[7.2695,10.0273],[7.2583,10.0363],[7.2538,10.0385],[7.2403,10.0408],[7.2291,10.0385],[7.2134,10.0408],[7.2066,10.0408],[7.1999,10.034],[7.1932,10.0295],[7.1887,10.0273],[7.1797,10.0273],[7.1662,10.034],[7.1505,10.034],[7.1393,10.0363],[7.1258,10.034],[7.1235,10.0295],[7.1123,10.0273],[7.1056,10.0273],[7.1011,10.0295],[7.0854,10.0363],[7.0651,10.043],[7.0337,10.0453],[7.018,10.0385],[7.0068,10.0453],[6.9843,10.0453],[6.9618,10.0475],[6.9529,10.0475],[6.9394,10.061],[6.9259,10.0677],[6.9147,10.079],[6.9057,10.079],[6.9035,10.079],[6.9012,10.0767],[6.8922,10.0924],[6.881,10.1171],[6.8855,10.1508],[6.8877,10.1531],[6.8945,10.1576],[6.9035,10.1688],[6.9057,10.171],[6.9102,10.18],[6.9147,10.189],[6.9214,10.1912],[6.9282,10.1867],[6.9282,10.18],[6.9371,10.18],[6.9394,10.18],[6.9416,10.18],[6.9551,10.1912],[6.9596,10.2025],[6.9663,10.2227],[6.9708,10.2317],[6.9821,10.2429],[6.9843,10.2406],[6.991,10.2406],[7.009,10.2474],[7.0202,10.2743],[7.0315,10.2878],[7.0404,10.2901],[7.0449,10.2923],[7.0494,10.3013],[7.0517,10.317],[7.0472,10.3215],[7.0337,10.344],[7.0247,10.3507],[7.0202,10.3529],[7.0023,10.3574],[7.0,10.3574],[6.9888,10.3597],[6.9776,10.3642],[6.9641,10.3619],[6.9618,10.3619],[6.9506,10.3619],[6.9484,10.3597],[6.9349,10.3619],[6.9304,10.3664],[6.9259,10.3709],[6.9237,10.3821],[6.9282,10.4023],[6.9394,10.4338],[6.9461,10.4495],[6.9484,10.454],[6.9506,10.4562],[6.9551,10.463],[6.9529,10.4832],[6.9484,10.4922],[6.9349,10.5012],[6.9282,10.5124],[6.9282,10.5169],[6.9192,10.5303],[6.9147,10.5371],[6.9124,10.5371],[6.9057,10.5416],[6.9012,10.5416],[6.89,10.5461],[6.881,10.5506],[6.8698,10.5551],[6.863,10.5528],[6.8608,10.5506],[6.8563,10.5371],[6.8496,10.5303],[6.8451,10.5281],[6.8406,10.5326],[6.8361,10.5371],[6.8406,10.5483],[6.8406,10.5573],[6.8406,10.5663],[6.8428,10.573],[6.8383,10.5842],[6.8361,10.5955],[6.8293,10.6045],[6.8293,10.6112],[6.8293,10.6157],[6.8293,10.6247],[6.8159,10.6381],[6.8136,10.6381],[6.8024,10.6426],[6.8001,10.6426],[6.7957,10.6404],[6.7844,10.6381],[6.7822,10.6404],[6.7754,10.6404],[6.7665,10.6426],[6.7597,10.6449],[6.7507,10.6471],[6.744,10.6471],[6.7283,10.6494],[6.726,10.6471],[6.7215,10.6449],[6.7171,10.6404],[6.7148,10.6381],[6.7148,10.6337],[6.7193,10.6247],[6.726,10.6134],[6.7305,10.6022],[6.7305,10.5977],[6.726,10.5887],[6.7103,10.5865],[6.7013,10.5887],[6.6856,10.591],[6.6676,10.591],[6.6474,10.5932],[6.625,10.5865],[6.5868,10.573],[6.5823,10.5708],[6.5823,10.5685],[6.5778,10.5618],[6.5688,10.5551],[6.5554,10.5461],[6.5509,10.5461],[6.5486,10.5461],[6.5396,10.5461],[6.5329,10.5528],[6.5262,10.564],[6.5217,10.573],[6.5217,10.582],[6.5217,10.5842],[6.5239,10.5955],[6.5194,10.6],[6.5149,10.6045],[6.506,10.609],[6.5037,10.6112],[6.4947,10.6134],[6.4813,10.6112],[6.479,10.609],[6.47,10.6022],[6.4498,10.5955],[6.4386,10.5932],[6.4296,10.5865],[6.4274,10.5842],[6.4184,10.5775],[6.4026,10.573],[6.3959,10.573],[6.3959,10.5685],[6.3892,10.5551],[6.3869,10.5528],[6.3735,10.5371],[6.369,10.5326],[6.3645,10.5303],[6.3443,10.5169],[6.3263,10.5056],[6.3061,10.4899],[6.3038,10.4809],[6.2993,10.4742],[6.2993,10.4697],[6.2859,10.463],[6.2836,10.463],[6.2769,10.4607],[6.2634,10.4562],[6.2544,10.4428],[6.2522,10.4338],[6.2499,10.4248],[6.2499,10.4226],[6.241,10.4226],[6.2387,10.4203],[6.2297,10.4181],[6.2275,10.4091],[6.2163,10.3956],[6.214,10.3934],[6.2005,10.3866],[6.1915,10.3866],[6.1691,10.3844],[6.1579,10.4001],[6.1534,10.4091],[6.1534,10.4226],[6.1511,10.436],[6.1511,10.4428],[6.1489,10.4495],[6.1466,10.4517],[6.1399,10.4585],[6.1332,10.463],[6.1287,10.463],[6.1174,10.4607],[6.1129,10.4585],[6.104,10.4562],[6.0995,10.463],[6.0972,10.4697],[6.095,10.4742],[6.0905,10.4765],[6.0905,10.4809],[6.086,10.5146],[6.0905,10.5236],[6.0905,10.5371],[6.0927,10.5461],[6.0995,10.5461],[6.1085,10.5461],[6.1152,10.5483],[6.1219,10.5528],[6.1264,10.5685],[6.1287,10.5798],[6.1264,10.5932],[6.1152,10.6],[6.1129,10.6045],[6.1129,10.6134],[6.1197,10.6269],[6.1219,10.6359],[6.1242,10.6426],[6.1242,10.6471],[6.1332,10.6606],[6.1377,10.6696],[6.1354,10.6786],[6.1332,10.6786],[6.1197,10.6831],[6.1129,10.6898],[6.1107,10.6943],[6.104,10.6988],[6.095,10.6988],[6.0905,10.701],[6.0905,10.7078],[6.0972,10.7145],[6.1062,10.7257],[6.1107,10.737],[6.1107,10.7459],[6.1085,10.7527],[6.1017,10.7639],[6.0995,10.7706],[6.1017,10.7751],[6.104,10.7796],[6.1062,10.7841],[6.1107,10.7976],[6.1107,10.8021],[6.1107,10.8043],[6.1085,10.8088],[6.1085,10.8133],[6.1152,10.8133],[6.1219,10.8133],[6.1287,10.8223],[6.1309,10.8245],[6.1309,10.829],[6.1264,10.8335],[6.1219,10.8358],[6.1197,10.838],[6.1219,10.8448],[6.1377,10.8515],[6.1444,10.8537],[6.1489,10.8537],[6.1556,10.856],[6.1579,10.8627],[6.1624,10.8672],[6.1624,10.8695],[6.1646,10.8739],[6.1646,10.8807],[6.1646,10.8897],[6.1601,10.9031],[6.1601,10.9099],[6.1601,10.9166],[6.1601,10.9256],[6.1534,10.9301],[6.1489,10.9391],[6.1489,10.9503],[6.1466,10.957],[6.1399,10.9638],[6.1354,10.9728],[6.1309,10.9795],[6.1197,10.9952],[6.1152,11.002],[6.1062,11.0087],[6.095,11.0132],[6.077,11.0244],[6.0658,11.0312],[6.0523,11.0424],[6.0456,11.0536],[6.0388,11.0671],[6.0321,11.0761],[6.0254,11.1008],[6.0254,11.1142],[6.0209,11.1255],[6.0164,11.1389],[6.0052,11.1412],[5.9939,11.1457],[5.9849,11.1434],[5.9737,11.1367],[5.9602,11.1187],[5.9513,11.1075],[5.9445,11.1008],[5.9355,11.0895],[5.9265,11.0761],[5.9221,11.0716],[5.9108,11.0648],[5.8929,11.0626],[5.8749,11.0603],[5.8637,11.0581],[5.8457,11.0559],[5.8322,11.0559],[5.821,11.0536],[5.8075,11.0469],[5.8053,11.0446],[5.7963,11.0446],[5.7806,11.0356],[5.7649,11.0289],[5.7559,11.0177],[5.7424,11.0042],[5.7222,10.9952],[5.7042,10.9907],[5.6907,10.9817],[5.6795,10.975],[5.6638,10.9728],[5.6571,10.966],[5.6368,10.9615],[5.6234,10.9615],[5.6099,10.966],[5.5897,10.9638],[5.574,10.966],[5.5627,10.9638],[5.5335,10.9615],[5.5268,10.9615],[5.5156,10.9615],[5.4931,10.9593],[5.4729,10.957],[5.4662,10.9548],[5.4594,10.9526],[5.4527,10.957],[5.4437,10.9728],[5.4415,10.9862],[5.4392,10.9975],[5.437,11.0064],[5.4302,11.0177],[5.4302,11.0199],[5.428,11.0401],[5.4302,11.0603],[5.4325,11.0761],[5.4392,11.0963],[5.4415,11.1053],[5.4437,11.1255],[5.4415,11.1389],[5.428,11.1592],[5.4213,11.1659],[5.4078,11.1704],[5.3943,11.1794],[5.3808,11.1861],[5.3741,11.1928],[5.3696,11.2063],[5.3584,11.2265],[5.3584,11.2333],[5.3561,11.249],[5.3539,11.258],[5.3539,11.2714],[5.3539,11.2759],[5.3516,11.2962],[5.3449,11.3164],[5.3382,11.3276],[5.3382,11.3321],[5.3359,11.3411],[5.3359,11.3478],[5.3337,11.3568],[5.3292,11.3635],[5.3179,11.368],[5.3067,11.368],[5.2955,11.368],[5.2798,11.3635],[5.2663,11.359],[5.2596,11.3568],[5.2483,11.3456],[5.2393,11.3433],[5.2281,11.3321],[5.2259,11.3253],[5.2281,11.3096],[5.2326,11.2962],[5.2393,11.2894],[5.2393,11.2804],[5.2393,11.2714],[5.2371,11.2625],[5.2326,11.2602],[5.2281,11.2602],[5.2236,11.2625],[5.2214,11.2647],[5.2191,11.2692],[5.2169,11.2737],[5.2169,11.2804],[5.2169,11.2849],[5.2169,11.2894],[5.2169,11.2939],[5.2169,11.2984],[5.2102,11.3231],[5.2034,11.3298],[5.1854,11.3388],[5.1765,11.3411],[5.163,11.3433],[5.154,11.3456],[5.1518,11.3478],[5.1405,11.3523],[5.1338,11.3523],[5.1181,11.3545],[5.1046,11.3523],[5.1001,11.3456],[5.1001,11.3388],[5.1024,11.3298],[5.1046,11.3231],[5.1068,11.3141],[5.1068,11.3006],[5.1001,11.2804],[5.0889,11.2647],[5.0799,11.2557],[5.0709,11.2378],[5.0709,11.231],[5.0709,11.2265],[5.0664,11.2175],[5.0619,11.2086],[5.0574,11.2041],[5.053,11.2063],[5.0485,11.2108],[5.0485,11.2198],[5.0485,11.2288],[5.053,11.231],[5.0619,11.2445],[5.0642,11.2535],[5.0619,11.2625],[5.0574,11.2714],[5.053,11.2737],[5.0462,11.2737],[5.0417,11.2714],[5.035,11.2647],[5.0327,11.2602],[5.026,11.2557],[5.017,11.2512],[5.0125,11.2512],[5.0058,11.258],[5.0058,11.2625],[5.008,11.267],[5.0103,11.2714],[5.0103,11.2737],[5.008,11.2804],[5.0013,11.2827],[4.9901,11.2872],[4.9878,11.2917],[4.9856,11.3051],[4.9811,11.3186],[4.9766,11.3298],[4.9721,11.3388],[4.9721,11.3478],[4.9699,11.3523],[4.9654,11.3613],[4.9586,11.3703],[4.9519,11.3703],[4.9474,11.3635],[4.9429,11.3568],[4.9339,11.3545],[4.9294,11.3568],[4.9227,11.3635],[4.9182,11.3703],[4.9047,11.3725],[4.8913,11.3703],[4.88,11.3613],[4.871,11.3523],[4.8643,11.35],[4.8486,11.3433],[4.8374,11.3366],[4.8261,11.3366],[4.8194,11.3298],[4.8059,11.3209],[4.7835,11.3119],[4.7655,11.3051],[4.7677,11.3029],[4.7632,11.2939],[4.7655,11.2827],[4.7655,11.2759],[4.752,11.2602],[4.7363,11.249],[4.7026,11.2288],[4.6981,11.222],[4.7004,11.2041],[4.7026,11.1928],[4.7093,11.1794],[4.7206,11.1771],[4.7453,11.1479],[4.7565,11.1434],[4.7655,11.1367],[4.779,11.1322],[4.7857,11.1232],[4.788,11.1187],[4.8037,11.1142],[4.8149,11.1165],[4.8171,11.1187],[4.8396,11.1142],[4.8508,11.1075],[4.8598,11.103],[4.8643,11.1008],[4.8755,11.0918],[4.898,11.0873],[4.9092,11.0828],[4.9339,11.0851],[4.9609,11.0828],[4.9788,11.0806],[4.9923,11.0693],[4.9901,11.0603],[4.9968,11.0536],[5.0103,11.0514],[5.0215,11.0536],[5.035,11.0514],[5.0417,11.0514],[5.0462,11.0424],[5.0619,11.0132],[5.0687,10.9907],[5.0821,10.9503],[5.0821,10.9278],[5.0754,10.9144],[5.0552,10.9054],[5.035,10.8987],[5.026,10.8897],[5.026,10.8717],[5.0282,10.8582],[5.0395,10.8358],[5.0462,10.8245],[5.0597,10.8201],[5.0844,10.8178],[5.1001,10.8088],[5.1091,10.7953],[5.1068,10.7864],[5.1024,10.7729],[5.1001,10.7594],[5.0979,10.7617],[5.0799,10.7549],[5.0754,10.7482],[5.0642,10.7482],[5.0574,10.7392],[5.0507,10.737],[5.0395,10.737],[5.0305,10.7437],[5.026,10.7482],[5.0193,10.7459],[5.0125,10.7414],[5.008,10.7347],[5.008,10.7212],[4.9946,10.719],[4.9788,10.7167],[4.9766,10.7145],[4.9743,10.71],[4.9654,10.7078],[4.9564,10.7055],[4.9474,10.701],[4.9474,10.6943],[4.9407,10.6876],[4.9317,10.6876],[4.9227,10.6943],[4.916,10.6876],[4.9092,10.6876],[4.8935,10.6943],[4.8913,10.701],[4.8823,10.7033],[4.8688,10.701],[4.8621,10.7078],[4.8463,10.7055],[4.8441,10.6988],[4.8374,10.701],[4.8306,10.7033],[4.8149,10.7055],[4.8104,10.6988],[4.8059,10.692],[4.8149,10.6741],[4.8127,10.6628],[4.8037,10.6516],[4.7969,10.6292],[4.8014,10.6134],[4.8149,10.6045],[4.8239,10.5955],[4.8284,10.5708],[4.8216,10.5595],[4.8194,10.5371],[4.8194,10.5214],[4.8194,10.5079],[4.8261,10.4944],[4.8329,10.4877],[4.8441,10.4787],[4.8531,10.4607],[4.8531,10.445],[4.8463,10.4203],[4.8441,10.3889],[4.8396,10.3664],[4.8351,10.3327],[4.8284,10.3148],[4.8149,10.3058],[4.8037,10.2968],[4.7767,10.2945],[4.7498,10.3058],[4.7318,10.3148],[4.7138,10.3103],[4.7049,10.3013],[4.7026,10.2945],[4.7026,10.2721],[4.7049,10.2519],[4.6959,10.2406],[4.6779,10.2294],[4.6689,10.2272],[4.6712,10.2115],[4.6779,10.198],[4.6936,10.18],[4.7049,10.1733],[4.7138,10.162],[4.7138,10.1576],[4.7116,10.1306],[4.7004,10.1194],[4.6891,10.1149],[4.6689,10.1126],[4.6442,10.1216],[4.6352,10.1284],[4.6105,10.1351],[4.5791,10.1328],[4.5387,10.1171],[4.5274,10.1149],[4.5274,10.1441],[4.5521,10.1957],[4.5679,10.2227],[4.5679,10.2451],[4.5656,10.2564],[4.5589,10.2676],[4.5409,10.2878],[4.5185,10.299],[4.4915,10.3148],[4.4825,10.3282],[4.4848,10.3417],[4.487,10.3687],[4.4803,10.4203],[4.4848,10.4697],[4.4982,10.5169],[4.5095,10.5348],[4.5252,10.5416],[4.5477,10.5506],[4.5858,10.564],[4.606,10.5753],[4.6285,10.5932],[4.6622,10.6202],[4.6891,10.6426],[4.6981,10.6673],[4.7004,10.6943],[4.7004,10.7055],[4.7071,10.7414],[4.7138,10.7706],[4.7206,10.8156],[4.7385,10.8515],[4.743,10.8739],[4.7318,10.8964],[4.7161,10.9166],[4.7071,10.9189],[4.6936,10.9346],[4.6891,10.9458],[4.6824,10.9526],[4.6644,10.957],[4.6577,10.9548],[4.6465,10.9413],[4.6375,10.9278],[4.6263,10.9144],[4.6016,10.9121],[4.5881,10.9054],[4.5679,10.9076],[4.5544,10.9144],[4.5409,10.9189],[4.523,10.9166],[4.4915,10.9099],[4.4713,10.9031],[4.4646,10.9009],[4.4421,10.8987],[4.4196,10.8942],[4.3972,10.8964],[4.3792,10.9009],[4.3702,10.9009],[4.3568,10.9099],[4.3478,10.9121],[4.3433,10.9121],[4.341,10.9166],[4.3186,10.9144],[4.3096,10.9211],[4.2871,10.9278],[4.2849,10.9368],[4.2849,10.9526],[4.2871,10.9795],[4.2782,10.9862],[4.2624,10.9817],[4.2557,10.9862],[4.24,11.0064],[4.2265,11.0177],[4.213,11.0312],[4.1861,11.0334],[4.1681,11.0244],[4.1322,11.0244],[4.1007,11.0267],[4.0693,11.0222],[3.993,11.0177],[3.9368,11.0356],[3.8919,11.0536],[3.8358,11.0873],[3.8178,11.0985],[3.7931,11.112],[3.7527,11.1277],[3.7257,11.1277],[3.7257,11.1255],[3.7257,11.1232],[3.728,11.1187],[3.7257,11.112],[3.7235,11.1053],[3.7235,11.0985],[3.7212,11.0918],[3.719,11.0873],[3.7212,11.0738],[3.7235,11.0671],[3.7235,11.0626],[3.7235,11.0581],[3.7212,11.0424],[3.719,11.0379],[3.7167,11.0356],[3.7167,11.0289],[3.7167,11.0244],[3.719,11.0222],[3.7235,11.0222],[3.7257,11.0222],[3.7302,11.0222],[3.7369,11.0199],[3.7437,11.0154],[3.7527,11.0109],[3.7549,11.0042],[3.7594,10.9975],[3.7616,10.9907],[3.7616,10.9817],[3.7639,10.9728],[3.7661,10.9638],[3.7661,10.957],[3.7684,10.9436],[3.7706,10.9391],[3.7706,10.9368],[3.7706,10.9301],[3.7706,10.9189],[3.7684,10.9009],[3.7684,10.8987],[3.7684,10.8942],[3.7639,10.8807],[3.7616,10.8739],[3.7571,10.865],[3.7549,10.856],[3.7527,10.8492],[3.7504,10.8448],[3.7482,10.838],[3.7504,10.8245],[3.7527,10.8156],[3.7571,10.8088],[3.7616,10.8021],[3.7639,10.7953],[3.7684,10.7909],[3.7729,10.7841],[3.7751,10.7796],[3.7774,10.7729],[3.7796,10.7662],[3.7819,10.7617],[3.7841,10.7549],[3.7976,10.7347],[3.8133,10.7235],[3.82,10.719],[3.8268,10.7167],[3.8335,10.7123],[3.838,10.7078],[3.8402,10.7055],[3.8425,10.6988],[3.8447,10.692],[3.8447,10.6853],[3.8447,10.6786],[3.8447,10.6718],[3.847,10.6673],[3.8492,10.6606],[3.8492,10.6516],[3.8492,10.6471],[3.8492,10.6449],[3.8492,10.6359],[3.8492,10.6292],[3.8515,10.6202],[3.8515,10.6067],[3.8515,10.6],[3.8492,10.5887],[3.8425,10.582],[3.838,10.5753],[3.8313,10.5685],[3.829,10.5618],[3.8268,10.5551],[3.8223,10.5461],[3.82,10.5393],[3.8178,10.5348],[3.8155,10.5281],[3.811,10.5191],[3.8088,10.5124],[3.8066,10.5034],[3.8043,10.4967],[3.8021,10.4922],[3.8021,10.4854],[3.8021,10.4765],[3.8021,10.4697],[3.8021,10.463],[3.8021,10.4562],[3.7998,10.4428],[3.7863,10.4046],[3.7751,10.4113],[3.7706,10.4158],[3.7684,10.4158],[3.7616,10.4181],[3.7549,10.4226],[3.7504,10.4248],[3.7437,10.427],[3.7369,10.4315],[3.7302,10.4338],[3.7235,10.4383],[3.7167,10.4428],[3.71,10.4473],[3.7033,10.4495],[3.6943,10.454],[3.6875,10.4562],[3.683,10.454],[3.6808,10.4517],[3.6651,10.4428],[3.6583,10.4405],[3.6516,10.4383],[3.6471,10.436],[3.6426,10.4315],[3.6381,10.427],[3.6336,10.4226],[3.6314,10.4181],[3.6336,10.4136],[3.6336,10.4068],[3.6336,10.3978],[3.6336,10.3911],[3.6291,10.3821],[3.6291,10.3776],[3.6269,10.3731],[3.6224,10.3687],[3.6179,10.3619],[3.6134,10.3552],[3.6112,10.3484],[3.6089,10.3417],[3.6067,10.335],[3.6022,10.3282],[3.5999,10.3192],[3.5977,10.3103],[3.5932,10.3035],[3.591,10.2945],[3.5865,10.2856],[3.5842,10.2788],[3.5842,10.2743],[3.5932,10.2541]]]}},{"type":"Feature","properties":{"id":"kano","name":"Kano"},"geometry":{"type":"Polygon","coordinates":[[[7.6895,11.4736],[7.6917,11.4668],[7.6985,11.4466],[7.6985,11.4444],[7.6985,11.4399],[7.7097,11.4264],[7.7119,11.4197],[7.7276,11.3995],[7.7366,11.386],[7.7523,11.377],[7.7703,11.3748],[7.7771,11.3725],[7.7793,11.3748],[7.7838,11.377],[7.795,11.377],[7.8175,11.377],[7.8242,11.3792],[7.8332,11.377],[7.8399,11.377],[7.8489,11.377],[7.8512,11.377],[7.8557,11.377],[7.8646,11.3792],[7.8669,11.3815],[7.8714,11.386],[7.8759,11.3927],[7.8826,11.3972],[7.8871,11.4017],[7.8983,11.4084],[7.9073,11.4174],[7.9208,11.4264],[7.9298,11.4331],[7.9365,11.4421],[7.9522,11.4511],[7.9657,11.4578],[7.9724,11.4601],[7.9837,11.4691],[7.9904,11.4691],[7.9971,11.4713],[8.0084,11.4781],[8.0331,11.4848],[8.0376,11.4848],[8.0465,11.4803],[8.0533,11.4803],[8.0645,11.4825],[8.0757,11.487],[8.0892,11.4938],[8.0959,11.5005],[8.1049,11.505],[8.1139,11.5095],[8.1229,11.5117],[8.1319,11.5117],[8.1364,11.5095],[8.1566,11.4983],[8.1611,11.4938],[8.1656,11.487],[8.1656,11.4781],[8.1656,11.4691],[8.1678,11.4601],[8.1656,11.4511],[8.1566,11.4376],[8.1476,11.4264],[8.1431,11.4197],[8.1364,11.4084],[8.1319,11.4017],[8.1319,11.3927],[8.1319,11.386],[8.1364,11.377],[8.1431,11.3703],[8.1543,11.3613],[8.1588,11.359],[8.1633,11.3545],[8.1746,11.3478],[8.188,11.3411],[8.1925,11.3343],[8.2015,11.3231],[8.215,11.3119],[8.2195,11.3096],[8.2307,11.3119],[8.2419,11.3141],[8.2576,11.3164],[8.2666,11.3119],[8.2734,11.3074],[8.2756,11.3029],[8.2756,11.3006],[8.2734,11.2939],[8.2734,11.2782],[8.2756,11.2714],[8.2823,11.267],[8.2891,11.2625],[8.2936,11.2557],[8.3026,11.24],[8.3071,11.2333],[8.3205,11.2175],[8.3295,11.2131],[8.3385,11.2131],[8.3452,11.2153],[8.3587,11.222],[8.3654,11.2198],[8.3744,11.2198],[8.3834,11.2243],[8.3901,11.2265],[8.3991,11.2288],[8.4148,11.231],[8.4351,11.2198],[8.4418,11.2131],[8.4508,11.2041],[8.4598,11.1951],[8.471,11.1884],[8.4755,11.1749],[8.4822,11.1637],[8.489,11.1592],[8.5069,11.1524],[8.5137,11.1524],[8.5159,11.1502],[8.5204,11.1457],[8.5249,11.1389],[8.5249,11.1277],[8.5271,11.1165],[8.5361,11.103],[8.5429,11.094],[8.5586,11.0873],[8.5653,11.0851],[8.581,11.0783],[8.5923,11.0693],[8.5968,11.0603],[8.599,11.0222],[8.599,11.002],[8.599,10.993],[8.5968,10.9885],[8.5945,10.9817],[8.5855,10.957],[8.581,10.9413],[8.5765,10.9368],[8.5743,10.9301],[8.572,10.9211],[8.5698,10.9166],[8.5676,10.9076],[8.5698,10.8942],[8.5676,10.8784],[8.5676,10.8717],[8.5698,10.8627],[8.572,10.8537],[8.5743,10.8335],[8.5743,10.8245],[8.5743,10.8111],[8.5743,10.8021],[8.5765,10.7909],[8.5765,10.7706],[8.581,10.7392],[8.5855,10.728],[8.5878,10.719],[8.5878,10.7145],[8.5765,10.7123],[8.5608,10.71],[8.5563,10.7078],[8.5496,10.71],[8.5406,10.7123],[8.5339,10.7123],[8.5271,10.7123],[8.5182,10.7055],[8.5204,10.7033],[8.5114,10.6965],[8.5092,10.6943],[8.5114,10.6718],[8.5159,10.6539],[8.5249,10.6404],[8.5361,10.6337],[8.5473,10.6314],[8.5541,10.6292],[8.5631,10.6269],[8.5765,10.6314],[8.5833,10.6314],[8.5878,10.6337],[8.5968,10.6381],[8.6012,10.6449],[8.608,10.6471],[8.6125,10.6494],[8.6282,10.6471],[8.6394,10.6426],[8.6462,10.6404],[8.6529,10.6359],[8.6574,10.6314],[8.6596,10.6247],[8.6619,10.6134],[8.6641,10.6067],[8.6731,10.5977],[8.6754,10.591],[8.6776,10.5842],[8.6821,10.5753],[8.6866,10.5708],[8.6888,10.5663],[8.7001,10.5595],[8.718,10.5528],[8.7293,10.5506],[8.736,10.5483],[8.7495,10.5483],[8.7562,10.5506],[8.7607,10.5551],[8.7652,10.5573],[8.7674,10.5618],[8.7742,10.5663],[8.7787,10.5618],[8.7921,10.573],[8.8011,10.582],[8.8168,10.6045],[8.8213,10.6134],[8.8303,10.6314],[8.8348,10.6404],[8.8393,10.6516],[8.8415,10.6561],[8.846,10.6673],[8.8483,10.6763],[8.8528,10.6853],[8.855,10.6965],[8.855,10.7078],[8.8505,10.719],[8.846,10.7235],[8.837,10.7347],[8.8348,10.7437],[8.8326,10.7527],[8.8281,10.7572],[8.8213,10.7684],[8.8079,10.7796],[8.7966,10.7864],[8.7921,10.7909],[8.7899,10.7931],[8.7854,10.7976],[8.7787,10.8088],[8.7697,10.829],[8.7674,10.838],[8.7652,10.8605],[8.7652,10.865],[8.7674,10.8739],[8.7697,10.8852],[8.7719,10.8964],[8.7719,10.9031],[8.7764,10.9121],[8.7809,10.9189],[8.7854,10.9278],[8.7876,10.9368],[8.7876,10.9413],[8.7899,10.9481],[8.7876,10.9548],[8.7876,10.9638],[8.7832,10.975],[8.7809,10.9862],[8.7787,11.0042],[8.7787,11.0109],[8.7809,11.0222],[8.7832,11.0379],[8.7876,11.0491],[8.7921,11.0603],[8.7966,11.0671],[8.8011,11.0783],[8.8056,11.0851],[8.8101,11.0895],[8.8168,11.0963],[8.8213,11.0985],[8.8236,11.0985],[8.8281,11.1008],[8.837,11.0985],[8.8438,11.0963],[8.8573,11.0918],[8.8662,11.0895],[8.8752,11.0895],[8.8842,11.0963],[8.8887,11.0985],[8.8954,11.1008],[8.9067,11.112],[8.9089,11.1165],[8.9157,11.1277],[8.9201,11.1322],[8.9246,11.1367],[8.9269,11.1412],[8.9314,11.1502],[8.9404,11.1614],[8.9471,11.1726],[8.9561,11.1771],[8.9628,11.1839],[8.9695,11.1884],[8.9763,11.1906],[8.983,11.1951],[8.9943,11.2086],[9.0032,11.2153],[9.0122,11.2243],[9.0145,11.2288],[9.0212,11.2378],[9.0234,11.24],[9.0234,11.2445],[9.0324,11.2557],[9.0459,11.2647],[9.0549,11.2714],[9.0684,11.2804],[9.0773,11.2849],[9.0908,11.2894],[9.0976,11.2917],[9.1043,11.2962],[9.1065,11.2984],[9.1088,11.3029],[9.111,11.3051],[9.12,11.3096],[9.1268,11.3141],[9.1335,11.3186],[9.1425,11.3276],[9.1425,11.3321],[9.1447,11.3298],[9.1492,11.3276],[9.1559,11.3298],[9.1604,11.3321],[9.1941,11.35],[9.1941,11.3545],[9.1941,11.359],[9.1941,11.3613],[9.1919,11.3658],[9.1919,11.368],[9.1941,11.3748],[9.1964,11.3815],[9.1964,11.386],[9.1986,11.3905],[9.2031,11.3995],[9.2098,11.4084],[9.2121,11.4152],[9.2166,11.4264],[9.2188,11.4376],[9.2211,11.4466],[9.2233,11.4534],[9.2233,11.4578],[9.2233,11.4623],[9.2233,11.4691],[9.2233,11.4713],[9.2256,11.4736],[9.2278,11.4758],[9.2345,11.4781],[9.2413,11.4781],[9.2503,11.4803],[9.2682,11.487],[9.2795,11.4915],[9.284,11.4938],[9.2907,11.4983],[9.2952,11.5028],[9.3019,11.5073],[9.3109,11.5095],[9.3176,11.5117],[9.3244,11.5117],[9.3289,11.5207],[9.3311,11.523],[9.3311,11.5252],[9.3311,11.5275],[9.3311,11.5342],[9.3334,11.5364],[9.3356,11.5387],[9.3379,11.5409],[9.3423,11.5454],[9.3468,11.5477],[9.3513,11.5477],[9.3558,11.5499],[9.3603,11.5522],[9.3626,11.5567],[9.3648,11.5589],[9.3626,11.5634],[9.3648,11.5701],[9.3603,11.5746],[9.3468,11.5769],[9.3311,11.5769],[9.3154,11.5814],[9.3109,11.5814],[9.3087,11.5814],[9.2997,11.5859],[9.2952,11.5881],[9.2772,11.5971],[9.2727,11.6016],[9.2637,11.615],[9.2637,11.6173],[9.2682,11.6375],[9.2705,11.6442],[9.275,11.6577],[9.2772,11.66],[9.2772,11.6622],[9.275,11.6645],[9.2727,11.6645],[9.257,11.66],[9.2548,11.6577],[9.2525,11.6577],[9.2503,11.6555],[9.2435,11.6555],[9.2413,11.6555],[9.2368,11.6555],[9.2345,11.6577],[9.2323,11.66],[9.2301,11.6645],[9.2301,11.6712],[9.2256,11.6847],[9.2211,11.6892],[9.2188,11.6959],[9.2166,11.7004],[9.2188,11.7026],[9.2211,11.7049],[9.2233,11.7049],[9.2278,11.7026],[9.2345,11.7004],[9.2368,11.7026],[9.2413,11.7116],[9.2458,11.7206],[9.2458,11.7251],[9.2503,11.7251],[9.2503,11.7341],[9.2503,11.7386],[9.2503,11.7431],[9.248,11.7453],[9.2458,11.7475],[9.2413,11.7498],[9.2368,11.7498],[9.2345,11.7498],[9.2233,11.7475],[9.2188,11.7453],[9.2143,11.7453],[9.2076,11.7431],[9.1941,11.7431],[9.1919,11.7453],[9.1896,11.7475],[9.1874,11.7498],[9.1784,11.7475],[9.1762,11.7453],[9.1717,11.7431],[9.1672,11.7408],[9.1649,11.7386],[9.1627,11.7363],[9.1604,11.7363],[9.1492,11.7431],[9.147,11.7453],[9.147,11.7475],[9.147,11.7498],[9.147,11.7588],[9.147,11.7633],[9.147,11.7655],[9.1447,11.77],[9.1425,11.7767],[9.1425,11.779],[9.1402,11.7857],[9.1402,11.7902],[9.1425,11.7992],[9.1447,11.8082],[9.1515,11.8127],[9.1582,11.8172],[9.1649,11.8239],[9.1762,11.8351],[9.1941,11.8509],[9.1986,11.8553],[9.2009,11.8621],[9.2009,11.8643],[9.2076,11.8711],[9.2121,11.8711],[9.2143,11.8711],[9.2233,11.8756],[9.2256,11.88],[9.2301,11.8845],[9.2345,11.8913],[9.2368,11.8958],[9.2368,11.898],[9.239,11.9003],[9.239,11.9048],[9.239,11.907],[9.2368,11.916],[9.2345,11.9227],[9.2345,11.925],[9.2301,11.9317],[9.2256,11.9384],[9.2211,11.9452],[9.2211,11.9519],[9.2188,11.9609],[9.2211,11.9654],[9.2211,11.9676],[9.2233,11.9699],[9.2301,11.9766],[9.2345,11.9789],[9.2435,11.9856],[9.2503,11.9878],[9.2548,11.9923],[9.2548,11.9968],[9.2503,12.0013],[9.239,12.0013],[9.2368,12.0013],[9.2301,12.0013],[9.2256,12.0036],[9.2211,12.0103],[9.2211,12.0125],[9.2166,12.0193],[9.2166,12.0238],[9.2166,12.026],[9.2166,12.0417],[9.2188,12.053],[9.2211,12.0552],[9.2233,12.062],[9.2233,12.0754],[9.2233,12.0844],[9.2188,12.1001],[9.2143,12.1159],[9.2121,12.1181],[9.2031,12.1203],[9.1964,12.1203],[9.1851,12.1159],[9.1829,12.1159],[9.1717,12.1091],[9.1672,12.1046],[9.1649,12.1001],[9.1604,12.0934],[9.1537,12.0822],[9.1515,12.0799],[9.1492,12.0709],[9.147,12.062],[9.147,12.044],[9.147,12.035],[9.147,12.0305],[9.1447,12.0238],[9.1425,12.0215],[9.1402,12.017],[9.1357,12.017],[9.1245,12.0148],[9.12,12.0148],[9.1088,12.017],[9.102,12.0215],[9.0976,12.0238],[9.0908,12.0283],[9.0886,12.0305],[9.0841,12.0373],[9.0841,12.0395],[9.0818,12.0417],[9.0796,12.0485],[9.0729,12.0709],[9.0706,12.0777],[9.0684,12.0822],[9.0661,12.0822],[9.0594,12.0844],[9.0481,12.0822],[9.0437,12.0799],[9.0414,12.0822],[9.0257,12.0777],[9.0167,12.0754],[9.01,12.0754],[9.0077,12.0754],[8.9965,12.0777],[8.9943,12.0777],[8.992,12.0799],[8.9853,12.0844],[8.9853,12.0867],[8.9808,12.0889],[8.9785,12.0889],[8.9695,12.0867],[8.9651,12.0844],[8.9583,12.0799],[8.9538,12.0732],[8.9493,12.0687],[8.9471,12.0687],[8.9448,12.0732],[8.9471,12.0799],[8.9471,12.0844],[8.9493,12.0889],[8.9471,12.1024],[8.9471,12.1046],[8.9448,12.1091],[8.9426,12.1114],[8.9404,12.1136],[8.9426,12.1181],[8.9426,12.1203],[8.9471,12.1248],[8.9493,12.1293],[8.9493,12.1316],[8.9516,12.1361],[8.9516,12.1383],[8.9516,12.1406],[8.9516,12.145],[8.9538,12.1473],[8.9583,12.1473],[8.9606,12.1473],[8.9628,12.1473],[8.9651,12.1495],[8.9673,12.1518],[8.9673,12.154],[8.9673,12.1585],[8.9651,12.1675],[8.9628,12.1787],[8.9628,12.1832],[8.9538,12.1967],[8.9516,12.1989],[8.9471,12.2034],[8.9426,12.2079],[8.9112,12.2349],[8.9022,12.2461],[8.8977,12.2551],[8.8909,12.2686],[8.8887,12.2708],[8.8909,12.282],[8.8909,12.2843],[8.8932,12.2888],[8.8977,12.2955],[8.8999,12.2978],[8.9022,12.3022],[8.9044,12.3067],[8.9067,12.309],[8.9067,12.3135],[8.9067,12.3157],[8.9022,12.3157],[8.8954,12.3157],[8.8909,12.3157],[8.8797,12.3135],[8.8707,12.309],[8.8685,12.3067],[8.8662,12.3],[8.8662,12.2933],[8.864,12.282],[8.8528,12.2775],[8.8505,12.2798],[8.846,12.282],[8.8438,12.2933],[8.8438,12.2955],[8.8438,12.3],[8.8415,12.309],[8.837,12.3157],[8.8236,12.3157],[8.8191,12.3157],[8.8079,12.3135],[8.8011,12.3067],[8.7989,12.3022],[8.7989,12.3],[8.7989,12.2955],[8.7966,12.291],[8.7944,12.2888],[8.7876,12.2865],[8.7832,12.2843],[8.7787,12.282],[8.7742,12.2753],[8.7719,12.2708],[8.7562,12.2416],[8.754,12.2394],[8.7427,12.2236],[8.7405,12.2192],[8.7293,12.2147],[8.7248,12.2147],[8.7203,12.2169],[8.7203,12.2236],[8.7225,12.2326],[8.7225,12.2349],[8.7248,12.2371],[8.727,12.2484],[8.727,12.2551],[8.727,12.2596],[8.7293,12.2686],[8.7315,12.2708],[8.7315,12.282],[8.7315,12.2888],[8.7337,12.2933],[8.736,12.3],[8.7382,12.309],[8.7405,12.3157],[8.7517,12.3292],[8.7697,12.3494],[8.7742,12.3539],[8.7809,12.3629],[8.7921,12.3764],[8.7989,12.3876],[8.8011,12.3898],[8.8056,12.3943],[8.8101,12.3966],[8.8146,12.4033],[8.8168,12.4056],[8.8168,12.4145],[8.8146,12.4168],[8.8123,12.419],[8.7966,12.4235],[8.7944,12.4258],[8.7876,12.4258],[8.7854,12.4258],[8.7674,12.437],[8.7652,12.4392],[8.7562,12.4392],[8.7472,12.4415],[8.7427,12.4392],[8.7382,12.4415],[8.7337,12.4437],[8.7203,12.446],[8.718,12.4482],[8.7113,12.4505],[8.7068,12.4527],[8.7023,12.4595],[8.6933,12.4684],[8.6911,12.4707],[8.6866,12.4729],[8.6843,12.4774],[8.6843,12.4797],[8.6821,12.4842],[8.6776,12.4954],[8.6776,12.5021],[8.6776,12.5044],[8.6821,12.5156],[8.6821,12.5178],[8.6843,12.5223],[8.6866,12.5268],[8.6911,12.5291],[8.7023,12.5358],[8.709,12.5425],[8.7113,12.547],[8.7158,12.5583],[8.718,12.5672],[8.7158,12.5717],[8.7135,12.574],[8.6911,12.583],[8.6709,12.5875],[8.6619,12.5897],[8.6574,12.5897],[8.6484,12.592],[8.6484,12.5942],[8.6372,12.592],[8.6282,12.5897],[8.6192,12.5897],[8.608,12.5942],[8.599,12.5987],[8.5833,12.5964],[8.5586,12.5942],[8.5496,12.5942],[8.5451,12.5942],[8.5294,12.5897],[8.5137,12.5897],[8.5002,12.5852],[8.48,12.5852],[8.471,12.5875],[8.4665,12.5875],[8.462,12.583],[8.4463,12.565],[8.4418,12.5605],[8.4396,12.5538],[8.4351,12.5403],[8.4283,12.5313],[8.4238,12.5223],[8.4216,12.5134],[8.4193,12.5111],[8.4036,12.4909],[8.3924,12.4819],[8.3901,12.4774],[8.3879,12.4752],[8.3857,12.4639],[8.3857,12.4527],[8.3857,12.4482],[8.3834,12.4437],[8.3812,12.4415],[8.3744,12.4437],[8.3699,12.4505],[8.3677,12.4527],[8.3632,12.4617],[8.3609,12.4639],[8.3609,12.4662],[8.3609,12.4684],[8.3565,12.4752],[8.352,12.4797],[8.3452,12.4819],[8.3385,12.4864],[8.334,12.4909],[8.3228,12.4976],[8.316,12.5044],[8.3138,12.5111],[8.3115,12.5178],[8.3115,12.5403],[8.3115,12.556],[8.3115,12.565],[8.3115,12.5785],[8.3093,12.583],[8.3048,12.5875],[8.3026,12.5897],[8.2981,12.592],[8.2936,12.5942],[8.2891,12.6009],[8.2891,12.5964],[8.2846,12.5897],[8.2801,12.5852],[8.2734,12.583],[8.2711,12.583],[8.2644,12.583],[8.2464,12.5852],[8.2329,12.5852],[8.2262,12.583],[8.2172,12.5785],[8.215,12.5762],[8.2127,12.5717],[8.2082,12.565],[8.2082,12.5583],[8.2082,12.5538],[8.2105,12.5493],[8.2105,12.5403],[8.2037,12.5336],[8.197,12.5246],[8.1948,12.5178],[8.1925,12.5089],[8.1903,12.4999],[8.1903,12.4976],[8.1858,12.4842],[8.1746,12.4684],[8.1678,12.4595],[8.1633,12.4482],[8.1611,12.4392],[8.1566,12.4347],[8.1543,12.4303],[8.1498,12.4258],[8.1386,12.419],[8.1341,12.4123],[8.1319,12.41],[8.1162,12.4056],[8.0937,12.4011],[8.0915,12.4011],[8.0825,12.3988],[8.0668,12.3921],[8.0488,12.3831],[8.0421,12.3831],[8.0353,12.3786],[8.0286,12.3741],[8.0196,12.3741],[8.0061,12.3696],[8.0039,12.3674],[7.9971,12.3674],[7.9882,12.3674],[7.9814,12.3651],[7.9702,12.3606],[7.9634,12.3584],[7.9567,12.3561],[7.9455,12.3539],[7.941,12.3539],[7.9275,12.3494],[7.9253,12.3472],[7.914,12.3404],[7.9096,12.3404],[7.9051,12.3404],[7.8961,12.3382],[7.8893,12.3359],[7.8781,12.3314],[7.8646,12.3225],[7.8624,12.3202],[7.8601,12.318],[7.8534,12.309],[7.8489,12.3022],[7.8444,12.3],[7.8422,12.2978],[7.8399,12.2888],[7.8354,12.2798],[7.8332,12.2686],[7.831,12.2641],[7.8332,12.2551],[7.831,12.2439],[7.8287,12.2394],[7.8242,12.2304],[7.8242,12.2079],[7.822,12.1945],[7.8242,12.1832],[7.8287,12.1608],[7.831,12.145],[7.8332,12.1383],[7.8354,12.1338],[7.8399,12.1271],[7.8377,12.1136],[7.8377,12.1001],[7.8377,12.0889],[7.8399,12.0799],[7.8422,12.0732],[7.8399,12.062],[7.8377,12.0597],[7.8354,12.0485],[7.8354,12.0417],[7.8399,12.0373],[7.8422,12.0305],[7.8422,12.0238],[7.8377,12.017],[7.8354,12.0103],[7.8354,12.0058],[7.8377,12.0036],[7.8377,11.9991],[7.8377,11.9878],[7.8332,11.9699],[7.8332,11.9654],[7.8354,11.9519],[7.8377,11.9362],[7.8399,11.9272],[7.8399,11.9227],[7.8422,11.9182],[7.8422,11.907],[7.8444,11.9003],[7.8467,11.898],[7.8489,11.8935],[7.8557,11.8778],[7.8601,11.8711],[7.8646,11.8598],[7.8691,11.8441],[7.8736,11.8329],[7.8736,11.8217],[7.8736,11.8082],[7.8736,11.7992],[7.8736,11.7947],[7.8759,11.779],[7.8804,11.761],[7.8826,11.7475],[7.8804,11.7251],[7.8893,11.7116],[7.8961,11.7026],[7.9028,11.6869],[7.9096,11.6757],[7.9118,11.6622],[7.9096,11.6532],[7.9073,11.6487],[7.9006,11.6487],[7.8938,11.651],[7.8848,11.651],[7.8781,11.6487],[7.8714,11.6465],[7.8624,11.642],[7.8512,11.6375],[7.8422,11.6353],[7.8242,11.6308],[7.813,11.6285],[7.7973,11.624],[7.7703,11.615],[7.7591,11.6083],[7.7456,11.5993],[7.7344,11.5926],[7.7299,11.5859],[7.7254,11.5791],[7.7254,11.5701],[7.7119,11.5522],[7.7052,11.5432],[7.6985,11.5364],[7.694,11.5252],[7.6895,11.5162],[7.6872,11.5005],[7.685,11.4848],[7.6895,11.4736]]]}},{"type":"Feature","properties":{"id":"nasarawa","name":"Nasarawa"},"geometry":{"type":"Polygon","coordinates":[[[6.9416,8.2936],[6.9529,8.2846],[6.9596,8.2756],[6.9641,8.2644],[6.9708,8.2442],[6.9731,8.224],[6.9798,8.2105],[6.9933,8.1948],[7.0,8.1813],[7.0023,8.1678],[6.9978,8.1543],[6.9843,8.1162],[6.9865,8.0915],[6.9865,8.078],[6.9776,8.051],[6.9708,8.0308],[6.9731,8.0196],[6.9798,8.0016],[6.9776,7.9859],[6.9641,7.9612],[6.9618,7.9432],[6.9574,7.9298],[6.9529,7.9185],[6.9551,7.9051],[6.9596,7.8961],[6.9618,7.8871],[6.9641,7.8804],[6.9663,7.8781],[6.9798,7.8871],[7.0068,7.9028],[7.036,7.923],[7.0719,7.9432],[7.1168,7.959],[7.1954,7.9926],[7.2538,8.0151],[7.3054,8.0263],[7.393,8.0421],[7.4043,8.0421],[7.4335,8.0465],[7.4447,8.0443],[7.4514,8.0465],[7.5053,8.0465],[7.5435,8.0421],[7.5839,8.0376],[7.6243,8.0286],[7.6648,8.0196],[7.6782,8.0173],[7.676,8.0151],[7.6985,8.0129],[7.7389,8.0061],[7.7613,8.0039],[7.7815,7.9994],[7.8107,7.9904],[7.8377,7.9859],[7.8669,7.9859],[7.8781,7.9837],[7.9028,7.9679],[7.932,7.9567],[7.9724,7.9387],[7.9949,7.923],[8.0398,7.8961],[8.069,7.8804],[8.0735,7.8781],[8.0959,7.8691],[8.1139,7.8646],[8.1386,7.8624],[8.1588,7.8601],[8.1768,7.8557],[8.1813,7.8534],[8.1835,7.8534],[8.1858,7.8512],[8.1903,7.8489],[8.215,7.8354],[8.2509,7.822],[8.2756,7.8152],[8.3026,7.8018],[8.3295,7.7928],[8.3452,7.7838],[8.3632,7.7748],[8.3722,7.7703],[8.3857,7.7681],[8.4036,7.7658],[8.4126,7.7681],[8.4126,7.7771],[8.4059,7.786],[8.4014,7.795],[8.3946,7.8107],[8.3924,7.8197],[8.3969,7.8287],[8.4036,7.8377],[8.4059,7.8601],[8.3969,7.8804],[8.3789,7.9163],[8.3632,7.9455],[8.3609,7.9612],[8.3609,7.9882],[8.3632,8.0173],[8.3722,8.0465],[8.3901,8.078],[8.4261,8.1117],[8.4665,8.1386],[8.5047,8.1588],[8.5137,8.1588],[8.5249,8.1566],[8.5608,8.1409],[8.5878,8.1296],[8.6372,8.1162],[8.6956,8.0959],[8.7809,8.0757],[8.8191,8.0712],[8.8415,8.0668],[8.9112,8.0555],[8.9718,8.0578],[9.0257,8.0623],[9.0504,8.0757],[9.0571,8.078],[9.0616,8.0735],[9.0684,8.0668],[9.0841,8.0465],[9.0976,8.0286],[9.1155,8.0084],[9.1335,7.9904],[9.1447,7.9702],[9.1627,7.9365],[9.1762,7.9163],[9.1784,7.9073],[9.2211,7.9275],[9.2503,7.9455],[9.2817,7.9567],[9.3064,7.9679],[9.3356,7.9859],[9.3401,7.9904],[9.3468,8.0016],[9.3513,8.0061],[9.3603,8.0129],[9.3693,8.0173],[9.3783,8.0286],[9.3873,8.0331],[9.4052,8.0465],[9.4165,8.0623],[9.4142,8.0712],[9.403,8.0802],[9.3985,8.087],[9.394,8.0937],[9.3918,8.1027],[9.3918,8.1184],[9.3918,8.1319],[9.3873,8.1498],[9.3918,8.1566],[9.4007,8.1588],[9.4052,8.1656],[9.412,8.1768],[9.4052,8.188],[9.3985,8.197],[9.3895,8.2015],[9.3805,8.2082],[9.3715,8.215],[9.3581,8.2217],[9.3536,8.224],[9.3468,8.2262],[9.3289,8.2374],[9.3266,8.2464],[9.3244,8.2532],[9.3266,8.2644],[9.3311,8.2689],[9.3356,8.2756],[9.3423,8.2846],[9.3491,8.3026],[9.3536,8.316],[9.3558,8.3273],[9.3603,8.334],[9.3626,8.3407],[9.367,8.343],[9.376,8.3497],[9.3828,8.3497],[9.3895,8.3497],[9.4007,8.343],[9.4075,8.3385],[9.4209,8.3318],[9.4322,8.3273],[9.4524,8.3183],[9.4659,8.3115],[9.4838,8.3071],[9.4928,8.3048],[9.513,8.3026],[9.5243,8.3026],[9.5355,8.3026],[9.5467,8.3048],[9.5624,8.3026],[9.5849,8.2981],[9.6006,8.2936],[9.6096,8.2913],[9.6163,8.2958],[9.6186,8.3026],[9.6141,8.3183],[9.6118,8.3295],[9.6118,8.3407],[9.6118,8.3497],[9.6141,8.3609],[9.6186,8.3767],[9.6231,8.3834],[9.6186,8.3879],[9.6141,8.3901],[9.5804,8.3969],[9.5737,8.3991],[9.5602,8.4014],[9.549,8.4059],[9.5445,8.4081],[9.5422,8.4104],[9.54,8.4104],[9.5332,8.4148],[9.5287,8.4148],[9.5198,8.4148],[9.5018,8.4193],[9.4883,8.4238],[9.4704,8.4306],[9.4636,8.4351],[9.4412,8.4463],[9.4277,8.453],[9.3962,8.4687],[9.3805,8.4777],[9.367,8.4822],[9.3558,8.4822],[9.3446,8.48],[9.3356,8.4777],[9.3289,8.4732],[9.3109,8.4687],[9.2974,8.4643],[9.2884,8.4598],[9.2727,8.4643],[9.2637,8.4598],[9.2548,8.4598],[9.2166,8.4575],[9.2121,8.4575],[9.2031,8.4598],[9.1851,8.4665],[9.1739,8.4665],[9.1582,8.4575],[9.1515,8.453],[9.1492,8.4463],[9.1447,8.444],[9.1357,8.4351],[9.1335,8.4283],[9.129,8.4306],[9.1245,8.4351],[9.1178,8.4373],[9.111,8.4373],[9.102,8.4396],[9.0976,8.4396],[9.0976,8.4485],[9.0976,8.4553],[9.0998,8.4575],[9.1043,8.4643],[9.102,8.4687],[9.102,8.4732],[9.0886,8.4845],[9.0841,8.4867],[9.0796,8.489],[9.0751,8.4867],[9.0706,8.4867],[9.0594,8.4979],[9.0594,8.5047],[9.0594,8.5114],[9.0504,8.5204],[9.0437,8.5182],[9.0324,8.5137],[9.019,8.5092],[9.0055,8.5137],[8.9965,8.5182],[8.9898,8.5204],[8.9875,8.5226],[8.983,8.5271],[8.9785,8.5316],[8.974,8.5384],[8.974,8.5406],[8.9785,8.5496],[8.983,8.5541],[8.9853,8.5631],[8.9853,8.5676],[8.983,8.572],[8.983,8.5743],[8.9808,8.5788],[8.983,8.5855],[8.983,8.5968],[8.9808,8.6012],[8.9785,8.6057],[8.9695,8.6057],[8.9651,8.608],[8.9583,8.6125],[8.9516,8.6215],[8.9471,8.6394],[8.9448,8.6462],[8.9426,8.6529],[8.9404,8.6596],[8.9404,8.6664],[8.9291,8.6731],[8.9134,8.6866],[8.9112,8.6978],[8.9112,8.7023],[8.9067,8.7113],[8.9022,8.7203],[8.8977,8.727],[8.8932,8.7337],[8.8909,8.7405],[8.8954,8.7472],[8.8999,8.7517],[8.9044,8.754],[8.9044,8.7584],[8.9022,8.7629],[8.8999,8.7764],[8.9044,8.7787],[8.9089,8.7832],[8.9157,8.7832],[8.9201,8.7832],[8.9246,8.7832],[8.9336,8.7854],[8.9448,8.7989],[8.9493,8.8101],[8.9516,8.8168],[8.9516,8.8281],[8.9493,8.8303],[8.9493,8.8348],[8.9583,8.8505],[8.9673,8.8528],[8.974,8.855],[8.9853,8.8528],[9.0032,8.8505],[9.01,8.8528],[9.0167,8.8573],[9.019,8.8595],[9.0234,8.8662],[9.0257,8.8707],[9.0279,8.8842],[9.0324,8.8954],[9.0392,8.9044],[9.0437,8.9134],[9.0437,8.9179],[9.0459,8.9224],[9.0526,8.9314],[9.0616,8.9381],[9.0684,8.9404],[9.0729,8.9448],[9.0729,8.9538],[9.0706,8.9606],[9.0684,8.9651],[9.0661,8.9673],[9.0684,8.9808],[9.0706,8.9875],[9.0684,8.9987],[9.0661,9.0077],[9.0616,9.019],[9.0594,9.0212],[9.0571,9.0234],[9.0526,9.0257],[9.0504,9.0257],[9.0459,9.0279],[9.0392,9.0279],[9.0122,9.0212],[8.983,9.0167],[8.9606,9.0167],[8.9291,9.0167],[8.9246,9.0167],[8.9067,9.019],[8.8977,9.0212],[8.8865,9.0212],[8.8662,9.0279],[8.8438,9.0302],[8.8236,9.0302],[8.8123,9.0302],[8.7989,9.0324],[8.7944,9.0369],[8.7899,9.0437],[8.7899,9.0459],[8.7899,9.0526],[8.7944,9.0616],[8.7989,9.0706],[8.7921,9.0841],[8.7832,9.0841],[8.7809,9.0863],[8.7697,9.0953],[8.7607,9.1043],[8.7607,9.1178],[8.7652,9.129],[8.7674,9.1357],[8.7674,9.1447],[8.7674,9.1582],[8.7652,9.1649],[8.7495,9.1784],[8.7225,9.1851],[8.709,9.1874],[8.6911,9.1874],[8.6866,9.1851],[8.6776,9.1874],[8.6686,9.1896],[8.6619,9.1964],[8.6574,9.2076],[8.6574,9.1964],[8.6551,9.1874],[8.6484,9.1717],[8.6462,9.1649],[8.6417,9.1582],[8.6282,9.1335],[8.6215,9.1155],[8.6102,9.1043],[8.6057,9.0998],[8.5945,9.0908],[8.5855,9.0818],[8.581,9.0751],[8.5698,9.0639],[8.5676,9.0616],[8.5631,9.0526],[8.5631,9.0414],[8.5586,9.0279],[8.5541,9.0212],[8.5473,9.0145],[8.5339,9.0055],[8.5226,9.001],[8.5137,9.001],[8.5092,9.001],[8.5047,9.001],[8.4979,9.0122],[8.4934,9.0234],[8.4912,9.0369],[8.4867,9.0437],[8.48,9.0526],[8.4755,9.0549],[8.4755,9.0706],[8.4732,9.0729],[8.4463,9.1133],[8.4418,9.1155],[8.4373,9.12],[8.4306,9.1268],[8.4126,9.1447],[8.3946,9.1627],[8.3924,9.1672],[8.3879,9.1762],[8.3812,9.1784],[8.3587,9.1784],[8.3475,9.1784],[8.3362,9.1784],[8.3273,9.1806],[8.3183,9.1874],[8.3048,9.1941],[8.3003,9.1941],[8.2891,9.1986],[8.2801,9.1986],[8.2689,9.1964],[8.2509,9.1919],[8.2487,9.1829],[8.2554,9.1784],[8.2509,9.1627],[8.2442,9.1559],[8.2419,9.1492],[8.2397,9.1447],[8.2307,9.1335],[8.215,9.12],[8.2015,9.1043],[8.1858,9.0908],[8.1813,9.0863],[8.1611,9.0661],[8.1498,9.0594],[8.1431,9.0549],[8.1409,9.0526],[8.1364,9.0526],[8.1274,9.0481],[8.1072,9.0526],[8.1027,9.0639],[8.1004,9.0751],[8.1004,9.0818],[8.1004,9.0863],[8.1004,9.0953],[8.1004,9.1245],[8.0982,9.147],[8.0982,9.1515],[8.0982,9.1627],[8.1004,9.1672],[8.1049,9.1762],[8.1027,9.1964],[8.0959,9.2121],[8.0937,9.2166],[8.0892,9.2278],[8.0825,9.2368],[8.078,9.2458],[8.078,9.2503],[8.0735,9.257],[8.0623,9.2727],[8.06,9.2727],[8.0465,9.2772],[8.0398,9.2817],[8.0016,9.3064],[7.9971,9.3154],[7.9971,9.3176],[7.9971,9.3244],[7.9994,9.3289],[8.0016,9.3401],[7.9994,9.3536],[7.9926,9.3603],[7.9882,9.3648],[7.9814,9.3715],[7.9432,9.3985],[7.9387,9.403],[7.9208,9.4052],[7.914,9.4007],[7.9028,9.3918],[7.9006,9.3895],[7.8893,9.3738],[7.8781,9.3558],[7.8669,9.3379],[7.8579,9.3244],[7.8512,9.3154],[7.8489,9.3109],[7.8422,9.3042],[7.8332,9.2884],[7.8265,9.2772],[7.8242,9.2705],[7.8085,9.266],[7.7995,9.2682],[7.7928,9.275],[7.7883,9.2817],[7.7703,9.2929],[7.7636,9.2952],[7.7591,9.3019],[7.7523,9.3131],[7.7479,9.3221],[7.7299,9.3311],[7.667,9.3042],[7.6041,9.1604],[7.5884,9.129],[7.5929,8.9246],[7.5951,8.8573],[7.5907,8.8348],[7.566,8.7854],[7.5412,8.7405],[7.5031,8.6686],[7.4963,8.6551],[7.4941,8.6507],[7.4784,8.6304],[7.4424,8.5923],[7.4177,8.5698],[7.3885,8.5451],[7.3683,8.5294],[7.3414,8.5114],[7.3122,8.5002],[7.2718,8.4934],[7.2111,8.48],[7.164,8.4732],[7.1168,8.4665],[7.0831,8.4643],[7.0562,8.462],[7.0247,8.462],[6.991,8.4598],[6.9843,8.4598],[6.9686,8.3924],[6.9574,8.3744],[6.9551,8.3587],[6.9506,8.3452],[6.9416,8.3228],[6.9349,8.3115],[6.9349,8.3003],[6.9416,8.2936]]]}},{"type":"Feature","properties":{"id":"kogi","name":"Kogi"},"geometry":{"type":"Polygon","coordinates":[[[5.3247,8.334],[5.3314,8.3318],[5.3359,8.3295],[5.3427,8.3205],[5.3539,8.3093],[5.3539,8.3048],[5.3539,8.2981],[5.3539,8.2868],[5.3561,8.2756],[5.3629,8.2734],[5.3718,8.2734],[5.3808,8.2779],[5.3876,8.2823],[5.3966,8.2913],[5.4055,8.2913],[5.419,8.2846],[5.4213,8.2734],[5.4213,8.2509],[5.419,8.2352],[5.4213,8.2284],[5.4325,8.224],[5.4415,8.2172],[5.4572,8.206],[5.4662,8.2015],[5.4774,8.206],[5.4954,8.215],[5.5133,8.2172],[5.5246,8.215],[5.5313,8.2105],[5.538,8.206],[5.5403,8.1993],[5.5403,8.1903],[5.5358,8.1566],[5.5335,8.1476],[5.5268,8.1386],[5.5178,8.1319],[5.5043,8.1229],[5.4976,8.1139],[5.4976,8.1117],[5.5066,8.1117],[5.5133,8.1117],[5.5156,8.1049],[5.5133,8.0847],[5.5133,8.0757],[5.5066,8.0465],[5.5043,8.0286],[5.5043,8.0241],[5.5066,8.0196],[5.5088,8.0173],[5.5156,8.0218],[5.5268,8.0308],[5.538,8.0398],[5.5515,8.051],[5.5582,8.0578],[5.5717,8.069],[5.5762,8.0712],[5.5987,8.0735],[5.6256,8.0735],[5.6391,8.0735],[5.6436,8.0735],[5.6481,8.0735],[5.6571,8.0757],[5.6593,8.069],[5.6548,8.0645],[5.6458,8.06],[5.6436,8.06],[5.6391,8.0533],[5.6436,8.0488],[5.6481,8.0421],[5.6481,8.0331],[5.6503,8.0241],[5.6571,8.0196],[5.6616,8.0151],[5.6683,8.0084],[5.6683,8.0016],[5.6571,7.9949],[5.6503,7.9904],[5.6481,7.9859],[5.6481,7.9747],[5.6481,7.9657],[5.6458,7.9634],[5.6346,7.959],[5.6279,7.9567],[5.6144,7.9612],[5.6099,7.9657],[5.6009,7.9634],[5.5987,7.959],[5.5987,7.9522],[5.6009,7.9432],[5.6032,7.9275],[5.6077,7.9118],[5.6121,7.8759],[5.6144,7.8646],[5.6234,7.8422],[5.6301,7.8354],[5.6436,7.8287],[5.6571,7.8287],[5.6593,7.8287],[5.6683,7.8287],[5.6885,7.8287],[5.711,7.831],[5.7289,7.8287],[5.7379,7.822],[5.7402,7.813],[5.7469,7.804],[5.7559,7.795],[5.7671,7.7883],[5.7918,7.7815],[5.7738,7.7479],[5.7806,7.7456],[5.8008,7.7344],[5.8165,7.7276],[5.8188,7.7321],[5.8232,7.7321],[5.8277,7.7344],[5.8322,7.7321],[5.8367,7.7299],[5.8435,7.7276],[5.8502,7.7276],[5.8569,7.7299],[5.8659,7.7344],[5.8771,7.7389],[5.8906,7.7434],[5.9041,7.7479],[5.9086,7.7479],[5.9198,7.7501],[5.9288,7.7456],[5.931,7.7456],[5.931,7.7411],[5.9288,7.7366],[5.9288,7.7344],[5.9265,7.7321],[5.9243,7.7232],[5.9221,7.7164],[5.9243,7.7074],[5.931,7.6917],[5.9355,7.667],[5.9355,7.6603],[5.9378,7.649],[5.94,7.6446],[5.9445,7.6378],[5.9535,7.6243],[5.9602,7.6154],[5.9647,7.6109],[5.9692,7.6064],[5.9782,7.5884],[5.9917,7.5682],[5.9962,7.5592],[5.9984,7.5547],[6.0007,7.5502],[6.0052,7.5345],[6.0052,7.53],[6.0119,7.5345],[6.0164,7.539],[6.0231,7.548],[6.0254,7.5547],[6.0254,7.5592],[6.0276,7.5615],[6.0299,7.566],[6.0366,7.5727],[6.0433,7.5772],[6.0478,7.5794],[6.0995,7.5884],[6.1197,7.5907],[6.1219,7.5839],[6.1264,7.5749],[6.1287,7.5682],[6.1309,7.5637],[6.1332,7.557],[6.1332,7.5525],[6.1377,7.5502],[6.1421,7.5502],[6.1489,7.5502],[6.1534,7.5502],[6.1646,7.5502],[6.1668,7.548],[6.1668,7.5457],[6.1646,7.539],[6.1624,7.5345],[6.1601,7.53],[6.1579,7.5278],[6.1534,7.5233],[6.1511,7.5188],[6.1466,7.5165],[6.1309,7.5076],[6.1287,7.5053],[6.1219,7.5031],[6.1174,7.5008],[6.1152,7.4986],[6.1129,7.4963],[6.1107,7.4941],[6.1085,7.4896],[6.1085,7.4851],[6.1085,7.4626],[6.1107,7.4582],[6.1107,7.4559],[6.1129,7.4492],[6.1197,7.4469],[6.1287,7.4469],[6.1377,7.4469],[6.1421,7.4492],[6.1534,7.4492],[6.1601,7.4469],[6.1624,7.4469],[6.1713,7.4447],[6.1736,7.4402],[6.1736,7.4379],[6.1758,7.4335],[6.1803,7.429],[6.1826,7.429],[6.1871,7.4335],[6.1871,7.4357],[6.1871,7.4379],[6.1893,7.4402],[6.2005,7.4469],[6.2095,7.4492],[6.2185,7.4559],[6.2207,7.4604],[6.223,7.4649],[6.2252,7.4694],[6.2275,7.4716],[6.2342,7.4739],[6.2387,7.4761],[6.2454,7.4761],[6.2522,7.4784],[6.2589,7.4784],[6.2634,7.4806],[6.2679,7.4829],[6.2701,7.4851],[6.2724,7.4873],[6.2724,7.4896],[6.2746,7.4918],[6.2769,7.4963],[6.2836,7.4986],[6.2904,7.4986],[6.2949,7.4986],[6.2993,7.4963],[6.3577,7.4132],[6.3779,7.3975],[6.4229,7.4177],[6.4274,7.4155],[6.4274,7.411],[6.4318,7.402],[6.4318,7.3975],[6.4229,7.3885],[6.4229,7.3863],[6.4274,7.3818],[6.4318,7.3796],[6.4341,7.3773],[6.4341,7.3728],[6.4341,7.3683],[6.4363,7.3593],[6.4386,7.3571],[6.4431,7.3571],[6.4498,7.3549],[6.4543,7.3571],[6.4588,7.3616],[6.4633,7.3638],[6.4678,7.3661],[6.47,7.3638],[6.4723,7.3616],[6.4768,7.3549],[6.4768,7.3526],[6.4813,7.3481],[6.4857,7.3414],[6.4947,7.3346],[6.4992,7.3234],[6.4992,7.3054],[6.4992,7.292],[6.5015,7.2875],[6.5037,7.2852],[6.506,7.2807],[6.5082,7.2762],[6.5082,7.274],[6.5082,7.2695],[6.5104,7.2673],[6.5149,7.2673],[6.5262,7.2718],[6.5307,7.2718],[6.5441,7.274],[6.5554,7.274],[6.5688,7.2762],[6.6317,7.292],[6.6385,7.2942],[6.6699,7.2403],[6.6744,7.2336],[6.6856,7.2246],[6.6901,7.2201],[6.6924,7.2179],[6.6968,7.2044],[6.7013,7.1774],[6.7036,7.1707],[6.7081,7.1595],[6.7126,7.1482],[6.7148,7.1348],[6.7148,7.1235],[6.7148,7.1213],[6.7126,7.1056],[6.6901,7.0674],[6.6834,7.0517],[6.6766,7.0337],[6.6766,7.009],[6.6789,6.9933],[6.6789,6.9731],[6.6789,6.9686],[6.6721,6.9349],[6.6519,6.9079],[6.6452,6.8855],[6.634,6.8653],[6.6227,6.8406],[6.6138,6.8316],[6.6115,6.8226],[6.6138,6.8159],[6.616,6.8091],[6.6205,6.8001],[6.6227,6.7934],[6.6227,6.7912],[6.6272,6.7822],[6.6317,6.7687],[6.6272,6.7485],[6.6272,6.7305],[6.6205,6.7215],[6.6182,6.7058],[6.6272,6.6744],[6.6519,6.634],[6.6609,6.6093],[6.6609,6.5733],[6.6609,6.5531],[6.6654,6.5329],[6.6834,6.5441],[6.7171,6.5509],[6.744,6.5576],[6.7642,6.5643],[6.7934,6.5733],[6.8091,6.5801],[6.8091,6.598],[6.8091,6.616],[6.8046,6.6362],[6.8024,6.6564],[6.8001,6.6699],[6.7979,6.6789],[6.8001,6.6924],[6.8069,6.7036],[6.8204,6.7126],[6.8338,6.7215],[6.8428,6.7305],[6.854,6.744],[6.8608,6.753],[6.8675,6.7552],[6.8787,6.7597],[6.8832,6.7687],[6.8855,6.7732],[6.8967,6.7934],[6.9124,6.8001],[6.9237,6.8024],[6.9304,6.7889],[6.9326,6.7687],[6.9394,6.7732],[6.9484,6.7889],[6.9529,6.8091],[6.9529,6.8271],[6.9618,6.8406],[6.9641,6.8451],[6.9776,6.8496],[6.9865,6.8451],[6.991,6.8338],[6.991,6.8226],[6.9865,6.8136],[6.9843,6.7979],[6.9865,6.7889],[6.991,6.7844],[7.0045,6.7844],[7.0202,6.7889],[7.0292,6.7844],[7.0427,6.7822],[7.0562,6.7867],[7.0607,6.7957],[7.0741,6.7979],[7.0809,6.8001],[7.0921,6.8204],[7.1011,6.8293],[7.1123,6.8383],[7.119,6.8473],[7.1348,6.854],[7.146,6.8653],[7.1527,6.8765],[7.1572,6.8832],[7.1707,6.8832],[7.1752,6.8967],[7.1887,6.9012],[7.2089,6.9035],[7.2201,6.9057],[7.2358,6.9102],[7.2426,6.9282],[7.2381,6.9416],[7.2381,6.9574],[7.2403,6.9708],[7.2583,6.9798],[7.2942,6.9933],[7.3099,7.0045],[7.3122,7.0045],[7.3279,7.0247],[7.3549,7.0337],[7.3661,7.0404],[7.3706,7.0404],[7.384,7.0517],[7.3885,7.0651],[7.3885,7.0831],[7.3975,7.0899],[7.4155,7.0899],[7.429,7.0899],[7.4447,7.0966],[7.4559,7.1033],[7.4694,7.0988],[7.4784,7.0899],[7.4918,7.0741],[7.5031,7.0696],[7.5165,7.0494],[7.5255,7.036],[7.53,7.0315],[7.5435,7.0404],[7.5817,7.027],[7.5929,7.018],[7.6019,7.0157],[7.6086,7.018],[7.6109,7.0225],[7.6109,7.027],[7.6109,7.0315],[7.6064,7.0404],[7.6041,7.0539],[7.5996,7.0786],[7.6019,7.0899],[7.6109,7.1011],[7.6176,7.1078],[7.6221,7.1123],[7.6288,7.1258],[7.6378,7.1325],[7.658,7.146],[7.676,7.155],[7.6962,7.164],[7.7029,7.164],[7.7074,7.1662],[7.7232,7.1662],[7.7299,7.1729],[7.7389,7.1797],[7.7726,7.1932],[7.7771,7.1976],[7.7838,7.2044],[7.7905,7.2179],[7.7928,7.2268],[7.7973,7.2336],[7.8062,7.2538],[7.8197,7.2875],[7.8265,7.3099],[7.8377,7.3346],[7.8489,7.3593],[7.8557,7.3728],[7.8624,7.384],[7.8646,7.393],[7.8669,7.4043],[7.8601,7.4132],[7.8489,7.42],[7.8354,7.4177],[7.813,7.4155],[7.7928,7.4155],[7.7771,7.42],[7.7681,7.4267],[7.7636,7.4335],[7.7613,7.4514],[7.7591,7.4784],[7.7591,7.4918],[7.7546,7.5053],[7.7546,7.5121],[7.7568,7.53],[7.7546,7.5435],[7.7523,7.5637],[7.7501,7.5951],[7.7523,7.6243],[7.7523,7.6468],[7.7546,7.6468],[7.7546,7.6603],[7.7546,7.6805],[7.7523,7.7074],[7.7523,7.7434],[7.7456,7.7681],[7.7276,7.7928],[7.694,7.8377],[7.6693,7.8848],[7.6625,7.9051],[7.6648,7.9343],[7.6715,7.9837],[7.676,8.0151],[7.6782,8.0173],[7.6648,8.0196],[7.6243,8.0286],[7.5839,8.0376],[7.5435,8.0421],[7.5053,8.0465],[7.4514,8.0465],[7.4447,8.0443],[7.4335,8.0465],[7.4043,8.0421],[7.393,8.0421],[7.3054,8.0263],[7.2538,8.0151],[7.1954,7.9926],[7.1168,7.959],[7.0719,7.9432],[7.036,7.923],[7.0068,7.9028],[6.9798,7.8871],[6.9663,7.8781],[6.9641,7.8804],[6.9618,7.8871],[6.9596,7.8961],[6.9551,7.9051],[6.9529,7.9185],[6.9574,7.9298],[6.9618,7.9432],[6.9641,7.9612],[6.9776,7.9859],[6.9798,8.0016],[6.9731,8.0196],[6.9708,8.0308],[6.9776,8.051],[6.9865,8.078],[6.9865,8.0915],[6.9843,8.1162],[6.9978,8.1543],[7.0023,8.1678],[7.0,8.1813],[6.9933,8.1948],[6.9798,8.2105],[6.9731,8.224],[6.9708,8.2442],[6.9641,8.2644],[6.9596,8.2756],[6.9529,8.2846],[6.9416,8.2936],[6.9349,8.3003],[6.9349,8.3115],[6.9416,8.3228],[6.9506,8.3452],[6.9551,8.3587],[6.9574,8.3744],[6.9686,8.3924],[6.9843,8.4598],[6.8271,8.4575],[6.8249,8.4328],[6.8316,8.4261],[6.8316,8.4171],[6.8249,8.4036],[6.8338,8.4014],[6.8383,8.3969],[6.8361,8.3924],[6.8316,8.3857],[6.8271,8.3789],[6.8271,8.3744],[6.8226,8.3677],[6.8136,8.3565],[6.8069,8.343],[6.7912,8.3318],[6.7799,8.3318],[6.7732,8.3362],[6.771,8.3318],[6.7687,8.3183],[6.7665,8.3093],[6.7597,8.3048],[6.7507,8.3048],[6.7485,8.3003],[6.762,8.2936],[6.7642,8.2823],[6.762,8.2734],[6.7552,8.2689],[6.7485,8.2644],[6.744,8.2644],[6.7305,8.2846],[6.7193,8.2756],[6.7215,8.2599],[6.7238,8.2487],[6.7171,8.2442],[6.7148,8.2284],[6.7126,8.2015],[6.6991,8.188],[6.6924,8.1835],[6.6901,8.1858],[6.6879,8.2015],[6.6834,8.2127],[6.6721,8.2195],[6.6654,8.2262],[6.6587,8.2352],[6.6407,8.2554],[6.6317,8.2756],[6.6272,8.2868],[6.6138,8.3003],[6.6093,8.3138],[6.598,8.325],[6.589,8.325],[6.5801,8.3318],[6.5711,8.343],[6.5621,8.3542],[6.5509,8.3699],[6.5284,8.3767],[6.5127,8.3991],[6.5037,8.4126],[6.4813,8.4261],[6.4521,8.4485],[6.4498,8.4598],[6.4386,8.4934],[6.4318,8.5182],[6.4251,8.5496],[6.4139,8.581],[6.4071,8.6035],[6.4049,8.6125],[6.3982,8.6304],[6.3847,8.6439],[6.3802,8.6484],[6.3757,8.6619],[6.3577,8.6843],[6.342,8.6978],[6.324,8.7135],[6.3016,8.727],[6.2679,8.7382],[6.2477,8.7382],[6.2252,8.736],[6.2095,8.7315],[6.1848,8.6866],[6.1691,8.6619],[6.1624,8.6372],[6.1534,8.617],[6.1489,8.5968],[6.1332,8.5676],[6.1242,8.5563],[6.1242,8.5384],[6.1197,8.5114],[6.1174,8.4822],[6.1129,8.462],[6.1129,8.444],[6.1129,8.4418],[6.1107,8.4306],[6.0972,8.4148],[6.0838,8.4014],[6.077,8.3969],[6.059,8.3946],[6.0411,8.3924],[6.0209,8.3969],[6.0141,8.4014],[5.9917,8.4014],[5.9782,8.4059],[5.9557,8.4081],[5.9423,8.4126],[5.9243,8.4171],[5.9131,8.4238],[5.8974,8.4238],[5.8839,8.4238],[5.8659,8.4238],[5.8502,8.4216],[5.83,8.4261],[5.8188,8.4261],[5.8053,8.4261],[5.7828,8.4283],[5.7671,8.4328],[5.7491,8.4373],[5.7199,8.444],[5.7042,8.4463],[5.6885,8.453],[5.6593,8.4598],[5.6436,8.462],[5.5987,8.489],[5.5874,8.4979],[5.574,8.5069],[5.5538,8.5114],[5.5448,8.5226],[5.5335,8.5294],[5.5246,8.5361],[5.5133,8.5384],[5.5111,8.5361],[5.5021,8.5339],[5.4954,8.5294],[5.4909,8.5182],[5.4774,8.5002],[5.4662,8.4934],[5.4527,8.4867],[5.446,8.48],[5.4325,8.4665],[5.4123,8.453],[5.3966,8.4373],[5.3808,8.4216],[5.3718,8.4104],[5.3584,8.3946],[5.3471,8.3834],[5.3427,8.3744],[5.3314,8.3565],[5.3224,8.3452],[5.3224,8.3407],[5.3247,8.334]]]}},{"type":"Feature","properties":{"id":"plateau","name":"Plateau"},"geometry":{"type":"Polygon","coordinates":[[[8.5563,9.5534],[8.5563,9.5467],[8.5586,9.54],[8.5586,9.5355],[8.5608,9.5265],[8.5676,9.504],[8.5698,9.4973],[8.581,9.4861],[8.5855,9.4816],[8.5945,9.4793],[8.6035,9.4726],[8.6057,9.4659],[8.6125,9.4479],[8.6192,9.4322],[8.6237,9.4299],[8.6327,9.4209],[8.6372,9.4097],[8.6372,9.4075],[8.6417,9.4007],[8.6484,9.3962],[8.6551,9.394],[8.6641,9.394],[8.6686,9.3962],[8.6866,9.3873],[8.6911,9.385],[8.6956,9.3783],[8.6956,9.3738],[8.6956,9.3693],[8.6933,9.3581],[8.6911,9.3558],[8.6888,9.3423],[8.6911,9.3401],[8.6933,9.3266],[8.6933,9.3221],[8.6978,9.3199],[8.6933,9.3131],[8.6866,9.2997],[8.6843,9.284],[8.6798,9.275],[8.6709,9.2682],[8.6664,9.2682],[8.6574,9.2682],[8.6484,9.2637],[8.6439,9.2593],[8.6349,9.248],[8.6372,9.2413],[8.6417,9.2368],[8.6462,9.2368],[8.6507,9.2345],[8.6596,9.2233],[8.6574,9.2188],[8.6574,9.2166],[8.6574,9.2098],[8.6574,9.2076],[8.6619,9.1964],[8.6686,9.1896],[8.6776,9.1874],[8.6866,9.1851],[8.6911,9.1874],[8.709,9.1874],[8.7225,9.1851],[8.7495,9.1784],[8.7652,9.1649],[8.7674,9.1582],[8.7674,9.1447],[8.7674,9.1357],[8.7652,9.129],[8.7607,9.1178],[8.7607,9.1043],[8.7697,9.0953],[8.7809,9.0863],[8.7832,9.0841],[8.7921,9.0841],[8.7989,9.0706],[8.7944,9.0616],[8.7899,9.0526],[8.7899,9.0459],[8.7899,9.0437],[8.7944,9.0369],[8.7989,9.0324],[8.8123,9.0302],[8.8236,9.0302],[8.8438,9.0302],[8.8662,9.0279],[8.8865,9.0212],[8.8977,9.0212],[8.9067,9.019],[8.9246,9.0167],[8.9291,9.0167],[8.9606,9.0167],[8.983,9.0167],[9.0122,9.0212],[9.0392,9.0279],[9.0459,9.0279],[9.0504,9.0257],[9.0526,9.0257],[9.0571,9.0234],[9.0594,9.0212],[9.0616,9.019],[9.0661,9.0077],[9.0684,8.9987],[9.0706,8.9875],[9.0684,8.9808],[9.0661,8.9673],[9.0684,8.9651],[9.0706,8.9606],[9.0729,8.9538],[9.0729,8.9448],[9.0684,8.9404],[9.0616,8.9381],[9.0526,8.9314],[9.0459,8.9224],[9.0437,8.9179],[9.0437,8.9134],[9.0392,8.9044],[9.0324,8.8954],[9.0279,8.8842],[9.0257,8.8707],[9.0234,8.8662],[9.019,8.8595],[9.0167,8.8573],[9.01,8.8528],[9.0032,8.8505],[8.9853,8.8528],[8.974,8.855],[8.9673,8.8528],[8.9583,8.8505],[8.9493,8.8348],[8.9493,8.8303],[8.9516,8.8281],[8.9516,8.8168],[8.9493,8.8101],[8.9448,8.7989],[8.9336,8.7854],[8.9246,8.7832],[8.9201,8.7832],[8.9157,8.7832],[8.9089,8.7832],[8.9044,8.7787],[8.8999,8.7764],[8.9022,8.7629],[8.9044,8.7584],[8.9044,8.754],[8.8999,8.7517],[8.8954,8.7472],[8.8909,8.7405],[8.8932,8.7337],[8.8977,8.727],[8.9022,8.7203],[8.9067,8.7113],[8.9112,8.7023],[8.9112,8.6978],[8.9134,8.6866],[8.9291,8.6731],[8.9404,8.6664],[8.9404,8.6596],[8.9426,8.6529],[8.9448,8.6462],[8.9471,8.6394],[8.9516,8.6215],[8.9583,8.6125],[8.9651,8.608],[8.9695,8.6057],[8.9785,8.6057],[8.9808,8.6012],[8.983,8.5968],[8.983,8.5855],[8.9808,8.5788],[8.983,8.5743],[8.983,8.572],[8.9853,8.5676],[8.9853,8.5631],[8.983,8.5541],[8.9785,8.5496],[8.974,8.5406],[8.974,8.5384],[8.9785,8.5316],[8.983,8.5271],[8.9875,8.5226],[8.9898,8.5204],[8.9965,8.5182],[9.0055,8.5137],[9.019,8.5092],[9.0324,8.5137],[9.0437,8.5182],[9.0504,8.5204],[9.0594,8.5114],[9.0594,8.5047],[9.0594,8.4979],[9.0706,8.4867],[9.0751,8.4867],[9.0796,8.489],[9.0841,8.4867],[9.0886,8.4845],[9.102,8.4732],[9.102,8.4687],[9.1043,8.4643],[9.0998,8.4575],[9.0976,8.4553],[9.0976,8.4485],[9.0976,8.4396],[9.102,8.4396],[9.111,8.4373],[9.1178,8.4373],[9.1245,8.4351],[9.129,8.4306],[9.1335,8.4283],[9.1357,8.4351],[9.1447,8.444],[9.1492,8.4463],[9.1515,8.453],[9.1582,8.4575],[9.1739,8.4665],[9.1851,8.4665],[9.2031,8.4598],[9.2121,8.4575],[9.2166,8.4575],[9.2548,8.4598],[9.2637,8.4598],[9.2727,8.4643],[9.2884,8.4598],[9.2974,8.4643],[9.3109,8.4687],[9.3289,8.4732],[9.3356,8.4777],[9.3446,8.48],[9.3558,8.4822],[9.367,8.4822],[9.3805,8.4777],[9.3962,8.4687],[9.4277,8.453],[9.4412,8.4463],[9.4636,8.4351],[9.4704,8.4306],[9.4883,8.4238],[9.5018,8.4193],[9.5198,8.4148],[9.5287,8.4148],[9.5332,8.4148],[9.54,8.4104],[9.5422,8.4104],[9.5445,8.4081],[9.549,8.4059],[9.5602,8.4014],[9.5737,8.3991],[9.5804,8.3969],[9.6141,8.3901],[9.6186,8.3879],[9.6208,8.3879],[9.6276,8.3879],[9.6388,8.3857],[9.6478,8.3857],[9.668,8.3812],[9.6927,8.3767],[9.7106,8.3722],[9.7331,8.3699],[9.7556,8.3677],[9.7623,8.3699],[9.7735,8.3789],[9.796,8.3901],[9.8095,8.3969],[9.8252,8.4059],[9.8364,8.4126],[9.8409,8.4171],[9.8566,8.4261],[9.8634,8.4283],[9.8701,8.4306],[9.8791,8.4396],[9.8903,8.4485],[9.9083,8.4665],[9.915,8.4732],[9.9195,8.4777],[9.9262,8.4845],[9.933,8.4867],[9.9509,8.4979],[9.9532,8.5024],[9.9577,8.5069],[9.9622,8.5137],[9.9712,8.5204],[9.9824,8.5294],[9.9936,8.5361],[9.9981,8.5406],[10.0048,8.5496],[10.0071,8.5541],[10.0116,8.5563],[10.0228,8.5653],[10.0251,8.5698],[10.0318,8.5743],[10.043,8.5855],[10.052,8.5923],[10.061,8.6057],[10.0655,8.6125],[10.0857,8.6349],[10.0969,8.6462],[10.1037,8.6551],[10.1081,8.6619],[10.1171,8.6731],[10.1239,8.6776],[10.1486,8.7023],[10.162,8.7158],[10.1778,8.7293],[10.18,8.7315],[10.1845,8.7405],[10.189,8.7495],[10.1957,8.754],[10.207,8.7652],[10.2137,8.7742],[10.2249,8.7854],[10.2294,8.7876],[10.2362,8.7921],[10.2451,8.8034],[10.2496,8.8079],[10.2564,8.8146],[10.2676,8.8191],[10.2766,8.8258],[10.299,8.8393],[10.3058,8.846],[10.326,8.8573],[10.3305,8.864],[10.335,8.8707],[10.3417,8.8797],[10.3507,8.8887],[10.3574,8.8932],[10.3619,8.8954],[10.3687,8.9022],[10.3731,8.9044],[10.3754,8.9089],[10.3799,8.9134],[10.3889,8.9201],[10.4001,8.9269],[10.4068,8.9336],[10.4203,8.9448],[10.427,8.9471],[10.445,8.9561],[10.463,8.9628],[10.4697,8.9628],[10.4899,8.9651],[10.4989,8.9651],[10.5101,8.9695],[10.5191,8.9673],[10.5303,8.9695],[10.5393,8.9695],[10.5438,8.9695],[10.5551,8.9695],[10.5663,8.9695],[10.5887,8.974],[10.5977,8.9763],[10.6022,8.9853],[10.6067,8.992],[10.6134,9.0032],[10.6202,9.0077],[10.6269,9.019],[10.6292,9.0302],[10.6337,9.0437],[10.6381,9.0549],[10.6404,9.0729],[10.6381,9.0818],[10.6337,9.0863],[10.6269,9.0908],[10.6224,9.0931],[10.6247,9.0998],[10.6247,9.102],[10.6337,9.111],[10.6359,9.12],[10.6359,9.1268],[10.6337,9.1312],[10.6292,9.1335],[10.6247,9.138],[10.6179,9.1402],[10.6134,9.1492],[10.6134,9.1649],[10.6112,9.1672],[10.6112,9.1762],[10.6134,9.1829],[10.6112,9.1896],[10.6,9.1964],[10.5977,9.2098],[10.5977,9.2233],[10.5932,9.2323],[10.5887,9.239],[10.5798,9.2458],[10.5775,9.2907],[10.5775,9.2974],[10.5798,9.3064],[10.582,9.3131],[10.5798,9.3266],[10.5775,9.3334],[10.573,9.3334],[10.5708,9.3379],[10.5595,9.3513],[10.5618,9.3626],[10.5663,9.3715],[10.564,9.3783],[10.5595,9.3828],[10.5595,9.3895],[10.564,9.3962],[10.5685,9.4007],[10.5708,9.4007],[10.5775,9.4097],[10.5798,9.4187],[10.5798,9.4389],[10.5775,9.4456],[10.5663,9.4659],[10.5573,9.4726],[10.5483,9.4771],[10.5326,9.4928],[10.5191,9.504],[10.5169,9.5108],[10.5124,9.5108],[10.5101,9.5153],[10.5079,9.522],[10.5034,9.5265],[10.4989,9.5287],[10.4922,9.5422],[10.4899,9.5534],[10.4832,9.5557],[10.4787,9.5579],[10.4652,9.5602],[10.4495,9.5714],[10.4293,9.5804],[10.3934,9.5939],[10.3821,9.5984],[10.3731,9.6029],[10.3619,9.6096],[10.3529,9.6163],[10.3395,9.6298],[10.326,9.641],[10.3125,9.6433],[10.2968,9.6523],[10.2923,9.6567],[10.2811,9.6635],[10.2766,9.6657],[10.2631,9.668],[10.2586,9.668],[10.2451,9.6657],[10.2294,9.6612],[10.2115,9.659],[10.1957,9.6567],[10.1867,9.6545],[10.1845,9.6523],[10.1665,9.65],[10.162,9.6523],[10.1598,9.6567],[10.1441,9.6927],[10.1373,9.7084],[10.1306,9.7219],[10.1284,9.7241],[10.1126,9.7331],[10.0969,9.7421],[10.061,9.7578],[10.0453,9.7601],[10.0228,9.7668],[10.0161,9.7668],[10.0093,9.769],[10.0048,9.7668],[10.0026,9.7668],[9.9936,9.769],[9.9846,9.769],[9.9667,9.7735],[9.9667,9.7713],[9.9622,9.7556],[9.9622,9.7466],[9.9622,9.7264],[9.9712,9.7084],[9.9756,9.6904],[9.9846,9.6635],[9.9914,9.6455],[9.9914,9.6388],[9.9801,9.6231],[9.9622,9.6118],[9.942,9.6096],[9.915,9.6118],[9.906,9.6118],[9.8813,9.6073],[9.8544,9.6073],[9.8162,9.5939],[9.8095,9.5871],[9.7937,9.5669],[9.7848,9.5579],[9.7825,9.5557],[9.778,9.5512],[9.7578,9.5445],[9.7466,9.5377],[9.7421,9.5355],[9.7331,9.5332],[9.7129,9.5287],[9.7039,9.5265],[9.6949,9.522],[9.6859,9.5198],[9.6702,9.5175],[9.659,9.5175],[9.6567,9.522],[9.6455,9.5243],[9.632,9.5198],[9.6208,9.5175],[9.6118,9.5153],[9.6073,9.5153],[9.5737,9.5085],[9.5647,9.5063],[9.5512,9.504],[9.5422,9.5085],[9.531,9.5153],[9.5287,9.522],[9.5243,9.5287],[9.5175,9.5377],[9.5085,9.54],[9.4928,9.5287],[9.4838,9.5198],[9.4816,9.5153],[9.4771,9.5085],[9.4726,9.5085],[9.4614,9.5018],[9.4456,9.4995],[9.4367,9.4973],[9.4232,9.4995],[9.4075,9.504],[9.4052,9.5085],[9.403,9.513],[9.3985,9.531],[9.3985,9.5377],[9.394,9.5467],[9.3895,9.5512],[9.3693,9.5602],[9.3648,9.5624],[9.3626,9.5669],[9.3581,9.5714],[9.3558,9.5714],[9.3513,9.5714],[9.3401,9.5759],[9.3356,9.5781],[9.3334,9.5871],[9.3311,9.5916],[9.3266,9.5961],[9.3244,9.6006],[9.3199,9.6118],[9.3199,9.6186],[9.3131,9.6231],[9.3042,9.6208],[9.2952,9.6253],[9.284,9.6365],[9.284,9.6433],[9.2884,9.6523],[9.2907,9.6612],[9.2952,9.6725],[9.2907,9.6837],[9.2884,9.6927],[9.2795,9.7084],[9.2727,9.7151],[9.2705,9.7174],[9.2615,9.7129],[9.2503,9.7017],[9.248,9.6972],[9.2435,9.6972],[9.2368,9.6927],[9.2098,9.7017],[9.2031,9.7039],[9.1986,9.7084],[9.1829,9.7241],[9.1739,9.7309],[9.1694,9.7331],[9.1604,9.7398],[9.1515,9.7443],[9.1515,9.7488],[9.1515,9.7511],[9.1559,9.7556],[9.1604,9.7578],[9.1694,9.7623],[9.1739,9.7645],[9.1851,9.769],[9.2121,9.7825],[9.2188,9.7848],[9.2301,9.7915],[9.2525,9.8095],[9.2615,9.8184],[9.266,9.8297],[9.2682,9.8364],[9.2705,9.8431],[9.2727,9.8499],[9.275,9.8589],[9.2772,9.8701],[9.2795,9.8723],[9.2862,9.8791],[9.2907,9.8903],[9.2907,9.9015],[9.2907,9.9083],[9.284,9.9307],[9.2795,9.9532],[9.275,9.9577],[9.2705,9.9622],[9.2682,9.9689],[9.266,9.9779],[9.2637,9.9801],[9.2637,9.9891],[9.2637,9.9914],[9.2593,10.0071],[9.2548,10.0161],[9.2503,10.0251],[9.248,10.0318],[9.239,10.034],[9.2211,10.0453],[9.2166,10.0453],[9.2031,10.0475],[9.1896,10.0475],[9.1762,10.0475],[9.1627,10.0453],[9.1604,10.043],[9.1492,10.0408],[9.1447,10.043],[9.1425,10.043],[9.1357,10.043],[9.1245,10.0385],[9.1155,10.0363],[9.0863,10.0251],[9.0751,10.0228],[9.0639,10.0206],[9.0594,10.0183],[9.0481,10.0161],[9.0414,10.0161],[9.0302,10.0138],[9.0145,10.0138],[8.9987,10.0093],[8.992,10.0093],[8.9853,10.0093],[8.983,10.0116],[8.9785,10.0116],[8.9673,10.0183],[8.9561,10.0228],[8.9538,10.0273],[8.9561,10.034],[8.9583,10.0363],[8.9583,10.0453],[8.9606,10.052],[8.9606,10.061],[8.9628,10.07],[8.9628,10.079],[8.9673,10.0947],[8.9673,10.1037],[8.9695,10.1104],[8.9718,10.1284],[8.974,10.1373],[8.9718,10.1441],[8.9718,10.1463],[8.9718,10.1508],[8.974,10.1553],[8.9763,10.162],[8.9785,10.18],[8.974,10.189],[8.9651,10.1957],[8.9516,10.2025],[8.9381,10.2092],[8.9314,10.2159],[8.9291,10.2182],[8.9291,10.2294],[8.9314,10.2429],[8.9359,10.2586],[8.9359,10.2676],[8.9381,10.2743],[8.9448,10.2788],[8.9538,10.2901],[8.9538,10.308],[8.9538,10.3125],[8.9426,10.3327],[8.9381,10.3417],[8.9359,10.3484],[8.9291,10.3529],[8.9269,10.3529],[8.9134,10.3552],[8.8977,10.3574],[8.8932,10.3574],[8.8865,10.3574],[8.8707,10.3574],[8.8595,10.3664],[8.8505,10.3709],[8.8281,10.3799],[8.8236,10.3844],[8.8168,10.3866],[8.8101,10.3844],[8.8056,10.3821],[8.7989,10.3821],[8.7944,10.3844],[8.7899,10.3889],[8.7787,10.3934],[8.7742,10.3956],[8.7719,10.3934],[8.7719,10.3889],[8.7742,10.3844],[8.7764,10.3799],[8.7764,10.3731],[8.7742,10.3642],[8.7742,10.3597],[8.7652,10.344],[8.7629,10.3372],[8.7629,10.3305],[8.7652,10.3282],[8.7697,10.3237],[8.7719,10.3148],[8.7674,10.3035],[8.7652,10.299],[8.754,10.2878],[8.7472,10.2811],[8.7382,10.2788],[8.7293,10.2721],[8.7248,10.2676],[8.718,10.2631],[8.7113,10.2609],[8.7023,10.2541],[8.6978,10.2496],[8.6888,10.2406],[8.6709,10.2249],[8.6619,10.2182],[8.6551,10.2115],[8.6484,10.2047],[8.6462,10.1957],[8.6462,10.1823],[8.6462,10.1688],[8.6462,10.162],[8.6439,10.1576],[8.6394,10.1508],[8.6327,10.1441],[8.6304,10.1351],[8.6282,10.1239],[8.6282,10.1216],[8.6282,10.1126],[8.6304,10.1037],[8.6349,10.0969],[8.6417,10.0947],[8.6462,10.0902],[8.6484,10.0812],[8.6507,10.0722],[8.6619,10.0542],[8.6686,10.0453],[8.6731,10.0385],[8.6754,10.0318],[8.6798,10.0138],[8.6798,10.0048],[8.6776,9.9936],[8.6731,9.9869],[8.6619,9.9801],[8.6529,9.9779],[8.6417,9.9779],[8.6349,9.9801],[8.6237,9.9779],[8.617,9.9756],[8.6102,9.9644],[8.6102,9.9577],[8.617,9.9532],[8.6237,9.9465],[8.6327,9.9307],[8.6349,9.924],[8.6349,9.9173],[8.6282,9.9083],[8.6192,9.8926],[8.6192,9.8836],[8.6215,9.8768],[8.6259,9.8679],[8.6282,9.8589],[8.6282,9.8544],[8.6304,9.8454],[8.6304,9.8297],[8.6282,9.814],[8.6282,9.8027],[8.6259,9.7892],[8.6282,9.778],[8.6304,9.7713],[8.6304,9.7623],[8.6304,9.7601],[8.6237,9.7533],[8.6215,9.7511],[8.6147,9.7421],[8.599,9.7376],[8.5945,9.7309],[8.5923,9.7219],[8.5945,9.7106],[8.5968,9.6994],[8.599,9.6904],[8.5968,9.6837],[8.5923,9.6747],[8.5878,9.668],[8.581,9.6657],[8.5765,9.668],[8.5653,9.6702],[8.5631,9.6702],[8.5541,9.6635],[8.5541,9.6523],[8.5653,9.6276],[8.5676,9.6208],[8.5676,9.6073],[8.5653,9.5961],[8.5631,9.5916],[8.5608,9.5894],[8.5541,9.5804],[8.5541,9.5692],[8.5563,9.5534]]]}},{"type":"Feature","properties":{"id":"oyo","name":"Oyo"},"geometry":{"type":"Polygon","coordinates":[[[2.6747,7.8826],[2.6792,7.8759],[2.6859,7.8691],[2.6859,7.8669],[2.6904,7.8669],[2.6927,7.8691],[2.6949,7.8714],[2.6994,7.8736],[2.7061,7.8759],[2.7129,7.8781],[2.7174,7.8781],[2.7219,7.8804],[2.7263,7.8804],[2.7331,7.8871],[2.7511,7.8961],[2.7533,7.8983],[2.7555,7.9006],[2.7623,7.9051],[2.7645,7.9073],[2.7668,7.9118],[2.769,7.9208],[2.7713,7.923],[2.7735,7.932],[2.778,7.9455],[2.7802,7.9477],[2.7847,7.95],[2.7937,7.9522],[2.796,7.9522],[2.8005,7.9522],[2.8049,7.9522],[2.8072,7.9522],[2.8139,7.95],[2.8184,7.9455],[2.8184,7.9432],[2.8207,7.9387],[2.8229,7.9365],[2.8274,7.9343],[2.8386,7.932],[2.8431,7.9298],[2.8454,7.9298],[2.8499,7.9298],[2.8701,7.9275],[2.8791,7.9253],[2.8858,7.9253],[2.8903,7.9253],[2.8925,7.9253],[2.897,7.9253],[2.8993,7.9275],[2.9083,7.9275],[2.9127,7.9275],[2.9172,7.9253],[2.9195,7.923],[2.9195,7.9208],[2.915,7.9208],[2.9105,7.9185],[2.897,7.9073],[2.8948,7.9051],[2.8903,7.9006],[2.8858,7.8804],[2.8836,7.8781],[2.8813,7.8646],[2.8813,7.8624],[2.8813,7.8601],[2.8836,7.8557],[2.8836,7.8512],[2.8836,7.8467],[2.8813,7.8422],[2.8791,7.8265],[2.8791,7.822],[2.8791,7.8197],[2.8791,7.8175],[2.8813,7.813],[2.8836,7.8107],[2.8903,7.8062],[2.897,7.8018],[2.9038,7.7995],[2.9083,7.7973],[2.9105,7.795],[2.915,7.786],[2.915,7.7815],[2.915,7.7748],[2.915,7.7726],[2.915,7.7681],[2.9127,7.7636],[2.9127,7.7613],[2.9127,7.7591],[2.9127,7.7568],[2.9127,7.7523],[2.915,7.7501],[2.9195,7.7523],[2.9262,7.7568],[2.9442,7.7703],[2.9464,7.7726],[2.9509,7.7771],[2.9532,7.7793],[2.9622,7.795],[2.9644,7.8018],[2.9711,7.813],[2.9734,7.8152],[2.9756,7.8242],[2.9779,7.831],[2.9779,7.8354],[2.9779,7.8377],[2.9779,7.8422],[2.9779,7.8444],[2.9779,7.8467],[2.9801,7.8489],[2.9801,7.8534],[2.9824,7.8579],[2.9869,7.8601],[2.9891,7.8557],[2.9936,7.8467],[2.9936,7.8444],[2.9981,7.8354],[3.0048,7.8332],[3.0071,7.8287],[3.0093,7.8265],[3.016,7.813],[3.0183,7.8085],[3.0205,7.7995],[3.025,7.7928],[3.0228,7.7883],[3.0205,7.7793],[3.0205,7.7726],[3.025,7.7636],[3.025,7.7591],[3.025,7.7546],[3.0228,7.7523],[3.0205,7.7479],[3.0183,7.7389],[3.016,7.7366],[3.016,7.7299],[3.0138,7.7254],[3.0093,7.7209],[3.0071,7.7187],[3.0071,7.7164],[3.0071,7.7142],[3.0071,7.7097],[3.0116,7.7074],[3.0116,7.7029],[3.0116,7.7007],[3.0093,7.6985],[3.0026,7.7007],[2.9958,7.6985],[2.9981,7.6917],[2.9936,7.685],[2.9958,7.676],[3.0003,7.676],[3.0026,7.6737],[3.0003,7.667],[2.9958,7.658],[2.9981,7.6513],[2.9981,7.649],[2.9936,7.6401],[2.9913,7.6333],[2.9891,7.6311],[2.9846,7.6266],[2.9824,7.6243],[2.9779,7.6221],[2.9756,7.6198],[2.9734,7.6154],[2.9734,7.6109],[2.9734,7.6064],[2.9779,7.5907],[2.9801,7.5862],[2.9824,7.5839],[2.9869,7.5794],[2.9913,7.5772],[2.9981,7.5682],[3.0003,7.566],[3.0071,7.5547],[3.0138,7.5547],[3.0205,7.5525],[3.025,7.5525],[3.0273,7.5525],[3.034,7.5502],[3.043,7.539],[3.0452,7.5345],[3.0542,7.5278],[3.0587,7.5278],[3.061,7.5255],[3.0655,7.5188],[3.0744,7.5031],[3.0744,7.4986],[3.0767,7.4918],[3.0767,7.4873],[3.0744,7.4829],[3.0699,7.4761],[3.0699,7.4716],[3.0699,7.4649],[3.0744,7.4559],[3.0744,7.4514],[3.0812,7.4424],[3.0812,7.4379],[3.0857,7.4379],[3.0902,7.4357],[3.0947,7.4335],[3.0969,7.4312],[3.1036,7.42],[3.1081,7.4155],[3.1149,7.4087],[3.1238,7.4043],[3.1328,7.3998],[3.1396,7.3953],[3.1441,7.3908],[3.1463,7.3885],[3.1485,7.384],[3.1508,7.3818],[3.1553,7.3773],[3.162,7.3751],[3.1688,7.3728],[3.1822,7.3706],[3.198,7.3683],[3.2069,7.3683],[3.2137,7.3706],[3.2204,7.3706],[3.2294,7.3706],[3.2496,7.3683],[3.2563,7.3638],[3.2631,7.3548],[3.2833,7.3346],[3.2878,7.3234],[3.2923,7.3212],[3.2968,7.3189],[3.3058,7.3144],[3.3102,7.3144],[3.3192,7.3144],[3.3237,7.3144],[3.3282,7.3257],[3.3305,7.3279],[3.3327,7.3346],[3.3349,7.3369],[3.3394,7.3436],[3.3462,7.3571],[3.3507,7.3638],[3.3574,7.3706],[3.3641,7.3773],[3.3686,7.3818],[3.3799,7.393],[3.3866,7.402],[3.3866,7.4043],[3.3821,7.4132],[3.3821,7.4267],[3.3821,7.4312],[3.3821,7.4335],[3.3844,7.4357],[3.3866,7.4379],[3.3933,7.4402],[3.3956,7.4402],[3.4001,7.4447],[3.4001,7.4492],[3.3933,7.4537],[3.3933,7.4559],[3.3956,7.4582],[3.4023,7.4649],[3.4068,7.4671],[3.4113,7.4716],[3.418,7.4739],[3.4203,7.4761],[3.427,7.4806],[3.4315,7.4851],[3.4383,7.4896],[3.4427,7.4918],[3.445,7.4941],[3.454,7.4941],[3.454,7.4896],[3.4562,7.4829],[3.4585,7.4784],[3.4674,7.4716],[3.4652,7.4649],[3.463,7.4604],[3.4607,7.4582],[3.4585,7.4492],[3.4652,7.4424],[3.4719,7.4357],[3.4832,7.4177],[3.4832,7.411],[3.4809,7.4065],[3.4787,7.4043],[3.4764,7.3998],[3.4742,7.3975],[3.4719,7.3908],[3.4742,7.3885],[3.4787,7.3885],[3.4922,7.393],[3.5034,7.3998],[3.5124,7.4065],[3.5191,7.4132],[3.5303,7.4245],[3.5326,7.429],[3.5348,7.4312],[3.5393,7.4379],[3.5416,7.4402],[3.546,7.4402],[3.555,7.4424],[3.5797,7.4424],[3.591,7.4424],[3.6044,7.4424],[3.6471,7.4424],[3.6651,7.4447],[3.6741,7.4447],[3.692,7.4469],[3.6988,7.4469],[3.7033,7.4469],[3.7077,7.4469],[3.7077,7.4447],[3.7077,7.4402],[3.7077,7.4379],[3.7055,7.4065],[3.7055,7.3975],[3.7055,7.393],[3.7077,7.3885],[3.71,7.3908],[3.7145,7.3908],[3.7167,7.3908],[3.719,7.3885],[3.7212,7.3818],[3.7212,7.3796],[3.719,7.3549],[3.719,7.3436],[3.7167,7.3279],[3.7167,7.3189],[3.7145,7.3099],[3.7145,7.3077],[3.7145,7.3054],[3.7145,7.3032],[3.719,7.301],[3.7414,7.301],[3.7504,7.301],[3.7594,7.301],[3.7616,7.301],[3.7639,7.2965],[3.7616,7.292],[3.7594,7.2807],[3.7594,7.274],[3.7616,7.2695],[3.7616,7.2673],[3.7616,7.2583],[3.7616,7.2471],[3.7616,7.2381],[3.7639,7.2313],[3.7684,7.2246],[3.7796,7.2021],[3.7774,7.1909],[3.7774,7.1797],[3.7819,7.1729],[3.7863,7.164],[3.7908,7.1527],[3.7931,7.1437],[3.7953,7.1393],[3.7931,7.1325],[3.7819,7.1213],[3.7527,7.1078],[3.7392,7.1033],[3.728,7.0966],[3.7257,7.0876],[3.728,7.0831],[3.7302,7.0809],[3.7392,7.0809],[3.7594,7.0809],[3.7841,7.0809],[3.7976,7.0809],[3.8155,7.0831],[3.8245,7.0831],[3.8739,7.0831],[3.8896,7.0831],[3.9166,7.0831],[3.9391,7.0831],[3.9525,7.0876],[3.9593,7.0921],[3.9615,7.0988],[3.966,7.1101],[3.9772,7.1168],[3.9974,7.1258],[4.0064,7.128],[4.0132,7.1258],[4.0199,7.1235],[4.0266,7.128],[4.0469,7.1393],[4.0581,7.137],[4.0693,7.1325],[4.085,7.1325],[4.0873,7.1325],[4.0873,7.137],[4.085,7.1393],[4.0805,7.1393],[4.0783,7.1393],[4.076,7.1348],[4.0738,7.1348],[4.0716,7.1393],[4.0716,7.1415],[4.0716,7.146],[4.076,7.1505],[4.0805,7.1505],[4.0828,7.1482],[4.085,7.1505],[4.0828,7.155],[4.0805,7.1572],[4.076,7.1595],[4.0716,7.1617],[4.0716,7.1685],[4.0738,7.1707],[4.0783,7.1774],[4.0783,7.1819],[4.0783,7.1864],[4.0783,7.1909],[4.0805,7.1954],[4.0805,7.1999],[4.0873,7.2111],[4.0895,7.2179],[4.0918,7.2224],[4.094,7.2291],[4.0963,7.2313],[4.1007,7.2313],[4.1075,7.2448],[4.112,7.2515],[4.1255,7.2583],[4.1255,7.265],[4.1299,7.2762],[4.1299,7.283],[4.1299,7.2942],[4.1299,7.3054],[4.1299,7.3099],[4.1322,7.3122],[4.1367,7.3301],[4.1389,7.3526],[4.1344,7.3638],[4.1344,7.3683],[4.1344,7.3728],[4.1344,7.3885],[4.1344,7.4065],[4.1389,7.4222],[4.1412,7.4402],[4.1457,7.4492],[4.1479,7.4582],[4.1524,7.4626],[4.1569,7.4784],[4.1636,7.4941],[4.1659,7.5053],[4.1636,7.5143],[4.1569,7.5345],[4.1546,7.539],[4.1524,7.548],[4.1524,7.557],[4.1546,7.566],[4.1546,7.5682],[4.1479,7.5704],[4.1434,7.5794],[4.1434,7.5817],[4.1457,7.5862],[4.1389,7.5996],[4.121,7.6109],[4.1097,7.6131],[4.094,7.6221],[4.0895,7.6311],[4.0805,7.6446],[4.0693,7.667],[4.0536,7.676],[4.0581,7.6805],[4.0738,7.6805],[4.076,7.6895],[4.0783,7.7074],[4.0738,7.7299],[4.0693,7.7411],[4.0626,7.7479],[4.0603,7.7546],[4.0671,7.7546],[4.0716,7.7591],[4.0693,7.7703],[4.0693,7.7838],[4.0716,7.8018],[4.0716,7.8085],[4.076,7.8242],[4.0918,7.8512],[4.0895,7.8669],[4.0985,7.8646],[4.1097,7.8557],[4.1165,7.8489],[4.1299,7.8489],[4.1479,7.8489],[4.1636,7.8557],[4.1749,7.8601],[4.1861,7.8646],[4.1973,7.8646],[4.2018,7.8691],[4.2018,7.8781],[4.1973,7.8893],[4.1928,7.9006],[4.1906,7.9096],[4.1973,7.9163],[4.2085,7.9185],[4.2153,7.9208],[4.231,7.9275],[4.2332,7.932],[4.2355,7.9432],[4.2355,7.95],[4.2355,7.9567],[4.2512,7.9657],[4.2647,7.9702],[4.2759,7.9702],[4.2849,7.9657],[4.2939,7.9567],[4.2961,7.9545],[4.3074,7.9455],[4.3163,7.9432],[4.3276,7.9343],[4.3343,7.923],[4.3388,7.9163],[4.3478,7.9051],[4.3523,7.8961],[4.3613,7.8826],[4.3635,7.8714],[4.3657,7.8579],[4.3657,7.8512],[4.368,7.8489],[4.3702,7.8489],[4.3747,7.8512],[4.377,7.8534],[4.3815,7.8601],[4.386,7.8691],[4.3949,7.8848],[4.3949,7.8916],[4.3972,7.8961],[4.4017,7.8983],[4.4084,7.8983],[4.4152,7.8938],[4.4174,7.8893],[4.4219,7.8893],[4.4286,7.8893],[4.4331,7.8916],[4.4354,7.8961],[4.4399,7.9073],[4.4399,7.9163],[4.4421,7.9298],[4.4488,7.9387],[4.4578,7.941],[4.4691,7.9432],[4.4825,7.941],[4.496,7.9432],[4.5005,7.9477],[4.5072,7.9522],[4.5117,7.9545],[4.523,7.9567],[4.5252,7.9567],[4.5297,7.959],[4.5432,7.9657],[4.5499,7.9702],[4.5566,7.9814],[4.5634,8.0084],[4.5634,8.0196],[4.5634,8.0241],[4.5634,8.0331],[4.5611,8.0421],[4.5589,8.0488],[4.5611,8.0533],[4.5701,8.0555],[4.5566,8.0578],[4.5342,8.0712],[4.505,8.0915],[4.496,8.1162],[4.496,8.1229],[4.4938,8.1341],[4.4938,8.1498],[4.4938,8.1678],[4.4893,8.1813],[4.4848,8.2037],[4.478,8.2172],[4.4601,8.2352],[4.4421,8.2532],[4.4174,8.2734],[4.3927,8.3048],[4.3478,8.3901],[4.2602,8.5743],[4.2085,8.6798],[4.213,8.6821],[4.2108,8.6911],[4.2063,8.7045],[4.2018,8.718],[4.1906,8.754],[4.1951,8.8168],[4.222,8.8618],[4.258,8.8999],[4.3208,8.9426],[4.3343,8.9583],[4.3343,8.9808],[4.3298,8.9898],[4.3253,8.9943],[4.3163,8.9987],[4.2894,8.992],[4.2737,8.9785],[4.2535,8.9673],[4.2108,8.9695],[4.1344,8.9943],[4.0716,9.0145],[4.0132,9.0347],[3.9907,9.0481],[3.9727,9.0773],[3.9435,9.1492],[3.9211,9.1739],[3.8627,9.1874],[3.8268,9.1829],[3.811,9.1739],[3.7953,9.1649],[3.7706,9.147],[3.7549,9.12],[3.7527,9.0863],[3.7437,9.0459],[3.719,9.0122],[3.683,8.9943],[3.6561,8.9808],[3.6044,8.9606],[3.5258,8.9291],[3.4158,8.8595],[3.3888,8.8415],[3.3394,8.8258],[3.281,8.8034],[3.2384,8.7832],[3.198,8.7966],[3.1845,8.8123],[3.1643,8.8079],[3.1306,8.7787],[3.1036,8.7495],[3.052,8.7293],[3.0138,8.7113],[2.9419,8.6372],[2.9217,8.6125],[2.888,8.608],[2.8409,8.6102],[2.8027,8.6102],[2.7758,8.59],[2.7623,8.572],[2.7555,8.5676],[2.7578,8.5631],[2.7578,8.5608],[2.7578,8.5563],[2.7533,8.5473],[2.7511,8.5429],[2.7488,8.5384],[2.7488,8.5339],[2.7555,8.5271],[2.7623,8.5226],[2.7623,8.5137],[2.7623,8.5114],[2.7623,8.5047],[2.76,8.5047],[2.7555,8.5002],[2.7555,8.4979],[2.7511,8.4934],[2.7511,8.489],[2.7533,8.4867],[2.7578,8.4822],[2.7533,8.4777],[2.7488,8.4732],[2.7466,8.4665],[2.7443,8.462],[2.7421,8.453],[2.7421,8.4485],[2.7398,8.444],[2.7353,8.4373],[2.7308,8.4351],[2.7263,8.4328],[2.7196,8.4328],[2.7151,8.4306],[2.7106,8.4261],[2.7084,8.4238],[2.7061,8.4193],[2.7084,8.4126],[2.7106,8.4059],[2.7129,8.3991],[2.7129,8.3946],[2.7151,8.3879],[2.7084,8.3699],[2.7061,8.3654],[2.7039,8.3632],[2.6994,8.3609],[2.6972,8.3565],[2.6972,8.343],[2.6972,8.3362],[2.6949,8.3295],[2.6949,8.3273],[2.6949,8.325],[2.6949,8.3228],[2.6972,8.3205],[2.6972,8.3071],[2.7016,8.3003],[2.7039,8.2913],[2.7084,8.2846],[2.7106,8.2756],[2.7129,8.2689],[2.7151,8.2599],[2.7196,8.2532],[2.7219,8.2509],[2.7241,8.2487],[2.7263,8.2464],[2.7286,8.2419],[2.7353,8.2329],[2.7376,8.2284],[2.7398,8.224],[2.7443,8.2195],[2.7488,8.215],[2.7533,8.2105],[2.7511,8.2082],[2.7511,8.206],[2.7511,8.2015],[2.7511,8.1948],[2.7511,8.1903],[2.7488,8.1656],[2.7443,8.1566],[2.7398,8.1521],[2.7376,8.1476],[2.7353,8.1431],[2.7331,8.1386],[2.7308,8.1364],[2.7308,8.1341],[2.7308,8.1274],[2.7308,8.1251],[2.7308,8.1229],[2.7331,8.1162],[2.7308,8.1094],[2.7308,8.1049],[2.7286,8.0982],[2.7241,8.0915],[2.7241,8.0847],[2.7263,8.078],[2.7286,8.0712],[2.7286,8.069],[2.7286,8.0668],[2.7241,8.06],[2.7196,8.0533],[2.7196,8.0465],[2.7174,8.0376],[2.7151,8.0308],[2.7129,8.0218],[2.7106,8.0151],[2.7084,8.0084],[2.7084,7.9994],[2.7084,7.9971],[2.7039,7.9679],[2.7016,7.9612],[2.6994,7.9522],[2.6994,7.9477],[2.6972,7.9455],[2.6972,7.941],[2.6972,7.9365],[2.6949,7.9298],[2.6904,7.9253],[2.6904,7.9208],[2.6882,7.914],[2.6837,7.9073],[2.6814,7.9006],[2.6769,7.8961],[2.6769,7.8938],[2.6724,7.8916],[2.668,7.8893],[2.6747,7.8826]]]}},{"type":"Feature","properties":{"id":"delta","name":"Delta"},"geometry":{"type":"Polygon","coordinates":[[[4.9766,5.8884],[4.9991,5.8569],[5.0013,5.8569],[5.0103,5.8457],[5.053,5.7828],[5.0799,5.7469],[5.0844,5.7402],[5.0844,5.7267],[5.0844,5.7177],[5.0844,5.7154],[5.0844,5.7132],[5.0844,5.7087],[5.0844,5.702],[5.0889,5.693],[5.0889,5.6885],[5.1068,5.6616],[5.1248,5.6301],[5.1428,5.6032],[5.1563,5.5964],[5.172,5.5874],[5.181,5.5874],[5.1854,5.5919],[5.1922,5.5964],[5.2057,5.6054],[5.2281,5.6189],[5.2461,5.6211],[5.3022,5.6144],[5.3516,5.5964],[5.3741,5.5987],[5.3876,5.6077],[5.3988,5.6368],[5.4123,5.6481],[5.4347,5.6526],[5.446,5.6548],[5.4864,5.6301],[5.4931,5.6279],[5.4976,5.6234],[5.5021,5.6211],[5.5043,5.6166],[5.5066,5.6077],[5.5088,5.5987],[5.4954,5.6077],[5.4796,5.6211],[5.4662,5.6301],[5.4347,5.6346],[5.4168,5.6391],[5.4078,5.6368],[5.401,5.6301],[5.4033,5.6121],[5.3966,5.5964],[5.3966,5.5942],[5.3943,5.5874],[5.3876,5.5852],[5.3763,5.5874],[5.3494,5.5852],[5.3269,5.5874],[5.3202,5.5897],[5.2865,5.6009],[5.2461,5.6032],[5.2326,5.6009],[5.2304,5.6032],[5.2259,5.6009],[5.2191,5.6009],[5.2169,5.6009],[5.2146,5.6009],[5.2102,5.5987],[5.2079,5.5987],[5.1989,5.5852],[5.1967,5.5807],[5.181,5.5717],[5.1787,5.5695],[5.1765,5.565],[5.1697,5.5582],[5.1607,5.547],[5.1563,5.538],[5.1765,5.5111],[5.2079,5.4684],[5.2214,5.4549],[5.2281,5.4504],[5.2393,5.4392],[5.2596,5.428],[5.3179,5.4033],[5.3539,5.3898],[5.3786,5.3898],[5.3876,5.3898],[5.3921,5.3898],[5.4302,5.3853],[5.4729,5.3988],[5.4819,5.4145],[5.4909,5.4325],[5.4954,5.4572],[5.4999,5.4796],[5.5088,5.4999],[5.5246,5.5133],[5.5403,5.5178],[5.556,5.5178],[5.5672,5.5156],[5.5785,5.5201],[5.5807,5.5223],[5.6009,5.5178],[5.6077,5.5223],[5.6121,5.5313],[5.6121,5.5335],[5.6121,5.538],[5.6121,5.5425],[5.6166,5.5425],[5.6211,5.5425],[5.6256,5.5403],[5.6301,5.538],[5.6346,5.5335],[5.6279,5.5313],[5.6054,5.5178],[5.5987,5.5133],[5.5942,5.5088],[5.5852,5.5066],[5.5695,5.5043],[5.5538,5.5066],[5.5313,5.5043],[5.5201,5.5021],[5.5088,5.4684],[5.5066,5.4437],[5.5156,5.4257],[5.5246,5.4168],[5.5268,5.4078],[5.5201,5.4055],[5.5133,5.3988],[5.4662,5.3718],[5.4325,5.3651],[5.3898,5.3629],[5.3853,5.3629],[5.3786,5.3629],[5.3516,5.3606],[5.3337,5.3651],[5.3269,5.3674],[5.3224,5.3674],[5.3202,5.3539],[5.3314,5.3],[5.3337,5.291],[5.3449,5.2304],[5.3516,5.1832],[5.3516,5.172],[5.3516,5.1697],[5.3516,5.1675],[5.3539,5.1675],[5.3606,5.1585],[5.3718,5.145],[5.3876,5.1383],[5.3966,5.1428],[5.4123,5.1495],[5.4213,5.1518],[5.4325,5.1518],[5.4437,5.1473],[5.4482,5.1383],[5.4482,5.1338],[5.4572,5.1271],[5.4639,5.1248],[5.4684,5.1203],[5.4684,5.1068],[5.4729,5.0979],[5.4707,5.0934],[5.4752,5.0934],[5.4931,5.0911],[5.5021,5.0934],[5.5111,5.0889],[5.5178,5.0799],[5.5246,5.0687],[5.5335,5.0619],[5.5448,5.0574],[5.5515,5.0552],[5.5695,5.0552],[5.5852,5.0552],[5.5852,5.0485],[5.5919,5.044],[5.5987,5.0417],[5.6121,5.0395],[5.6189,5.035],[5.6256,5.026],[5.6324,5.0193],[5.6481,5.0125],[5.6571,5.0125],[5.6616,5.0125],[5.6638,5.0148],[5.6638,5.0193],[5.6638,5.0238],[5.666,5.0282],[5.675,5.0305],[5.6818,5.0282],[5.6907,5.0238],[5.702,5.0238],[5.711,5.0238],[5.7199,5.0305],[5.7244,5.0417],[5.7289,5.0507],[5.7312,5.0552],[5.7357,5.0574],[5.7424,5.0552],[5.7491,5.053],[5.7514,5.053],[5.7581,5.0619],[5.7649,5.0642],[5.7693,5.0642],[5.7738,5.0619],[5.7806,5.0642],[5.7873,5.0732],[5.7896,5.0777],[5.7896,5.0844],[5.7918,5.0866],[5.8053,5.0844],[5.8143,5.0821],[5.8255,5.0777],[5.83,5.0799],[5.8345,5.0821],[5.8412,5.0821],[5.8412,5.0799],[5.839,5.0754],[5.839,5.0709],[5.8412,5.0687],[5.8479,5.0664],[5.8524,5.0709],[5.8524,5.0754],[5.8569,5.0777],[5.8637,5.0754],[5.8659,5.0687],[5.8682,5.0687],[5.8704,5.0709],[5.8749,5.0866],[5.8771,5.1001],[5.8771,5.1046],[5.8816,5.1091],[5.8816,5.1024],[5.8861,5.1001],[5.8974,5.1046],[5.9086,5.1046],[5.9153,5.1091],[5.9153,5.1181],[5.9153,5.1316],[5.9176,5.1338],[5.9221,5.136],[5.9265,5.1405],[5.9265,5.154],[5.9288,5.1607],[5.9333,5.1652],[5.9468,5.1652],[5.9602,5.1563],[5.9647,5.1495],[5.9715,5.1405],[5.976,5.1383],[5.9804,5.1316],[5.9849,5.1248],[6.0007,5.1068],[6.0052,5.1046],[6.0186,5.0979],[6.0276,5.0956],[6.0433,5.0956],[6.0546,5.0979],[6.0613,5.1024],[6.0635,5.1113],[6.0635,5.1226],[6.0658,5.1338],[6.0703,5.1405],[6.086,5.1518],[6.0972,5.1495],[6.1085,5.1428],[6.1197,5.1338],[6.1287,5.1293],[6.1444,5.1338],[6.1511,5.1405],[6.1556,5.1518],[6.1668,5.1607],[6.1781,5.1607],[6.1915,5.1585],[6.2005,5.1697],[6.2028,5.1787],[6.2005,5.1899],[6.1983,5.2034],[6.196,5.2102],[6.1938,5.2169],[6.196,5.2236],[6.2028,5.2326],[6.214,5.2393],[6.2342,5.2371],[6.2387,5.2349],[6.2589,5.2281],[6.2724,5.2281],[6.2791,5.2281],[6.2904,5.2349],[6.2926,5.2393],[6.2926,5.2461],[6.2904,5.2506],[6.2881,5.2596],[6.2859,5.2618],[6.2836,5.2663],[6.2836,5.2708],[6.2836,5.2753],[6.2859,5.2798],[6.2859,5.282],[6.2881,5.2843],[6.2971,5.2955],[6.2993,5.3],[6.3038,5.3],[6.3061,5.3022],[6.3151,5.3045],[6.3285,5.3112],[6.3308,5.3135],[6.333,5.3179],[6.3398,5.3202],[6.3465,5.3202],[6.3622,5.3135],[6.3802,5.309],[6.3937,5.3067],[6.4094,5.3045],[6.4251,5.3112],[6.4341,5.3224],[6.4498,5.3269],[6.4723,5.3224],[6.4902,5.3247],[6.4925,5.3269],[6.5037,5.3382],[6.5015,5.3516],[6.497,5.3696],[6.4857,5.3786],[6.4768,5.4033],[6.4835,5.4213],[6.4947,5.4257],[6.4992,5.4257],[6.5127,5.428],[6.5239,5.4392],[6.5351,5.4594],[6.5374,5.4707],[6.5374,5.4774],[6.5374,5.4909],[6.5329,5.5088],[6.5307,5.5313],[6.5419,5.5493],[6.5554,5.5515],[6.5688,5.5538],[6.5846,5.5627],[6.5913,5.574],[6.5935,5.5807],[6.5958,5.5874],[6.6003,5.5964],[6.6025,5.6077],[6.6048,5.6144],[6.6093,5.6211],[6.6138,5.6256],[6.6182,5.6324],[6.6205,5.6436],[6.6182,5.6503],[6.6115,5.6593],[6.6093,5.666],[6.607,5.6705],[6.607,5.6795],[6.6138,5.6907],[6.6138,5.702],[6.6182,5.7177],[6.634,5.7289],[6.6429,5.7469],[6.6542,5.7716],[6.6542,5.7783],[6.6519,5.7985],[6.6497,5.8165],[6.6587,5.8412],[6.6609,5.8569],[6.6744,5.8749],[6.6789,5.8884],[6.6879,5.8974],[6.6968,5.9131],[6.7036,5.9265],[6.7081,5.94],[6.7126,5.9557],[6.7148,5.9692],[6.7171,5.9804],[6.7193,5.9917],[6.7238,6.0119],[6.726,6.0299],[6.726,6.0456],[6.7171,6.0613],[6.7103,6.077],[6.7126,6.086],[6.7215,6.0972],[6.7373,6.1062],[6.7485,6.1129],[6.7552,6.1197],[6.7552,6.1242],[6.7552,6.1264],[6.7575,6.1354],[6.7597,6.1489],[6.7642,6.1556],[6.7665,6.1579],[6.7687,6.1691],[6.7665,6.1826],[6.762,6.1848],[6.753,6.1938],[6.7418,6.2095],[6.735,6.2252],[6.7305,6.2387],[6.726,6.2589],[6.726,6.2657],[6.7238,6.2746],[6.7193,6.2993],[6.7193,6.3128],[6.7171,6.324],[6.7126,6.3532],[6.7081,6.369],[6.6991,6.3824],[6.6968,6.3937],[6.6946,6.4071],[6.6924,6.4184],[6.6879,6.4318],[6.6811,6.4565],[6.6744,6.4678],[6.6721,6.4857],[6.6699,6.5015],[6.6609,6.4992],[6.6564,6.497],[6.6497,6.4902],[6.6452,6.488],[6.6317,6.4902],[6.6227,6.4947],[6.6093,6.4992],[6.5868,6.497],[6.5756,6.4947],[6.5643,6.4947],[6.5509,6.4925],[6.5396,6.4925],[6.5262,6.488],[6.5104,6.4768],[6.5015,6.4633],[6.4925,6.4565],[6.4813,6.4476],[6.4655,6.4408],[6.4498,6.4274],[6.4453,6.4251],[6.4408,6.4206],[6.4363,6.4161],[6.4341,6.4116],[6.4318,6.4071],[6.4229,6.4026],[6.4161,6.3982],[6.4094,6.3959],[6.4071,6.3937],[6.3914,6.3892],[6.3802,6.3847],[6.3712,6.3824],[6.3622,6.3847],[6.3577,6.3847],[6.342,6.3779],[6.3353,6.3779],[6.324,6.3735],[6.3196,6.3712],[6.3128,6.3667],[6.2993,6.3645],[6.2904,6.3622],[6.2814,6.3577],[6.2612,6.333],[6.2544,6.3196],[6.2477,6.3128],[6.2365,6.3038],[6.223,6.2904],[6.2118,6.2791],[6.1983,6.2836],[6.1938,6.2993],[6.1893,6.3106],[6.1803,6.3218],[6.1668,6.3308],[6.1399,6.3488],[6.1264,6.3555],[6.1174,6.351],[6.1129,6.3488],[6.1017,6.3353],[6.095,6.3285],[6.0882,6.3173],[6.086,6.3038],[6.086,6.2881],[6.077,6.2791],[6.0838,6.2634],[6.095,6.2544],[6.1129,6.241],[6.1152,6.2185],[6.1152,6.2095],[6.1152,6.2005],[6.1219,6.1803],[6.1264,6.1646],[6.1354,6.1354],[6.1421,6.1242],[6.1489,6.1152],[6.1579,6.104],[6.1646,6.095],[6.1691,6.0815],[6.1758,6.0748],[6.1938,6.0568],[6.2005,6.0501],[6.2095,6.0456],[6.223,6.0388],[6.232,6.0343],[6.241,6.0254],[6.2567,6.0164],[6.2499,5.9939],[6.2454,5.9715],[6.2432,5.967],[6.2342,5.949],[6.2297,5.9355],[6.2185,5.9176],[6.2073,5.9063],[6.2028,5.8996],[6.2005,5.8974],[6.1983,5.8951],[6.1915,5.8906],[6.1803,5.8816],[6.1691,5.8727],[6.1601,5.8659],[6.1511,5.8569],[6.1421,5.8524],[6.1332,5.8457],[6.1219,5.839],[6.1129,5.8232],[6.1085,5.8143],[6.1017,5.803],[6.0927,5.794],[6.077,5.7851],[6.0613,5.7761],[6.0501,5.7693],[6.0388,5.7649],[6.0321,5.7649],[6.0254,5.7649],[6.0209,5.7649],[6.0164,5.7649],[6.0052,5.7604],[5.9917,5.7536],[5.9827,5.7491],[5.9692,5.7491],[5.958,5.7514],[5.94,5.7469],[5.9243,5.7491],[5.9176,5.7581],[5.9063,5.7693],[5.9063,5.7806],[5.9018,5.794],[5.8951,5.7985],[5.8974,5.803],[5.9018,5.812],[5.9063,5.8255],[5.9063,5.8435],[5.9108,5.8524],[5.9221,5.8771],[5.8322,5.94],[5.8345,5.9513],[5.83,5.9602],[5.8232,5.967],[5.812,5.9849],[5.794,5.9804],[5.7649,5.9984],[5.7559,6.0029],[5.7446,6.0096],[5.6997,6.0343],[5.675,6.0478],[5.6683,6.0523],[5.6683,6.0501],[5.6571,6.0321],[5.6368,6.0299],[5.6256,6.0299],[5.6166,6.0254],[5.6054,6.0231],[5.5942,6.0186],[5.5829,6.0119],[5.5785,6.0029],[5.5717,5.9917],[5.5605,5.9894],[5.547,5.9849],[5.5358,5.9894],[5.5313,6.0052],[5.5291,6.0119],[5.5246,6.0119],[5.5201,6.0164],[5.5156,6.0209],[5.5178,6.0276],[5.5133,6.0343],[5.5066,6.0366],[5.4999,6.0366],[5.4976,6.0433],[5.4954,6.0411],[5.4909,6.0388],[5.4909,6.0343],[5.4886,6.0299],[5.4841,6.0276],[5.4796,6.0276],[5.4729,6.0276],[5.4594,6.0231],[5.4527,6.0343],[5.4415,6.0411],[5.437,6.0366],[5.4325,6.0343],[5.428,6.0299],[5.428,6.0231],[5.4302,6.0186],[5.4325,6.0141],[5.4302,6.0096],[5.4257,6.0052],[5.4145,6.0074],[5.4168,6.0096],[5.4123,6.0209],[5.3988,6.0209],[5.3921,6.0186],[5.3786,6.0186],[5.3651,6.0186],[5.3561,6.0164],[5.3427,6.0164],[5.3382,6.0186],[5.3337,6.0209],[5.3269,6.0186],[5.3224,6.0052],[5.3269,5.9894],[5.3269,5.9827],[5.3359,5.9849],[5.3404,5.9827],[5.3449,5.976],[5.3584,5.9692],[5.3494,5.9602],[5.3337,5.949],[5.3157,5.9355],[5.3045,5.9198],[5.291,5.9131],[5.2753,5.9086],[5.2708,5.9198],[5.2685,5.94],[5.2641,5.9423],[5.2551,5.949],[5.2528,5.958],[5.2483,5.9692],[5.2483,5.9872],[5.2551,6.0141],[5.2596,6.0254],[5.2641,6.0433],[5.2685,6.0523],[5.2708,6.0546],[5.2573,6.0658],[5.2461,6.0635],[5.2393,6.0635],[5.2326,6.0658],[5.2326,6.0725],[5.2326,6.0815],[5.2326,6.0882],[5.2304,6.1017],[5.2349,6.1129],[5.2304,6.1197],[5.2214,6.1309],[5.2169,6.1354],[5.2191,6.1421],[5.2236,6.1444],[5.2236,6.1489],[5.2102,6.1534],[5.2057,6.1511],[5.2057,6.1466],[5.2034,6.1444],[5.1989,6.1466],[5.1899,6.1511],[5.1832,6.1534],[5.181,6.1579],[5.1787,6.1601],[5.1697,6.1646],[5.1652,6.1601],[5.1652,6.1556],[5.1652,6.1466],[5.1607,6.1421],[5.154,6.1444],[5.145,6.1421],[5.1428,6.1444],[5.1428,6.1511],[5.1405,6.1556],[5.1383,6.1601],[5.1338,6.1646],[5.136,6.1691],[5.1271,6.1646],[5.1181,6.1489],[5.1001,6.1242],[5.0889,6.1017],[5.0754,6.077],[5.0619,6.0501],[5.053,6.0276],[5.0417,6.0052],[5.0395,6.0007],[5.0305,5.9827],[5.026,5.9715],[5.0193,5.9535],[5.017,5.949],[5.0125,5.9423],[4.9833,5.8996],[4.9721,5.8951],[4.9766,5.8884]]]}},{"type":"Feature","properties":{"id":"kwara","name":"Kwara"},"geometry":{"type":"Polygon","coordinates":[[[2.7308,8.7652],[2.7331,8.7584],[2.7376,8.7517],[2.7421,8.7472],[2.7443,8.745],[2.7443,8.7405],[2.7466,8.736],[2.7466,8.727],[2.7443,8.718],[2.7466,8.7113],[2.7466,8.709],[2.7488,8.7045],[2.7488,8.7023],[2.7511,8.7001],[2.7466,8.6933],[2.7443,8.6866],[2.7421,8.6843],[2.7421,8.6821],[2.7421,8.6776],[2.7443,8.6731],[2.7443,8.6709],[2.7466,8.6664],[2.7398,8.6619],[2.7376,8.6574],[2.7376,8.6551],[2.7398,8.6507],[2.7466,8.6462],[2.7488,8.6394],[2.7488,8.6349],[2.7511,8.6282],[2.7511,8.6215],[2.7511,8.6192],[2.7511,8.617],[2.7511,8.6125],[2.7488,8.6057],[2.7488,8.599],[2.7488,8.5923],[2.7488,8.5855],[2.7488,8.5833],[2.7511,8.5788],[2.7533,8.572],[2.7555,8.5676],[2.7623,8.572],[2.7758,8.59],[2.8027,8.6102],[2.8409,8.6102],[2.888,8.608],[2.9217,8.6125],[2.9419,8.6372],[3.0138,8.7113],[3.052,8.7293],[3.1036,8.7495],[3.1306,8.7787],[3.1643,8.8079],[3.1845,8.8123],[3.198,8.7966],[3.2384,8.7832],[3.281,8.8034],[3.3394,8.8258],[3.3888,8.8415],[3.4158,8.8595],[3.5258,8.9291],[3.6044,8.9606],[3.6561,8.9808],[3.683,8.9943],[3.719,9.0122],[3.7437,9.0459],[3.7527,9.0863],[3.7549,9.12],[3.7706,9.147],[3.7953,9.1649],[3.811,9.1739],[3.8268,9.1829],[3.8627,9.1874],[3.9211,9.1739],[3.9435,9.1492],[3.9727,9.0773],[3.9907,9.0481],[4.0132,9.0347],[4.0716,9.0145],[4.1344,8.9943],[4.2108,8.9695],[4.2535,8.9673],[4.2737,8.9785],[4.2894,8.992],[4.3163,8.9987],[4.3253,8.9943],[4.3298,8.9898],[4.3343,8.9808],[4.3343,8.9583],[4.3208,8.9426],[4.258,8.8999],[4.222,8.8618],[4.1951,8.8168],[4.1906,8.754],[4.2018,8.718],[4.2063,8.7045],[4.2108,8.6911],[4.213,8.6821],[4.2085,8.6798],[4.2602,8.5743],[4.3478,8.3901],[4.3927,8.3048],[4.4174,8.2734],[4.4421,8.2532],[4.4601,8.2352],[4.478,8.2172],[4.4848,8.2037],[4.4893,8.1813],[4.4938,8.1678],[4.4938,8.1498],[4.4938,8.1341],[4.496,8.1229],[4.496,8.1162],[4.505,8.0915],[4.5342,8.0712],[4.5566,8.0578],[4.5701,8.0555],[4.5791,8.0578],[4.5903,8.0623],[4.6038,8.069],[4.6128,8.0735],[4.6218,8.0757],[4.6285,8.0735],[4.633,8.0712],[4.6352,8.069],[4.633,8.0623],[4.633,8.0578],[4.6375,8.0533],[4.642,8.0533],[4.6487,8.0533],[4.6532,8.051],[4.6599,8.0465],[4.6644,8.0443],[4.6734,8.0465],[4.6757,8.0488],[4.6824,8.0555],[4.6869,8.0578],[4.6914,8.0555],[4.6959,8.0533],[4.7004,8.0488],[4.7049,8.0488],[4.7049,8.051],[4.7116,8.06],[4.7206,8.0645],[4.7363,8.0645],[4.7453,8.0645],[4.7543,8.0645],[4.7655,8.069],[4.7745,8.069],[4.779,8.069],[4.7857,8.069],[4.7992,8.0645],[4.8059,8.0645],[4.8127,8.06],[4.8194,8.0533],[4.8306,8.0555],[4.8441,8.0623],[4.8531,8.069],[4.8576,8.0735],[4.8576,8.0802],[4.8553,8.087],[4.8508,8.0915],[4.8531,8.0959],[4.8621,8.0937],[4.8778,8.0915],[4.8868,8.0915],[4.8957,8.0892],[4.9137,8.0847],[4.9272,8.0802],[4.9384,8.069],[4.9452,8.06],[4.9496,8.0555],[4.9609,8.0533],[4.9676,8.0465],[4.9699,8.0331],[4.9699,8.0241],[4.9676,8.0196],[4.9699,8.0173],[4.9743,8.0173],[4.9878,8.0331],[4.9968,8.0331],[5.0013,8.0331],[5.0058,8.0443],[5.0103,8.051],[5.0148,8.0555],[5.0215,8.06],[5.0327,8.069],[5.0372,8.0712],[5.0395,8.0712],[5.044,8.069],[5.0507,8.0645],[5.053,8.0578],[5.0552,8.0488],[5.0574,8.0398],[5.0619,8.0376],[5.0732,8.0308],[5.0754,8.0241],[5.0844,8.0241],[5.0866,8.0286],[5.1046,8.0465],[5.1136,8.0578],[5.1181,8.0623],[5.1271,8.0623],[5.1428,8.0623],[5.1495,8.0555],[5.1563,8.0533],[5.163,8.0488],[5.1652,8.0465],[5.1765,8.0398],[5.181,8.0353],[5.1877,8.0286],[5.1922,8.0218],[5.1967,8.0173],[5.2034,8.0173],[5.2191,8.0218],[5.2304,8.0218],[5.2438,8.0196],[5.2573,8.0173],[5.2618,8.0129],[5.2685,8.0106],[5.282,8.0084],[5.2977,8.0084],[5.3179,8.0084],[5.3314,8.0106],[5.3404,8.0151],[5.3449,8.0196],[5.3516,8.0263],[5.3584,8.0331],[5.3584,8.0353],[5.3606,8.0376],[5.3606,8.0443],[5.3606,8.0533],[5.3584,8.0623],[5.3584,8.0735],[5.3606,8.0825],[5.3651,8.0915],[5.3718,8.0959],[5.3876,8.1027],[5.3988,8.1027],[5.4213,8.1049],[5.4482,8.1049],[5.4752,8.1072],[5.4976,8.1117],[5.4976,8.1139],[5.5043,8.1229],[5.5178,8.1319],[5.5268,8.1386],[5.5335,8.1476],[5.5358,8.1566],[5.5403,8.1903],[5.5403,8.1993],[5.538,8.206],[5.5313,8.2105],[5.5246,8.215],[5.5133,8.2172],[5.4954,8.215],[5.4774,8.206],[5.4662,8.2015],[5.4572,8.206],[5.4415,8.2172],[5.4325,8.224],[5.4213,8.2284],[5.419,8.2352],[5.4213,8.2509],[5.4213,8.2734],[5.419,8.2846],[5.4055,8.2913],[5.3966,8.2913],[5.3876,8.2823],[5.3808,8.2779],[5.3718,8.2734],[5.3629,8.2734],[5.3561,8.2756],[5.3539,8.2868],[5.3539,8.2981],[5.3539,8.3048],[5.3539,8.3093],[5.3427,8.3205],[5.3359,8.3295],[5.3314,8.3318],[5.3247,8.334],[5.3224,8.3407],[5.3224,8.3452],[5.3314,8.3565],[5.3427,8.3744],[5.3471,8.3834],[5.3584,8.3946],[5.3718,8.4104],[5.3808,8.4216],[5.3966,8.4373],[5.4123,8.453],[5.4325,8.4665],[5.446,8.48],[5.4527,8.4867],[5.4662,8.4934],[5.4774,8.5002],[5.4909,8.5182],[5.4954,8.5294],[5.5021,8.5339],[5.5111,8.5361],[5.5133,8.5384],[5.5246,8.5361],[5.5335,8.5294],[5.5448,8.5226],[5.5538,8.5114],[5.574,8.5069],[5.5874,8.4979],[5.5987,8.489],[5.6436,8.462],[5.6593,8.4598],[5.6885,8.453],[5.7042,8.4463],[5.7199,8.444],[5.7491,8.4373],[5.7671,8.4328],[5.7828,8.4283],[5.8053,8.4261],[5.8188,8.4261],[5.83,8.4261],[5.8502,8.4216],[5.8659,8.4238],[5.8839,8.4238],[5.8974,8.4238],[5.9131,8.4238],[5.9243,8.4171],[5.9423,8.4126],[5.9557,8.4081],[5.9782,8.4059],[5.9917,8.4014],[6.0141,8.4014],[6.0209,8.3969],[6.0411,8.3924],[6.059,8.3946],[6.077,8.3969],[6.0838,8.4014],[6.0972,8.4148],[6.1107,8.4306],[6.1129,8.4418],[6.1129,8.444],[6.1129,8.462],[6.1174,8.4822],[6.1197,8.5114],[6.1242,8.5384],[6.1242,8.5563],[6.1332,8.5676],[6.1489,8.5968],[6.1534,8.617],[6.1624,8.6372],[6.1691,8.6619],[6.1848,8.6866],[6.2095,8.7315],[6.2028,8.7337],[6.1848,8.7293],[6.1691,8.7225],[6.1489,8.7203],[6.1444,8.7293],[6.1309,8.7517],[6.1152,8.7584],[6.0838,8.7607],[6.059,8.7584],[6.0343,8.7584],[6.0007,8.7517],[5.9782,8.7495],[5.9737,8.7562],[5.9445,8.7495],[5.9288,8.7427],[5.9018,8.7495],[5.8861,8.7472],[5.8659,8.745],[5.8232,8.7427],[5.7963,8.7427],[5.7738,8.754],[5.7604,8.7742],[5.7424,8.7989],[5.7289,8.8191],[5.7132,8.8281],[5.6907,8.8281],[5.666,8.8303],[5.6413,8.8348],[5.6189,8.8528],[5.6054,8.8685],[5.6009,8.8775],[5.574,8.8932],[5.5627,8.8999],[5.5425,8.9157],[5.5403,8.9314],[5.5246,8.9404],[5.5111,8.9448],[5.4976,8.9448],[5.4864,8.9448],[5.4729,8.9471],[5.4662,8.9538],[5.4617,8.9628],[5.4572,8.9695],[5.446,8.9718],[5.437,8.9763],[5.4257,8.9785],[5.4078,8.9785],[5.3921,8.983],[5.3763,8.9898],[5.3696,8.9965],[5.3494,8.9987],[5.3314,8.9965],[5.3224,8.992],[5.3067,9.001],[5.2977,9.0032],[5.2865,9.01],[5.273,9.0145],[5.2551,9.0167],[5.2371,9.019],[5.2259,9.0279],[5.2079,9.0347],[5.1967,9.0549],[5.172,9.0863],[5.1585,9.1065],[5.1316,9.1223],[5.1068,9.1357],[5.0844,9.1515],[5.0642,9.1627],[5.0485,9.1874],[5.0327,9.1986],[5.017,9.2054],[4.9968,9.2076],[4.9721,9.2009],[4.9631,9.1941],[4.9227,9.1762],[4.9115,9.1717],[4.898,9.1694],[4.8868,9.1672],[4.8755,9.1604],[4.8755,9.1582],[4.871,9.1559],[4.8576,9.1492],[4.8486,9.1402],[4.8284,9.1335],[4.8149,9.1335],[4.8104,9.1357],[4.8014,9.1357],[4.7857,9.1357],[4.7722,9.147],[4.7677,9.1537],[4.7655,9.1492],[4.752,9.1806],[4.752,9.1986],[4.7565,9.2233],[4.7543,9.248],[4.7385,9.2682],[4.7138,9.2772],[4.6846,9.2929],[4.6397,9.3087],[4.6173,9.3311],[4.6105,9.3626],[4.5791,9.3873],[4.5005,9.4412],[4.4444,9.5108],[4.3882,9.5624],[4.35,9.5894],[4.2827,9.6949],[4.2063,9.7825],[4.1704,9.8207],[4.1524,9.8611],[4.1412,9.8611],[4.1277,9.8521],[4.1187,9.8566],[4.1232,9.8611],[4.1232,9.8746],[4.1142,9.8813],[4.0963,9.8768],[4.0963,9.8679],[4.0828,9.8521],[4.0805,9.8521],[4.0783,9.8544],[4.0693,9.8566],[4.0581,9.8566],[4.0513,9.8634],[4.0379,9.8656],[4.0266,9.8566],[4.0221,9.8566],[4.0177,9.8679],[4.0132,9.8858],[4.0109,9.8993],[4.0019,9.906],[3.9952,9.8993],[3.9862,9.8926],[3.9817,9.8993],[3.9795,9.906],[3.9683,9.9038],[3.9548,9.9083],[3.9458,9.9083],[3.9368,9.915],[3.9346,9.9285],[3.9435,9.933],[3.9593,9.933],[3.9683,9.942],[3.9705,9.9487],[3.966,9.9577],[3.9593,9.9599],[3.9503,9.9622],[3.9413,9.9622],[3.9346,9.9667],[3.9346,9.9712],[3.9368,9.9734],[3.9413,9.9756],[3.9525,9.9779],[3.9548,9.9824],[3.9503,9.9914],[3.9346,10.0004],[3.9211,10.0004],[3.9099,9.9891],[3.8874,9.9891],[3.8874,10.0048],[3.8896,10.0161],[3.9031,10.0183],[3.8896,10.0295],[3.8829,10.0363],[3.8717,10.043],[3.8649,10.0498],[3.8515,10.0542],[3.8335,10.0475],[3.8223,10.0542],[3.8178,10.0677],[3.7998,10.0722],[3.7976,10.0655],[3.7931,10.0632],[3.7841,10.0632],[3.7796,10.052],[3.7841,10.0453],[3.7886,10.0385],[3.7886,10.034],[3.7841,10.0318],[3.7751,10.034],[3.7729,10.0408],[3.7706,10.0475],[3.7661,10.0542],[3.7616,10.0587],[3.7571,10.0632],[3.7504,10.0677],[3.7459,10.0767],[3.7437,10.0834],[3.7347,10.0879],[3.7347,10.079],[3.7369,10.0745],[3.7369,10.0677],[3.7302,10.0677],[3.7145,10.0902],[3.7145,10.1014],[3.7122,10.1081],[3.7077,10.1171],[3.7077,10.1328],[3.7077,10.1441],[3.7033,10.1531],[3.692,10.1576],[3.6875,10.162],[3.6853,10.171],[3.6785,10.1778],[3.6785,10.1688],[3.6763,10.162],[3.6763,10.1553],[3.6763,10.1486],[3.6741,10.1418],[3.6718,10.1351],[3.6696,10.1284],[3.6673,10.1216],[3.6628,10.1081],[3.6583,10.1037],[3.6516,10.1014],[3.6471,10.1014],[3.6404,10.0969],[3.6359,10.0969],[3.6291,10.0924],[3.6246,10.0879],[3.6202,10.0812],[3.6179,10.0767],[3.6157,10.0767],[3.6157,10.0722],[3.6134,10.07],[3.6112,10.0632],[3.6112,10.0542],[3.6112,10.0453],[3.6112,10.0363],[3.6112,10.0295],[3.6112,10.0206],[3.6112,10.0116],[3.6112,10.0004],[3.6112,9.9959],[3.6089,9.9801],[3.6022,9.9577],[3.5955,9.9465],[3.5887,9.9397],[3.5842,9.9352],[3.5775,9.9307],[3.5708,9.9262],[3.5685,9.9217],[3.564,9.915],[3.564,9.9083],[3.564,9.9015],[3.564,9.8993],[3.5618,9.8948],[3.5595,9.8926],[3.5505,9.8813],[3.5483,9.8791],[3.5393,9.8701],[3.5303,9.8611],[3.5236,9.8611],[3.5191,9.8611],[3.5169,9.8589],[3.5124,9.8566],[3.5034,9.8589],[3.4989,9.8589],[3.4966,9.8589],[3.4899,9.8611],[3.4877,9.8611],[3.4809,9.8611],[3.4742,9.8634],[3.4697,9.8634],[3.463,9.8611],[3.4562,9.8611],[3.4472,9.8589],[3.4405,9.8566],[3.436,9.8544],[3.4315,9.8544],[3.4248,9.8499],[3.4225,9.8499],[3.4158,9.8476],[3.4068,9.8454],[3.3978,9.8409],[3.3911,9.8387],[3.3844,9.8364],[3.3776,9.8342],[3.3641,9.8274],[3.3574,9.8252],[3.3529,9.8207],[3.3462,9.8184],[3.3417,9.814],[3.3417,9.8117],[3.3349,9.805],[3.3305,9.7982],[3.3282,9.7915],[3.326,9.7848],[3.3237,9.7758],[3.3237,9.769],[3.3237,9.7623],[3.3282,9.7466],[3.3327,9.7398],[3.3349,9.7331],[3.3394,9.7264],[3.3394,9.7241],[3.3394,9.7219],[3.3439,9.7151],[3.3462,9.7106],[3.3507,9.7062],[3.3529,9.6972],[3.3484,9.6859],[3.3417,9.6815],[3.3372,9.677],[3.3305,9.6725],[3.326,9.668],[3.3215,9.6612],[3.3147,9.6567],[3.3102,9.6567],[3.3035,9.659],[3.2968,9.6612],[3.2923,9.6612],[3.2855,9.6612],[3.281,9.6612],[3.2721,9.659],[3.2676,9.6567],[3.2631,9.6523],[3.2608,9.6455],[3.2563,9.641],[3.2563,9.6388],[3.2563,9.6343],[3.2563,9.632],[3.2541,9.6253],[3.2541,9.6208],[3.2541,9.6163],[3.2541,9.6096],[3.2496,9.6029],[3.2451,9.5961],[3.2406,9.5894],[3.2361,9.5826],[3.2316,9.5759],[3.2272,9.5714],[3.2227,9.5647],[3.2204,9.5602],[3.2159,9.5534],[3.2114,9.549],[3.2069,9.5445],[3.2047,9.5377],[3.2024,9.5287],[3.198,9.522],[3.198,9.5198],[3.1957,9.5153],[3.1912,9.5108],[3.1867,9.5063],[3.18,9.504],[3.1755,9.5018],[3.1688,9.4995],[3.1643,9.4995],[3.162,9.4973],[3.1598,9.4951],[3.1553,9.4928],[3.1508,9.4883],[3.1485,9.4861],[3.1441,9.4771],[3.1396,9.4704],[3.1373,9.4636],[3.1351,9.4546],[3.1328,9.4479],[3.1306,9.4412],[3.1328,9.4254],[3.1373,9.4187],[3.1396,9.4097],[3.1418,9.4007],[3.1463,9.3918],[3.1485,9.385],[3.1508,9.376],[3.153,9.3693],[3.153,9.3648],[3.153,9.3558],[3.153,9.3491],[3.153,9.3468],[3.1508,9.3401],[3.153,9.3221],[3.153,9.3087],[3.1553,9.3042],[3.1575,9.2974],[3.1575,9.2907],[3.1575,9.2862],[3.1575,9.2817],[3.1508,9.275],[3.1508,9.2727],[3.1441,9.2682],[3.1373,9.2637],[3.1306,9.2593],[3.1261,9.2525],[3.1238,9.2458],[3.1216,9.239],[3.1216,9.2323],[3.1216,9.2256],[3.1216,9.2188],[3.1216,9.2098],[3.1238,9.2009],[3.1238,9.1986],[3.1238,9.1919],[3.1216,9.1896],[3.1216,9.1874],[3.1194,9.1874],[3.1171,9.1806],[3.1126,9.1739],[3.1081,9.1672],[3.1059,9.1604],[3.1014,9.1537],[3.0991,9.1447],[3.0947,9.138],[3.0924,9.129],[3.0902,9.1223],[3.0902,9.1155],[3.0902,9.1088],[3.0879,9.102],[3.0834,9.0976],[3.0767,9.0953],[3.0699,9.0931],[3.0632,9.0908],[3.0565,9.0886],[3.052,9.0863],[3.043,9.0841],[3.0363,9.0818],[3.0273,9.0796],[3.0183,9.0773],[3.0071,9.0729],[3.0003,9.0729],[2.9936,9.0729],[2.9891,9.0729],[2.9846,9.0729],[2.9756,9.0751],[2.9711,9.0773],[2.9644,9.0796],[2.9599,9.0863],[2.9577,9.0908],[2.9554,9.0931],[2.9532,9.0931],[2.9442,9.0908],[2.9374,9.0908],[2.9285,9.0886],[2.9262,9.0886],[2.9217,9.0886],[2.9127,9.0886],[2.9038,9.0863],[2.897,9.0841],[2.8836,9.0751],[2.8813,9.0729],[2.8791,9.0639],[2.8678,9.0616],[2.8611,9.0639],[2.8544,9.0639],[2.8454,9.0639],[2.8364,9.0639],[2.8297,9.0639],[2.8207,9.0639],[2.8139,9.0639],[2.8049,9.0639],[2.796,9.0639],[2.7892,9.0661],[2.7802,9.0661],[2.7802,9.0616],[2.7802,9.0594],[2.778,9.0549],[2.778,9.0526],[2.7825,9.0481],[2.787,9.0459],[2.7847,9.0437],[2.7825,9.0392],[2.7825,9.0369],[2.7825,9.0347],[2.7825,9.0324],[2.778,9.0279],[2.7735,9.0257],[2.7758,9.0234],[2.7825,9.0212],[2.7847,9.019],[2.7825,9.019],[2.7825,9.0167],[2.778,9.0145],[2.7713,9.01],[2.7713,9.0077],[2.7802,9.0055],[2.7825,9.0032],[2.7802,8.9987],[2.778,8.9943],[2.7802,8.992],[2.787,8.9898],[2.7892,8.9875],[2.787,8.9853],[2.7847,8.983],[2.7825,8.983],[2.7825,8.9785],[2.787,8.974],[2.7892,8.9718],[2.7892,8.9695],[2.7847,8.9651],[2.7802,8.9606],[2.7758,8.9583],[2.7758,8.9561],[2.7713,8.9538],[2.778,8.9516],[2.7825,8.9448],[2.778,8.9336],[2.7735,8.9269],[2.7713,8.9201],[2.7713,8.9179],[2.769,8.9179],[2.7645,8.9157],[2.76,8.9112],[2.7578,8.9089],[2.7578,8.9067],[2.7578,8.9044],[2.7623,8.9022],[2.7713,8.9044],[2.7713,8.8999],[2.7713,8.8977],[2.7735,8.8954],[2.7713,8.8842],[2.769,8.873],[2.769,8.8662],[2.7645,8.8662],[2.7623,8.8662],[2.7578,8.864],[2.7578,8.8595],[2.76,8.855],[2.7623,8.8505],[2.76,8.8483],[2.76,8.8438],[2.76,8.837],[2.7578,8.8303],[2.7578,8.8191],[2.76,8.8146],[2.7623,8.8101],[2.7623,8.8079],[2.76,8.8056],[2.7555,8.8034],[2.7511,8.8011],[2.7443,8.7989],[2.7398,8.7944],[2.7376,8.7899],[2.7376,8.7876],[2.7331,8.7832],[2.7331,8.7809],[2.7308,8.7787],[2.7286,8.7719],[2.7308,8.7652]]]}},{"type":"Feature","properties":{"id":"ondo","name":"Ondo"},"geometry":{"type":"Polygon","coordinates":[[[4.3792,6.6385],[4.3837,6.634],[4.3882,6.6295],[4.3905,6.6272],[4.3949,6.6272],[4.4039,6.625],[4.4062,6.6227],[4.4107,6.6205],[4.4129,6.6182],[4.4174,6.616],[4.4264,6.6138],[4.4533,6.607],[4.4578,6.6025],[4.4601,6.598],[4.4623,6.5868],[4.4646,6.5778],[4.4668,6.5666],[4.4758,6.5441],[4.478,6.5396],[4.478,6.5351],[4.4825,6.5284],[4.4915,6.5082],[4.496,6.506],[4.5005,6.506],[4.5027,6.5172],[4.5027,6.5217],[4.5095,6.5486],[4.514,6.5576],[4.5274,6.5801],[4.5342,6.5958],[4.5387,6.6003],[4.5477,6.6138],[4.5544,6.6227],[4.5656,6.634],[4.5679,6.6362],[4.5791,6.6429],[4.5836,6.6429],[4.5858,6.6407],[4.5903,6.6385],[4.5926,6.6362],[4.5971,6.6295],[4.6016,6.6182],[4.6016,6.6138],[4.6016,6.6093],[4.5971,6.5935],[4.5971,6.589],[4.5971,6.5868],[4.5948,6.5823],[4.5926,6.5756],[4.5903,6.5666],[4.5881,6.5599],[4.5881,6.5351],[4.5881,6.5329],[4.5948,6.5239],[4.5971,6.5194],[4.6038,6.5037],[4.606,6.4992],[4.606,6.4925],[4.6038,6.4902],[4.5881,6.4947],[4.5634,6.4992],[4.5656,6.4925],[4.5656,6.4902],[4.5656,6.4857],[4.5656,6.4768],[4.5611,6.4565],[4.5589,6.4498],[4.5566,6.4431],[4.5544,6.4408],[4.5499,6.4341],[4.5454,6.4274],[4.5432,6.4229],[4.5409,6.4206],[4.5387,6.4161],[4.5364,6.4116],[4.5342,6.4094],[4.5319,6.4071],[4.5274,6.4071],[4.523,6.4071],[4.5207,6.4116],[4.514,6.4139],[4.5072,6.4161],[4.5027,6.4161],[4.4893,6.4116],[4.4803,6.4094],[4.4758,6.4026],[4.4758,6.4004],[4.4735,6.3937],[4.4758,6.3892],[4.478,6.3869],[4.4803,6.3869],[4.4825,6.3869],[4.487,6.3869],[4.4915,6.3892],[4.496,6.3914],[4.4982,6.3937],[4.505,6.3959],[4.5095,6.3959],[4.514,6.3982],[4.5319,6.3937],[4.5342,6.3914],[4.5409,6.3892],[4.5454,6.3869],[4.5679,6.3824],[4.5769,6.3802],[4.5813,6.3779],[4.5858,6.3757],[4.5948,6.369],[4.5971,6.3622],[4.5971,6.3488],[4.5948,6.3353],[4.5948,6.333],[4.5926,6.3285],[4.5881,6.3196],[4.5813,6.3106],[4.5746,6.3038],[4.5724,6.3038],[4.5679,6.3038],[4.5634,6.3038],[4.5521,6.3106],[4.5432,6.3173],[4.5364,6.324],[4.5274,6.3308],[4.5185,6.342],[4.514,6.3465],[4.4982,6.36],[4.4915,6.3577],[4.4825,6.3555],[4.478,6.3555],[4.4623,6.3465],[4.4578,6.3398],[4.4556,6.3398],[4.4556,6.3375],[4.4825,6.3263],[4.5611,6.2769],[4.5858,6.2567],[4.5926,6.2522],[4.5993,6.2477],[4.615,6.2342],[4.6263,6.2252],[4.6846,6.1691],[4.6914,6.1601],[4.7093,6.1489],[4.7206,6.1399],[4.7273,6.1354],[4.7453,6.1242],[4.7475,6.1219],[4.7498,6.1219],[4.7632,6.1062],[4.7677,6.1017],[4.7947,6.0748],[4.8037,6.0635],[4.8486,6.0276],[4.8531,6.0254],[4.8621,6.0209],[4.8733,6.0141],[4.8868,5.9984],[4.9092,5.9715],[4.9496,5.9243],[4.9609,5.9086],[4.9721,5.8951],[4.9833,5.8996],[5.0125,5.9423],[5.017,5.949],[5.0193,5.9535],[5.026,5.9715],[5.0305,5.9827],[5.0395,6.0007],[5.0417,6.0052],[5.053,6.0276],[5.0619,6.0501],[5.0754,6.077],[5.0889,6.1017],[5.1001,6.1242],[5.1181,6.1489],[5.1271,6.1646],[5.136,6.1691],[5.1338,6.1713],[5.136,6.1826],[5.1271,6.196],[5.1226,6.205],[5.1203,6.2073],[5.1181,6.2073],[5.1158,6.205],[5.1136,6.2005],[5.0956,6.196],[5.0934,6.1983],[5.0889,6.2005],[5.0866,6.2073],[5.0777,6.2207],[5.0754,6.2275],[5.0732,6.2342],[5.0732,6.2387],[5.0642,6.2477],[5.0597,6.2477],[5.0574,6.2477],[5.053,6.2477],[5.0507,6.2522],[5.0485,6.2612],[5.0485,6.2657],[5.0417,6.2746],[5.0372,6.2769],[5.035,6.2791],[5.0305,6.2791],[5.0215,6.2859],[5.0148,6.2926],[5.0125,6.2993],[5.0125,6.3016],[5.0148,6.3083],[5.0193,6.3151],[5.0215,6.3196],[5.0305,6.324],[5.035,6.3285],[5.035,6.333],[5.0327,6.3375],[5.0282,6.342],[5.0282,6.3443],[5.0282,6.3577],[5.0282,6.36],[5.0282,6.3645],[5.0327,6.3645],[5.0395,6.3645],[5.044,6.3667],[5.0462,6.3712],[5.0485,6.3757],[5.0485,6.3779],[5.0485,6.3824],[5.053,6.3847],[5.0574,6.3824],[5.0619,6.3779],[5.0664,6.3757],[5.0709,6.3757],[5.0754,6.3779],[5.0844,6.3847],[5.0911,6.3914],[5.0979,6.3982],[5.1046,6.4026],[5.1091,6.4116],[5.1091,6.4139],[5.1091,6.4161],[5.1068,6.4184],[5.1024,6.4386],[5.1024,6.4431],[5.1068,6.4453],[5.1136,6.4543],[5.1226,6.4633],[5.1405,6.479],[5.1518,6.4947],[5.154,6.497],[5.154,6.5015],[5.1518,6.5037],[5.154,6.5149],[5.154,6.5284],[5.1607,6.5396],[5.163,6.5464],[5.1652,6.5554],[5.163,6.5621],[5.154,6.5688],[5.1473,6.5688],[5.1405,6.5733],[5.1383,6.5756],[5.136,6.5778],[5.1338,6.5823],[5.1271,6.5935],[5.1136,6.6205],[5.1136,6.6272],[5.1113,6.6295],[5.1113,6.6385],[5.1113,6.6564],[5.1136,6.6699],[5.1158,6.6766],[5.1181,6.6834],[5.1203,6.6901],[5.1226,6.6946],[5.1226,6.6991],[5.1271,6.7013],[5.1316,6.7126],[5.136,6.7193],[5.1383,6.726],[5.1405,6.7305],[5.1518,6.7463],[5.1675,6.7575],[5.172,6.762],[5.1854,6.7687],[5.1967,6.7732],[5.2012,6.7799],[5.2034,6.7822],[5.2034,6.7934],[5.2079,6.8046],[5.2079,6.8091],[5.2191,6.8271],[5.2236,6.8361],[5.2259,6.8383],[5.2326,6.8473],[5.2371,6.8518],[5.2438,6.8653],[5.2551,6.8832],[5.273,6.89],[5.4594,6.8855],[5.538,6.8855],[5.556,6.8832],[5.5627,6.8787],[5.565,6.8765],[5.5695,6.8698],[5.5717,6.854],[5.5717,6.8451],[5.5672,6.8406],[5.5627,6.8383],[5.5582,6.8361],[5.5538,6.8361],[5.5493,6.8338],[5.547,6.8293],[5.5425,6.8249],[5.5425,6.8159],[5.5425,6.8136],[5.5448,6.8046],[5.5493,6.7979],[5.556,6.7867],[5.5605,6.7777],[5.5605,6.7732],[5.5627,6.762],[5.5605,6.753],[5.5627,6.7305],[5.565,6.7215],[5.574,6.7058],[5.5762,6.7036],[5.5829,6.7036],[5.5852,6.7103],[5.5897,6.7148],[5.5964,6.7215],[5.6054,6.7283],[5.6189,6.7418],[5.6301,6.7463],[5.6368,6.7463],[5.6413,6.7463],[5.6503,6.7395],[5.6548,6.735],[5.6593,6.7305],[5.6683,6.7283],[5.702,6.735],[5.711,6.753],[5.7154,6.7575],[5.7199,6.762],[5.7267,6.7687],[5.7424,6.7777],[5.7514,6.7822],[5.7581,6.7844],[5.7671,6.7912],[5.7716,6.7957],[5.7783,6.8181],[5.7761,6.8226],[5.7738,6.8316],[5.7716,6.8338],[5.7693,6.8406],[5.7716,6.8473],[5.7738,6.854],[5.7783,6.8585],[5.7851,6.8698],[5.7873,6.8787],[5.7873,6.8945],[5.7896,6.9012],[5.794,6.9057],[5.7985,6.9147],[5.7985,6.9192],[5.8008,6.9214],[5.7985,6.9282],[5.7985,6.9326],[5.794,6.9439],[5.7896,6.9618],[5.7851,6.9686],[5.7896,6.9888],[5.794,7.0045],[5.794,7.0157],[5.7963,7.0247],[5.803,7.0449],[5.8053,7.0494],[5.8098,7.0517],[5.812,7.0584],[5.8143,7.0674],[5.8165,7.0719],[5.8232,7.0809],[5.83,7.0809],[5.8345,7.0854],[5.8502,7.0921],[5.8524,7.0943],[5.8547,7.0966],[5.8524,7.0988],[5.8502,7.1033],[5.8479,7.1056],[5.8457,7.1078],[5.8435,7.1101],[5.8412,7.1168],[5.8435,7.119],[5.8435,7.1213],[5.8457,7.1213],[5.8547,7.1235],[5.8614,7.1258],[5.8637,7.128],[5.8659,7.1325],[5.8659,7.137],[5.8682,7.1415],[5.8727,7.1617],[5.8771,7.1707],[5.8794,7.1729],[5.8816,7.1752],[5.8861,7.1797],[5.8906,7.1819],[5.8929,7.1819],[5.8929,7.1864],[5.8906,7.1887],[5.8839,7.1932],[5.8839,7.1999],[5.8884,7.2044],[5.8951,7.2111],[5.8996,7.2134],[5.9041,7.2179],[5.9041,7.2201],[5.9018,7.2246],[5.8974,7.2313],[5.8974,7.2493],[5.8996,7.2605],[5.9063,7.2718],[5.9086,7.2785],[5.9131,7.2807],[5.9221,7.292],[5.9243,7.2965],[5.9243,7.2987],[5.9243,7.3032],[5.9221,7.3054],[5.9176,7.3122],[5.9176,7.3167],[5.9153,7.3189],[5.9176,7.3346],[5.9198,7.3369],[5.9265,7.3391],[5.9378,7.3414],[5.9445,7.3436],[5.9513,7.3436],[5.958,7.3436],[5.9782,7.3481],[5.9804,7.3481],[5.9872,7.3549],[5.9872,7.3616],[5.9872,7.3638],[5.9804,7.3661],[5.9782,7.3683],[5.976,7.3728],[5.976,7.3751],[5.976,7.3773],[5.976,7.3818],[5.9782,7.3863],[5.9804,7.3908],[5.9782,7.393],[5.9737,7.3998],[5.9692,7.4087],[5.9692,7.411],[5.9692,7.4155],[5.9737,7.429],[5.976,7.4312],[5.9782,7.4357],[5.9804,7.4379],[5.9849,7.4402],[5.9872,7.4424],[5.9872,7.4469],[5.9872,7.4492],[5.9849,7.4559],[5.976,7.4582],[5.9715,7.4604],[5.967,7.4604],[5.9625,7.4604],[5.958,7.4716],[5.9557,7.4761],[5.9535,7.4829],[5.949,7.4873],[5.949,7.4963],[5.9513,7.5008],[5.9535,7.5076],[5.9535,7.5121],[5.9535,7.5143],[5.9602,7.5143],[5.9625,7.5121],[5.9647,7.5143],[5.967,7.5165],[5.9692,7.5188],[5.9715,7.5233],[5.976,7.53],[5.9782,7.53],[5.9827,7.53],[5.9872,7.53],[5.9894,7.53],[5.9939,7.5278],[6.0029,7.5278],[6.0052,7.53],[6.0052,7.5345],[6.0007,7.5502],[5.9984,7.5547],[5.9962,7.5592],[5.9917,7.5682],[5.9782,7.5884],[5.9692,7.6064],[5.9647,7.6109],[5.9602,7.6154],[5.9535,7.6243],[5.9445,7.6378],[5.94,7.6446],[5.9378,7.649],[5.9355,7.6603],[5.9355,7.667],[5.931,7.6917],[5.9243,7.7074],[5.9221,7.7164],[5.9243,7.7232],[5.9265,7.7321],[5.9288,7.7344],[5.9288,7.7366],[5.931,7.7411],[5.931,7.7456],[5.9288,7.7456],[5.9198,7.7501],[5.9086,7.7479],[5.9041,7.7479],[5.8906,7.7434],[5.8771,7.7389],[5.8659,7.7344],[5.8569,7.7299],[5.8502,7.7276],[5.8435,7.7276],[5.8367,7.7299],[5.8322,7.7321],[5.8277,7.7344],[5.8232,7.7321],[5.8188,7.7321],[5.8165,7.7276],[5.8008,7.7344],[5.7806,7.7456],[5.7738,7.7479],[5.7671,7.7366],[5.7559,7.7276],[5.7424,7.7187],[5.7289,7.7097],[5.7154,7.7007],[5.6997,7.6827],[5.6952,7.6715],[5.693,7.6513],[5.6907,7.6423],[5.6907,7.6378],[5.6885,7.6333],[5.6818,7.6243],[5.675,7.6243],[5.6705,7.6266],[5.6593,7.6288],[5.6548,7.6288],[5.6458,7.6176],[5.6436,7.6131],[5.6391,7.6041],[5.6256,7.5817],[5.6211,7.5704],[5.6189,7.5637],[5.6166,7.5547],[5.6144,7.5412],[5.6121,7.5368],[5.6144,7.5278],[5.6121,7.5188],[5.6121,7.5076],[5.6121,7.4941],[5.6099,7.4851],[5.6077,7.4806],[5.6032,7.4671],[5.6009,7.4559],[5.5987,7.4492],[5.5874,7.4312],[5.5829,7.4267],[5.5762,7.4177],[5.5672,7.4043],[5.556,7.3863],[5.5515,7.3796],[5.5425,7.3683],[5.5313,7.3481],[5.5268,7.3391],[5.5223,7.3324],[5.5088,7.3189],[5.5043,7.3167],[5.4954,7.3122],[5.4909,7.3099],[5.4819,7.3054],[5.4729,7.301],[5.4662,7.301],[5.4594,7.301],[5.4549,7.301],[5.4504,7.2987],[5.4257,7.2942],[5.4168,7.292],[5.4123,7.2897],[5.4055,7.2897],[5.3988,7.2875],[5.3876,7.283],[5.3808,7.2852],[5.3629,7.292],[5.3584,7.2965],[5.3561,7.301],[5.3561,7.3054],[5.3539,7.3099],[5.3539,7.3212],[5.3561,7.3279],[5.3561,7.3346],[5.3539,7.3436],[5.3494,7.3683],[5.3494,7.3751],[5.3471,7.3818],[5.3449,7.3863],[5.3427,7.3908],[5.3404,7.3975],[5.3382,7.402],[5.3337,7.4087],[5.3292,7.4177],[5.3269,7.4245],[5.3247,7.4312],[5.3202,7.4402],[5.3157,7.4424],[5.309,7.4402],[5.3067,7.4402],[5.3,7.4379],[5.2955,7.4357],[5.2798,7.4357],[5.2685,7.4379],[5.2596,7.4379],[5.2528,7.4357],[5.2461,7.4335],[5.2371,7.4335],[5.2191,7.4335],[5.2079,7.4357],[5.2012,7.4379],[5.1922,7.4379],[5.1877,7.4402],[5.181,7.4424],[5.1742,7.4424],[5.1607,7.4424],[5.145,7.4424],[5.1316,7.4447],[5.1271,7.4447],[5.1024,7.4492],[5.0956,7.4514],[5.0889,7.4559],[5.0844,7.4559],[5.0777,7.4604],[5.0709,7.4604],[5.0642,7.4604],[5.0597,7.4582],[5.053,7.4582],[5.0485,7.4582],[5.0327,7.4447],[5.0238,7.4357],[5.017,7.4312],[5.008,7.4177],[5.0058,7.4132],[5.0058,7.411],[5.0058,7.4065],[5.0058,7.3998],[5.0058,7.393],[5.0035,7.3885],[4.9923,7.3796],[4.9901,7.3773],[4.9856,7.3773],[4.9743,7.3751],[4.9654,7.3728],[4.9519,7.3728],[4.9429,7.3706],[4.9362,7.3706],[4.9294,7.3728],[4.9092,7.3728],[4.9025,7.3751],[4.8957,7.3751],[4.889,7.3773],[4.8778,7.3796],[4.8755,7.3796],[4.8598,7.3773],[4.8531,7.3773],[4.8486,7.3751],[4.8418,7.3751],[4.8351,7.3751],[4.8216,7.3728],[4.8149,7.3728],[4.8059,7.3706],[4.8014,7.3683],[4.7969,7.3638],[4.788,7.3616],[4.779,7.3571],[4.7722,7.3504],[4.77,7.3481],[4.7677,7.3436],[4.7677,7.3369],[4.7677,7.3279],[4.7655,7.3234],[4.7655,7.3212],[4.761,7.3077],[4.7565,7.3032],[4.7588,7.2875],[4.7588,7.283],[4.7588,7.2762],[4.7565,7.265],[4.7565,7.2605],[4.7543,7.256],[4.752,7.2515],[4.7498,7.2381],[4.7498,7.2313],[4.7475,7.2224],[4.743,7.2156],[4.7363,7.2066],[4.7273,7.1976],[4.7206,7.1954],[4.7183,7.1864],[4.7183,7.1797],[4.7161,7.1729],[4.7116,7.1685],[4.7093,7.164],[4.7071,7.1617],[4.7026,7.1617],[4.6981,7.1617],[4.6914,7.1662],[4.6846,7.1685],[4.6712,7.1662],[4.6689,7.1617],[4.6689,7.1595],[4.6712,7.1527],[4.6712,7.1482],[4.6757,7.1437],[4.6734,7.1415],[4.6667,7.1348],[4.6555,7.128],[4.6487,7.1213],[4.6352,7.1123],[4.6307,7.1078],[4.6263,7.1033],[4.6195,7.0899],[4.6173,7.0854],[4.615,7.0809],[4.615,7.0741],[4.6128,7.0584],[4.6128,7.0449],[4.6105,7.0382],[4.6105,7.036],[4.6105,7.0315],[4.606,7.027],[4.6016,7.0247],[4.5903,7.0157],[4.5858,7.0135],[4.5724,7.0045],[4.5679,7.0023],[4.5634,6.9955],[4.5611,6.9888],[4.5589,6.9776],[4.5566,6.9596],[4.5566,6.9529],[4.5566,6.9416],[4.5566,6.9371],[4.5566,6.9237],[4.5566,6.9035],[4.5566,6.8967],[4.5566,6.8922],[4.5566,6.89],[4.5544,6.8832],[4.5521,6.8743],[4.5499,6.8608],[4.5499,6.8496],[4.5477,6.8451],[4.5477,6.8406],[4.5432,6.8361],[4.5364,6.8338],[4.5207,6.8226],[4.5027,6.8159],[4.4938,6.8114],[4.4758,6.8024],[4.4668,6.7957],[4.4533,6.7867],[4.4444,6.7777],[4.4399,6.7754],[4.4331,6.771],[4.4264,6.7687],[4.4219,6.7642],[4.4174,6.7597],[4.4152,6.753],[4.4152,6.7507],[4.4129,6.744],[4.4107,6.7395],[4.4039,6.7305],[4.3927,6.7193],[4.3905,6.7148],[4.3882,6.7126],[4.3882,6.7013],[4.3882,6.6901],[4.3882,6.6856],[4.3905,6.6789],[4.3882,6.6744],[4.3882,6.6699],[4.3837,6.6676],[4.3792,6.6654],[4.377,6.6632],[4.377,6.6474],[4.377,6.6452],[4.3792,6.6385]]]}},{"type":"Feature","properties":{"id":"yobe","name":"Yobe"},"geometry":{"type":"Polygon","coordinates":[[[12.2775,13.0838],[12.2753,13.0838],[12.2753,13.0815],[12.2731,13.0815],[12.2708,13.0838],[12.2708,13.0905],[12.2708,13.095],[12.2731,13.0972],[12.2731,13.104],[12.2731,13.1062],[12.2708,13.1062],[12.2708,13.1085],[12.2641,13.1152],[12.2573,13.1175],[12.2551,13.1175],[12.2506,13.1175],[12.2461,13.1175],[12.2394,13.1175],[12.2371,13.1175],[12.2371,13.1152],[12.2349,13.1107],[12.2304,13.1107],[12.2281,13.113],[12.2259,13.1152],[12.2236,13.1152],[12.2236,13.113],[12.2214,13.113],[12.2147,13.1152],[12.2124,13.1152],[12.2102,13.1175],[12.2079,13.1197],[12.2079,13.122],[12.2102,13.1242],[12.2057,13.1242],[12.2034,13.1264],[12.2034,13.1287],[12.2012,13.1309],[12.1989,13.1309],[12.19,13.1264],[12.1877,13.1242],[12.1855,13.1242],[12.1855,13.122],[12.1855,13.1197],[12.1832,13.1197],[12.181,13.1175],[12.181,13.1197],[12.1787,13.1197],[12.1787,13.122],[12.181,13.122],[12.181,13.1242],[12.181,13.1264],[12.1787,13.1264],[12.1765,13.1242],[12.1765,13.1197],[12.1765,13.1175],[12.1832,13.113],[12.1832,13.1107],[12.1855,13.1107],[12.1877,13.1107],[12.1877,13.1085],[12.1855,13.1085],[12.181,13.1062],[12.181,13.1085],[12.1787,13.1085],[12.1765,13.1085],[12.1742,13.1062],[12.172,13.104],[12.1698,13.104],[12.163,13.1017],[12.163,13.104],[12.1608,13.104],[12.1585,13.1062],[12.1585,13.1085],[12.1518,13.1085],[12.1495,13.1062],[12.1518,13.0995],[12.1495,13.0972],[12.1383,13.0995],[12.1338,13.104],[12.1316,13.1017],[12.1316,13.095],[12.1293,13.0905],[12.1226,13.0905],[12.1203,13.0928],[12.1181,13.0928],[12.1136,13.0905],[12.1046,13.0928],[12.0956,13.0972],[12.0889,13.1017],[12.0822,13.1062],[12.0732,13.1107],[12.0664,13.1152],[12.0597,13.1197],[12.053,13.122],[12.0462,13.1264],[12.0462,13.1287],[12.0417,13.1309],[12.026,13.1399],[12.0148,13.1511],[12.0125,13.1579],[12.0058,13.1624],[12.0013,13.1691],[11.9946,13.1736],[11.9901,13.1758],[11.9429,13.2118],[11.9295,13.223],[11.9227,13.2253],[11.916,13.2297],[11.9115,13.232],[11.9048,13.2365],[11.898,13.2387],[11.8913,13.2432],[11.8845,13.2455],[11.88,13.2477],[11.8756,13.25],[11.8666,13.2522],[11.8598,13.2522],[11.8509,13.2545],[11.8441,13.2567],[11.8351,13.2589],[11.8284,13.2589],[11.8149,13.2634],[11.8104,13.2634],[11.8014,13.2657],[11.7947,13.2679],[11.7857,13.2679],[11.7767,13.2679],[11.7723,13.2724],[11.7655,13.2724],[11.761,13.2724],[11.7588,13.2747],[11.752,13.2747],[11.7431,13.2747],[11.7386,13.2769],[11.7341,13.2792],[11.7273,13.2792],[11.6959,13.2859],[11.6869,13.2904],[11.6802,13.2926],[11.6712,13.2949],[11.6667,13.2949],[11.6622,13.2994],[11.6577,13.3016],[11.651,13.3016],[11.6442,13.3039],[11.6375,13.3061],[11.6308,13.3083],[11.6263,13.3106],[11.6173,13.3128],[11.6106,13.3173],[11.6016,13.3196],[11.5971,13.3218],[11.5903,13.3263],[11.5836,13.3286],[11.5769,13.3308],[11.5679,13.3353],[11.5612,13.3375],[11.5544,13.342],[11.5477,13.3443],[11.5387,13.3488],[11.532,13.351],[11.523,13.351],[11.523,13.3533],[11.5162,13.3533],[11.5095,13.3533],[11.5005,13.3555],[11.4938,13.3555],[11.4848,13.3578],[11.4803,13.3555],[11.4691,13.3578],[11.4646,13.36],[11.4578,13.36],[11.4511,13.3622],[11.4444,13.3622],[11.4287,13.3645],[11.4197,13.3667],[11.4129,13.3667],[11.4039,13.369],[11.395,13.369],[11.3882,13.3712],[11.3815,13.3712],[11.3748,13.3712],[11.368,13.3712],[11.359,13.3712],[11.35,13.3735],[11.3433,13.3735],[11.3343,13.3735],[11.3253,13.3735],[11.3186,13.3735],[11.3096,13.3735],[11.3029,13.3735],[11.2962,13.3735],[11.2894,13.3735],[11.2849,13.3735],[11.2804,13.3735],[11.2759,13.3735],[11.267,13.3735],[11.258,13.3735],[11.249,13.3735],[11.24,13.3735],[11.231,13.3757],[11.222,13.3757],[11.2131,13.3757],[11.2063,13.3757],[11.1816,13.3757],[11.1749,13.3757],[11.1659,13.3757],[11.1592,13.3757],[11.1547,13.3757],[11.1524,13.3757],[11.1434,13.3757],[11.1389,13.3757],[11.1345,13.3757],[11.1322,13.3757],[11.1232,13.3757],[11.1142,13.3757],[11.1053,13.3757],[11.0963,13.3735],[11.0873,13.3735],[11.0783,13.3735],[11.0693,13.3735],[11.0648,13.3757],[11.0603,13.3735],[11.0514,13.3735],[11.0424,13.3735],[11.0356,13.3735],[11.0289,13.3735],[11.0244,13.3735],[11.0177,13.3735],[11.0087,13.3735],[11.002,13.3735],[10.993,13.3735],[10.9862,13.3735],[10.9773,13.3712],[10.9683,13.3712],[10.9593,13.3712],[10.9503,13.3712],[10.9413,13.3712],[10.9323,13.369],[10.9234,13.369],[10.9166,13.369],[10.9054,13.369],[10.9009,13.369],[10.8942,13.3667],[10.8874,13.3667],[10.8807,13.3667],[10.8739,13.3667],[10.8672,13.3667],[10.8605,13.3667],[10.8537,13.3667],[10.8492,13.3645],[10.8403,13.3645],[10.8313,13.3645],[10.8223,13.3645],[10.8133,13.3645],[10.8066,13.3645],[10.7998,13.3622],[10.7909,13.3622],[10.7819,13.3622],[10.7729,13.3622],[10.7639,13.36],[10.7549,13.36],[10.7459,13.36],[10.737,13.36],[10.7302,13.36],[10.7212,13.36],[10.7123,13.3578],[10.7033,13.3578],[10.6876,13.3578],[10.6786,13.3578],[10.6696,13.3578],[10.6628,13.3555],[10.6539,13.3533],[10.6471,13.351],[10.6404,13.3488],[10.6314,13.3465],[10.6247,13.3443],[10.6179,13.3398],[10.609,13.3375],[10.6,13.3331],[10.5932,13.3308],[10.5865,13.3286],[10.5798,13.3263],[10.5708,13.3241],[10.5663,13.3218],[10.5618,13.3196],[10.5551,13.3173],[10.5461,13.3128],[10.5393,13.3106],[10.5326,13.3083],[10.5259,13.3061],[10.5169,13.3039],[10.5079,13.2994],[10.5012,13.2971],[10.4922,13.2949],[10.4854,13.2904],[10.4787,13.2881],[10.472,13.2859],[10.4675,13.2814],[10.4585,13.2814],[10.4517,13.2814],[10.445,13.2814],[10.4405,13.2814],[10.4383,13.2792],[10.4383,13.2814],[10.4315,13.2814],[10.4226,13.2792],[10.4136,13.2792],[10.4023,13.2769],[10.3934,13.2769],[10.3844,13.2769],[10.3776,13.2769],[10.3687,13.2769],[10.3597,13.2747],[10.3529,13.2747],[10.344,13.2747],[10.3305,13.2747],[10.326,13.2747],[10.317,13.2724],[10.308,13.2724],[10.2945,13.2724],[10.2878,13.2724],[10.2811,13.2724],[10.2766,13.2702],[10.2698,13.2702],[10.2631,13.2702],[10.2586,13.2724],[10.2496,13.2702],[10.2429,13.2702],[10.2339,13.2679],[10.2249,13.2679],[10.2227,13.2679],[10.2159,13.2679],[10.207,13.2679],[10.2025,13.2657],[10.1957,13.2634],[10.189,13.2612],[10.1823,13.2589],[10.1755,13.2545],[10.1688,13.2522],[10.162,13.2477],[10.1531,13.2455],[10.1463,13.241],[10.1396,13.2387],[10.1328,13.2365],[10.1306,13.2342],[10.1261,13.232],[10.1239,13.2297],[10.1149,13.2275],[10.1081,13.223],[10.0992,13.2208],[10.0924,13.2163],[10.0834,13.214],[10.0767,13.2095],[10.0677,13.2073],[10.061,13.2028],[10.0385,13.1893],[10.034,13.1826],[10.0273,13.1803],[10.0228,13.1781],[10.0161,13.1758],[10.0116,13.1714],[10.0048,13.1691],[10.0004,13.1646],[9.9959,13.1624],[9.9914,13.1556],[9.9846,13.1534],[9.9824,13.1489],[9.9801,13.1444],[9.9465,13.1085],[9.9352,13.095],[9.9128,13.0703],[9.9015,13.0591],[9.897,13.0568],[9.8948,13.0568],[9.8903,13.0523],[9.8858,13.0478],[9.8813,13.0433],[9.8768,13.0411],[9.8723,13.0366],[9.8701,13.0366],[9.8634,13.0299],[9.8589,13.0254],[9.8521,13.0209],[9.8476,13.0142],[9.8431,13.0097],[9.8364,13.0029],[9.8319,12.9962],[9.8297,12.9895],[9.8252,12.9827],[9.8207,12.976],[9.8162,12.9692],[9.8117,12.967],[9.8072,12.9603],[9.8027,12.9535],[9.7937,12.9423],[9.7892,12.94],[9.7848,12.9356],[9.7803,12.9311],[9.7758,12.9266],[9.7735,12.9221],[9.769,12.9176],[9.7623,12.9108],[9.7421,12.8906],[9.7354,12.8839],[9.7286,12.8772],[9.7219,12.8704],[9.7174,12.8637],[9.7106,12.8592],[9.7062,12.8547],[9.6994,12.848],[9.6949,12.8435],[9.6927,12.839],[9.6882,12.8345],[9.677,12.8233],[9.6657,12.8143],[9.659,12.8098],[9.6702,12.8098],[9.6815,12.8098],[9.6927,12.812],[9.7017,12.812],[9.7106,12.812],[9.7174,12.812],[9.7241,12.812],[9.7264,12.812],[9.7354,12.8098],[9.7443,12.8098],[9.7488,12.8098],[9.7645,12.8098],[9.7735,12.8098],[9.7803,12.812],[9.796,12.8143],[9.8005,12.8143],[9.8117,12.8165],[9.8229,12.8188],[9.8342,12.821],[9.8454,12.8255],[9.8701,12.8345],[9.8746,12.8367],[9.8881,12.848],[9.8926,12.8547],[9.9015,12.8659],[9.906,12.8727],[9.915,12.8884],[9.9195,12.9019],[9.9262,12.9198],[9.9375,12.9445],[9.9397,12.9468],[9.9442,12.9513],[9.9487,12.9558],[9.9554,12.9603],[9.9734,12.9692],[9.9824,12.9737],[9.9891,12.9737],[9.9959,12.9737],[10.0026,12.9737],[10.0183,12.9827],[10.0295,12.9827],[10.0363,12.985],[10.043,12.9872],[10.0498,12.9917],[10.0587,12.9939],[10.0655,12.9984],[10.07,12.9984],[10.0879,13.0029],[10.0969,13.0029],[10.1014,13.0029],[10.1059,13.0029],[10.1149,13.0029],[10.1171,13.0029],[10.1216,13.0029],[10.1373,13.0074],[10.1418,13.0097],[10.1463,13.0097],[10.1553,13.0142],[10.1688,13.0186],[10.1823,13.0231],[10.1867,13.0254],[10.198,13.0344],[10.2025,13.0366],[10.2047,13.0389],[10.207,13.0411],[10.2182,13.0433],[10.2204,13.0433],[10.2272,13.0433],[10.2339,13.0433],[10.2362,13.0411],[10.2451,13.0344],[10.2474,13.0344],[10.2474,13.0299],[10.2496,13.0254],[10.2541,13.0186],[10.2564,13.0074],[10.2586,13.0007],[10.2631,12.9872],[10.2653,12.9827],[10.2743,12.9715],[10.2766,12.967],[10.2788,12.9647],[10.2788,12.9603],[10.2811,12.9558],[10.2811,12.9513],[10.2811,12.949],[10.2811,12.9378],[10.2811,12.9333],[10.2788,12.9266],[10.2766,12.9198],[10.2743,12.9153],[10.2721,12.8996],[10.2721,12.8929],[10.2721,12.8884],[10.2721,12.8861],[10.2676,12.8772],[10.2609,12.8704],[10.2564,12.8659],[10.2519,12.8614],[10.2474,12.8547],[10.2474,12.8502],[10.2496,12.8457],[10.2519,12.8435],[10.2676,12.8412],[10.2721,12.8412],[10.2788,12.8412],[10.299,12.848],[10.3058,12.8502],[10.3192,12.8547],[10.3215,12.8547],[10.3305,12.857],[10.335,12.8592],[10.3417,12.8592],[10.3484,12.8614],[10.3664,12.8614],[10.3754,12.8592],[10.3911,12.8525],[10.3934,12.8525],[10.4046,12.8435],[10.4158,12.8412],[10.4203,12.8412],[10.436,12.839],[10.4428,12.8367],[10.445,12.8322],[10.454,12.8255],[10.4607,12.821],[10.4787,12.821],[10.4854,12.821],[10.4899,12.821],[10.5012,12.8233],[10.5034,12.8255],[10.5056,12.8255],[10.5079,12.8255],[10.5146,12.8278],[10.5236,12.83],[10.5371,12.83],[10.5506,12.8255],[10.5595,12.8233],[10.5663,12.8188],[10.5708,12.8165],[10.5753,12.812],[10.5775,12.8075],[10.5708,12.8031],[10.573,12.7986],[10.5775,12.7918],[10.5775,12.7828],[10.5753,12.7716],[10.573,12.7649],[10.5753,12.7536],[10.5775,12.7469],[10.5865,12.7357],[10.5932,12.72],[10.5977,12.7132],[10.6,12.7042],[10.6,12.702],[10.6,12.693],[10.5977,12.6908],[10.5977,12.6863],[10.5977,12.684],[10.5955,12.6706],[10.5955,12.6571],[10.5955,12.6548],[10.5977,12.6481],[10.5977,12.6414],[10.5977,12.6391],[10.5977,12.6324],[10.5955,12.6234],[10.5977,12.6167],[10.5977,12.592],[10.6,12.5807],[10.5977,12.5762],[10.5955,12.5695],[10.591,12.5583],[10.591,12.5448],[10.5932,12.5358],[10.591,12.5313],[10.5887,12.5268],[10.591,12.5223],[10.5932,12.5201],[10.6045,12.5223],[10.6112,12.5223],[10.6134,12.5201],[10.6224,12.5178],[10.6292,12.5156],[10.6337,12.5134],[10.6359,12.5111],[10.6359,12.5066],[10.6426,12.4976],[10.6471,12.4954],[10.6651,12.4842],[10.6853,12.4729],[10.6898,12.4707],[10.6988,12.4662],[10.7167,12.4572],[10.7235,12.4527],[10.7235,12.4505],[10.7257,12.446],[10.7257,12.4415],[10.7257,12.4303],[10.7257,12.4056],[10.7257,12.3853],[10.7257,12.3809],[10.728,12.3561],[10.728,12.3314],[10.7302,12.3112],[10.7302,12.2978],[10.7347,12.2618],[10.737,12.2506],[10.7392,12.2394],[10.7392,12.2326],[10.7414,12.2236],[10.7414,12.2192],[10.7414,12.2169],[10.7459,12.2012],[10.7459,12.1945],[10.7549,12.1698],[10.7572,12.1585],[10.7639,12.1473],[10.7706,12.1316],[10.7729,12.1226],[10.7796,12.1024],[10.7841,12.0844],[10.7841,12.0709],[10.7841,12.0507],[10.7841,12.0462],[10.7864,12.0417],[10.7841,12.0328],[10.7819,12.0193],[10.7819,12.0125],[10.7819,12.0013],[10.7819,11.9946],[10.7819,11.9834],[10.7819,11.9744],[10.7841,11.9676],[10.7909,11.9564],[10.7931,11.9452],[10.7976,11.9407],[10.8021,11.9339],[10.8088,11.925],[10.8111,11.9205],[10.8133,11.916],[10.8133,11.9137],[10.8156,11.907],[10.8156,11.8958],[10.8178,11.8868],[10.8156,11.8823],[10.8133,11.88],[10.8111,11.8756],[10.8066,11.8666],[10.8066,11.8621],[10.8066,11.8576],[10.8088,11.8531],[10.8111,11.8486],[10.8156,11.8419],[10.8268,11.8284],[10.8313,11.8239],[10.8335,11.8239],[10.838,11.8239],[10.847,11.8217],[10.8515,11.8194],[10.856,11.8172],[10.8627,11.7992],[10.8627,11.7835],[10.865,11.779],[10.8672,11.7723],[10.8717,11.7633],[10.8762,11.7565],[10.8807,11.7543],[10.8852,11.7498],[10.8897,11.7408],[10.9054,11.7049],[10.9076,11.6914],[10.9099,11.6869],[10.9099,11.6824],[10.9099,11.6779],[10.9121,11.6712],[10.9144,11.6667],[10.9189,11.6645],[10.9211,11.6622],[10.9234,11.6555],[10.9256,11.651],[10.9256,11.6465],[10.9256,11.6353],[10.9256,11.6195],[10.9278,11.5993],[10.9278,11.5859],[10.9301,11.5814],[10.9323,11.5701],[10.9323,11.5656],[10.9323,11.5499],[10.9301,11.5387],[10.9278,11.5297],[10.9278,11.5252],[10.9278,11.5185],[10.9301,11.5162],[10.9301,11.514],[10.9301,11.505],[10.9301,11.5005],[10.9346,11.4915],[10.9346,11.4825],[10.9346,11.4736],[10.9323,11.4623],[10.9301,11.4444],[10.9256,11.4354],[10.9211,11.4242],[10.9189,11.4219],[10.9099,11.4107],[10.9054,11.4062],[10.8987,11.4017],[10.8942,11.395],[10.8852,11.3882],[10.8807,11.386],[10.8762,11.3815],[10.8672,11.3748],[10.8582,11.3703],[10.8537,11.368],[10.8515,11.3635],[10.8515,11.3568],[10.8582,11.35],[10.865,11.3456],[10.8784,11.3388],[10.8874,11.3343],[10.8942,11.3298],[10.9256,11.3141],[10.9346,11.3096],[10.9526,11.3029],[10.9728,11.2939],[10.9773,11.2939],[10.9862,11.2962],[11.002,11.2962],[11.0064,11.2962],[11.0132,11.2984],[11.0199,11.2984],[11.0289,11.2984],[11.0312,11.3029],[11.0334,11.3051],[11.0379,11.3074],[11.0424,11.3074],[11.0514,11.3074],[11.0559,11.3074],[11.0581,11.3096],[11.0626,11.3096],[11.0716,11.3119],[11.0806,11.3096],[11.0895,11.3029],[11.0918,11.3006],[11.0985,11.2962],[11.1075,11.2894],[11.1142,11.2872],[11.121,11.2827],[11.1322,11.2804],[11.1367,11.2804],[11.1412,11.2782],[11.1479,11.2737],[11.1502,11.2714],[11.1547,11.2692],[11.1592,11.2692],[11.1704,11.267],[11.1816,11.2647],[11.1973,11.2602],[11.2018,11.2602],[11.2063,11.2602],[11.2108,11.258],[11.2175,11.2535],[11.2243,11.249],[11.2265,11.249],[11.231,11.2467],[11.2333,11.2445],[11.2378,11.2423],[11.2423,11.2423],[11.2467,11.2423],[11.2602,11.24],[11.2625,11.24],[11.2692,11.2423],[11.2737,11.2445],[11.2759,11.2467],[11.2872,11.2535],[11.2917,11.2535],[11.2962,11.2535],[11.3006,11.2512],[11.3029,11.249],[11.3096,11.2445],[11.3141,11.2378],[11.3186,11.2265],[11.3209,11.2243],[11.3253,11.2131],[11.3276,11.2063],[11.3366,11.1906],[11.3411,11.1816],[11.3411,11.1794],[11.35,11.1614],[11.3635,11.13],[11.368,11.1232],[11.3792,11.1098],[11.3815,11.1075],[11.386,11.1008],[11.3927,11.0963],[11.3995,11.0918],[11.3995,11.0895],[11.4017,11.0873],[11.4129,11.0806],[11.4152,11.0761],[11.4287,11.0626],[11.4399,11.0536],[11.4444,11.0514],[11.4489,11.0469],[11.4511,11.0424],[11.4578,11.0356],[11.4713,11.0222],[11.4758,11.0154],[11.4825,11.002],[11.4893,10.9952],[11.496,10.9907],[11.514,10.9683],[11.5162,10.9615],[11.5275,10.9413],[11.5297,10.9391],[11.5297,10.9346],[11.5297,10.9323],[11.532,10.9301],[11.532,10.9234],[11.532,10.9189],[11.532,10.9031],[11.5297,10.8942],[11.5275,10.8919],[11.5275,10.8874],[11.5275,10.8807],[11.5297,10.8762],[11.532,10.8717],[11.5342,10.8672],[11.5364,10.8627],[11.5387,10.8515],[11.5387,10.8403],[11.5364,10.829],[11.5342,10.8133],[11.5297,10.7998],[11.5297,10.7909],[11.5275,10.7729],[11.5275,10.7572],[11.523,10.7504],[11.5207,10.7459],[11.5162,10.7325],[11.5162,10.7212],[11.5162,10.7033],[11.514,10.6943],[11.5162,10.6831],[11.5207,10.6673],[11.523,10.6606],[11.5252,10.6606],[11.5207,10.6404],[11.5162,10.6179],[11.514,10.6112],[11.514,10.6067],[11.5117,10.6022],[11.5117,10.6],[11.5117,10.5842],[11.5162,10.5708],[11.523,10.5685],[11.5275,10.5685],[11.532,10.5708],[11.5364,10.5753],[11.5477,10.5842],[11.5522,10.5887],[11.5612,10.591],[11.5724,10.5932],[11.5836,10.5932],[11.5926,10.5977],[11.6016,10.6022],[11.6128,10.6045],[11.624,10.6067],[11.6285,10.609],[11.633,10.609],[11.6398,10.609],[11.6465,10.6112],[11.6622,10.6157],[11.6689,10.6179],[11.6757,10.6179],[11.6847,10.6202],[11.6892,10.6224],[11.7026,10.6292],[11.7094,10.6314],[11.7139,10.6359],[11.7161,10.6381],[11.7206,10.6404],[11.7228,10.6449],[11.7273,10.6494],[11.7318,10.6539],[11.7475,10.6673],[11.7543,10.6696],[11.761,10.6696],[11.7633,10.6718],[11.7678,10.6741],[11.7678,10.6786],[11.7678,10.6808],[11.7678,10.6898],[11.7655,10.6965],[11.7565,10.7145],[11.7498,10.7212],[11.7475,10.7257],[11.7408,10.728],[11.7273,10.737],[11.7206,10.7437],[11.7228,10.7572],[11.7251,10.7594],[11.7296,10.7662],[11.7363,10.7774],[11.7363,10.7819],[11.7408,10.7931],[11.7386,10.7976],[11.7363,10.8021],[11.7318,10.8066],[11.7273,10.8066],[11.7228,10.8066],[11.7116,10.8111],[11.7049,10.8201],[11.7004,10.8245],[11.6937,10.829],[11.6847,10.8335],[11.6622,10.829],[11.6577,10.829],[11.651,10.8268],[11.6465,10.8335],[11.6442,10.8403],[11.642,10.8448],[11.6375,10.847],[11.6353,10.8492],[11.624,10.856],[11.624,10.8605],[11.6263,10.8672],[11.633,10.8717],[11.6398,10.8739],[11.6465,10.8784],[11.6667,10.8852],[11.6802,10.8852],[11.6892,10.8874],[11.6937,10.8897],[11.7161,10.8964],[11.7273,10.9009],[11.7498,10.9099],[11.7745,10.9189],[11.7902,10.9234],[11.8037,10.9278],[11.8217,10.9368],[11.8351,10.9391],[11.8419,10.9391],[11.8486,10.9413],[11.8553,10.9413],[11.8666,10.9458],[11.8711,10.9481],[11.88,10.9503],[11.8845,10.9526],[11.8958,10.9548],[11.9048,10.957],[11.916,10.9593],[11.9295,10.9638],[11.9362,10.966],[11.9497,10.9773],[11.9654,10.9885],[11.9789,11.0042],[12.0058,11.0312],[12.0081,11.0334],[12.0125,11.0424],[12.0193,11.0536],[12.0215,11.0581],[12.0283,11.0626],[12.035,11.0626],[12.0417,11.0648],[12.0462,11.0648],[12.0552,11.0626],[12.0575,11.0626],[12.0709,11.0581],[12.0754,11.0536],[12.0822,11.0514],[12.0889,11.0514],[12.0979,11.0514],[12.1069,11.0514],[12.1248,11.0559],[12.1293,11.0559],[12.1383,11.0626],[12.145,11.0693],[12.1473,11.0761],[12.1495,11.0783],[12.1495,11.0806],[12.145,11.0895],[12.1406,11.0918],[12.1383,11.0963],[12.1361,11.103],[12.1361,11.1075],[12.1361,11.1165],[12.1361,11.1187],[12.1338,11.1277],[12.1293,11.1367],[12.1271,11.1389],[12.1203,11.1389],[12.1181,11.1479],[12.1136,11.1547],[12.1136,11.1704],[12.1136,11.1794],[12.1136,11.1861],[12.1136,11.1928],[12.1114,11.1951],[12.1091,11.2086],[12.1024,11.2288],[12.1024,11.2378],[12.1024,11.2445],[12.1046,11.2512],[12.1069,11.2557],[12.1181,11.2625],[12.1248,11.2692],[12.1383,11.2737],[12.154,11.2827],[12.1675,11.2894],[12.1787,11.2962],[12.1877,11.3029],[12.19,11.3051],[12.1922,11.3074],[12.1945,11.3119],[12.1967,11.3186],[12.1989,11.3343],[12.1989,11.3411],[12.2012,11.3523],[12.2034,11.3613],[12.2124,11.386],[12.2147,11.3905],[12.2214,11.3995],[12.2304,11.4107],[12.2371,11.4152],[12.2506,11.4264],[12.2551,11.4309],[12.2641,11.4376],[12.2663,11.4399],[12.2708,11.4444],[12.2798,11.4489],[12.3045,11.4668],[12.309,11.4713],[12.3112,11.4758],[12.3157,11.4825],[12.3225,11.4893],[12.3247,11.4983],[12.3225,11.5028],[12.3225,11.5073],[12.3202,11.5185],[12.3157,11.5342],[12.3135,11.5409],[12.309,11.5499],[12.3067,11.5634],[12.3045,11.5701],[12.3,11.5836],[12.3,11.5881],[12.291,11.5971],[12.2775,11.6128],[12.2708,11.6218],[12.2618,11.6285],[12.2484,11.633],[12.2394,11.6353],[12.2259,11.633],[12.2124,11.6308],[12.2034,11.6308],[12.1698,11.6285],[12.1698,11.6353],[12.172,11.6375],[12.1742,11.6398],[12.1742,11.6465],[12.1742,11.6487],[12.1765,11.6555],[12.181,11.6667],[12.1877,11.6779],[12.1877,11.6824],[12.1945,11.7004],[12.1989,11.7228],[12.2034,11.7296],[12.2102,11.7408],[12.2124,11.7475],[12.2192,11.7588],[12.2371,11.779],[12.2416,11.7835],[12.2439,11.788],[12.2484,11.7992],[12.2528,11.8149],[12.2528,11.8261],[12.2506,11.8351],[12.2506,11.8419],[12.2484,11.8553],[12.2461,11.8711],[12.2461,11.8935],[12.2461,11.9092],[12.2461,11.916],[12.2461,11.925],[12.2439,11.9362],[12.2461,11.9407],[12.2484,11.9609],[12.2484,11.9721],[12.2484,11.9766],[12.2484,11.9878],[12.2506,12.0058],[12.2506,12.0081],[12.2506,12.0125],[12.2528,12.017],[12.2573,12.0462],[12.2618,12.0642],[12.2686,12.0889],[12.2708,12.0979],[12.2753,12.1091],[12.2843,12.1428],[12.2888,12.163],[12.291,12.1698],[12.3,12.2012],[12.3022,12.2192],[12.3045,12.2281],[12.3045,12.2349],[12.3045,12.2484],[12.3045,12.2573],[12.3045,12.2618],[12.3045,12.2775],[12.3067,12.2843],[12.3067,12.291],[12.3045,12.3135],[12.3022,12.3202],[12.2978,12.3292],[12.2865,12.3539],[12.2775,12.3674],[12.2753,12.3786],[12.2686,12.3921],[12.2618,12.4145],[12.2596,12.4213],[12.2618,12.4235],[12.2663,12.4303],[12.2686,12.4347],[12.2865,12.4482],[12.291,12.4505],[12.3,12.455],[12.309,12.4572],[12.3157,12.4595],[12.3314,12.4684],[12.3427,12.4774],[12.3539,12.4819],[12.3561,12.4819],[12.3629,12.4864],[12.3696,12.4931],[12.3898,12.5089],[12.3943,12.5156],[12.3988,12.5201],[12.3988,12.5246],[12.4056,12.5358],[12.4056,12.5403],[12.4145,12.5515],[12.419,12.5538],[12.4213,12.556],[12.4235,12.5605],[12.4235,12.5628],[12.428,12.5672],[12.4303,12.574],[12.4347,12.5807],[12.437,12.5852],[12.4415,12.5987],[12.4415,12.6032],[12.4437,12.6077],[12.4437,12.6122],[12.4527,12.6211],[12.4595,12.6279],[12.4639,12.6301],[12.4729,12.6346],[12.4774,12.6391],[12.4819,12.6481],[12.4864,12.6616],[12.4864,12.6661],[12.4864,12.6885],[12.4864,12.693],[12.4774,12.7087],[12.4729,12.7177],[12.4639,12.7267],[12.4572,12.7334],[12.437,12.7514],[12.4325,12.7581],[12.428,12.7626],[12.4258,12.7649],[12.419,12.7739],[12.4123,12.7828],[12.4033,12.7941],[12.3988,12.7986],[12.3943,12.8008],[12.3921,12.8031],[12.3831,12.8165],[12.3741,12.8278],[12.3719,12.8322],[12.3651,12.8502],[12.3629,12.857],[12.3606,12.8614],[12.3606,12.8727],[12.3584,12.8861],[12.3606,12.8974],[12.3629,12.9019],[12.3674,12.9108],[12.3696,12.9131],[12.3786,12.9266],[12.3876,12.9445],[12.3876,12.949],[12.3898,12.9535],[12.3943,12.967],[12.3988,12.9805],[12.3988,12.9827],[12.4011,12.9917],[12.4011,12.9984],[12.4033,13.0097],[12.4033,13.0119],[12.4033,13.0164],[12.4011,13.0209],[12.4011,13.0231],[12.4011,13.0299],[12.3966,13.0478],[12.3943,13.0681],[12.3943,13.077],[12.3921,13.0748],[12.3898,13.0748],[12.3831,13.0748],[12.3831,13.077],[12.3809,13.077],[12.3809,13.0793],[12.3764,13.0793],[12.3741,13.0793],[12.3741,13.077],[12.3719,13.077],[12.3696,13.0748],[12.3696,13.077],[12.3674,13.077],[12.3674,13.0793],[12.3674,13.0815],[12.3696,13.0838],[12.3696,13.086],[12.3719,13.086],[12.3719,13.0883],[12.3719,13.0905],[12.3696,13.0928],[12.3674,13.0928],[12.3651,13.0905],[12.3561,13.0838],[12.3561,13.0815],[12.3584,13.0815],[12.3584,13.0793],[12.3561,13.0793],[12.3561,13.077],[12.3539,13.077],[12.3539,13.0793],[12.3517,13.0793],[12.3517,13.0815],[12.3494,13.086],[12.3472,13.0883],[12.3427,13.0883],[12.3404,13.0883],[12.3382,13.086],[12.3382,13.0838],[12.3382,13.0815],[12.3382,13.0793],[12.3382,13.077],[12.3404,13.077],[12.3404,13.0748],[12.3404,13.0725],[12.3382,13.0725],[12.3337,13.0725],[12.3314,13.0725],[12.3314,13.0748],[12.3314,13.077],[12.3337,13.0793],[12.3337,13.0838],[12.3337,13.086],[12.3314,13.086],[12.3292,13.086],[12.327,13.086],[12.3247,13.086],[12.3225,13.086],[12.3202,13.0883],[12.318,13.0905],[12.318,13.0928],[12.3157,13.0928],[12.3135,13.0972],[12.3112,13.0972],[12.3067,13.0972],[12.3022,13.0995],[12.3,13.0995],[12.2978,13.0995],[12.2955,13.0995],[12.2933,13.0995],[12.291,13.0995],[12.2888,13.0972],[12.2843,13.095],[12.2775,13.0905],[12.2775,13.0883],[12.2775,13.086],[12.2798,13.086],[12.2798,13.0838],[12.2775,13.0838]],[[12.2798,13.0838],[12.2798,13.0815],[12.282,13.0815],[12.282,13.0793],[12.2843,13.0793],[12.2888,13.0793],[12.2888,13.0815],[12.291,13.0815],[12.2888,13.0838],[12.2865,13.0838],[12.2843,13.0838],[12.282,13.0838],[12.2798,13.0838]]]}},{"type":"Feature","properties":{"id":"akwa-ibom","name":"Akwa Ibom"},"geometry":{"type":"Polygon","coordinates":[[[7.4626,4.9721],[7.4671,4.9699],[7.4739,4.9654],[7.4806,4.9609],[7.4829,4.9609],[7.4873,4.9609],[7.4896,4.9609],[7.4918,4.9586],[7.4918,4.9541],[7.4918,4.9474],[7.4918,4.9452],[7.4896,4.9429],[7.4873,4.9384],[7.4851,4.9362],[7.4829,4.9339],[7.4806,4.9339],[7.4784,4.9205],[7.4784,4.916],[7.4761,4.907],[7.4784,4.9025],[7.4806,4.8913],[7.4806,4.8868],[7.4806,4.8823],[7.4829,4.88],[7.4896,4.8666],[7.4918,4.8643],[7.4941,4.8621],[7.4963,4.8598],[7.4986,4.8598],[7.4986,4.8553],[7.5008,4.8396],[7.5008,4.8374],[7.5008,4.8351],[7.4986,4.8329],[7.4963,4.8284],[7.4918,4.8239],[7.4896,4.8216],[7.5008,4.8082],[7.5076,4.8037],[7.5098,4.8014],[7.5165,4.7924],[7.521,4.788],[7.5255,4.779],[7.5255,4.77],[7.5233,4.7632],[7.5233,4.7565],[7.5233,4.7543],[7.5255,4.7498],[7.53,4.743],[7.5368,4.7385],[7.5412,4.7363],[7.5435,4.7341],[7.5457,4.7318],[7.548,4.7251],[7.5457,4.7183],[7.5412,4.7071],[7.5368,4.7026],[7.5345,4.7004],[7.5323,4.6914],[7.53,4.6914],[7.5233,4.6846],[7.5233,4.6712],[7.5255,4.6644],[7.5278,4.651],[7.5233,4.6307],[7.53,4.6173],[7.5323,4.6038],[7.5457,4.5858],[7.5457,4.5701],[7.5345,4.5566],[7.5278,4.5499],[7.5345,4.5409],[7.539,4.5387],[7.5435,4.5342],[7.5525,4.5207],[7.5615,4.514],[7.5727,4.514],[7.5772,4.514],[7.5794,4.5117],[7.5862,4.5072],[7.5862,4.505],[7.5974,4.4982],[7.6019,4.4915],[7.6019,4.4893],[7.6019,4.4825],[7.6041,4.4803],[7.6064,4.4758],[7.6198,4.4735],[7.6423,4.4848],[7.6603,4.4938],[7.6625,4.4938],[7.6648,4.4938],[7.6693,4.496],[7.6715,4.4982],[7.676,4.496],[7.6782,4.496],[7.685,4.496],[7.6872,4.496],[7.6962,4.4982],[7.7232,4.5027],[7.7479,4.5072],[7.7546,4.5095],[7.7703,4.514],[7.7748,4.514],[7.7771,4.514],[7.7883,4.5162],[7.7905,4.5162],[7.8062,4.5185],[7.8107,4.5185],[7.8265,4.5207],[7.8399,4.523],[7.8534,4.5252],[7.932,4.5319],[7.9522,4.5342],[7.9882,4.5387],[8.0016,4.5387],[8.0106,4.5409],[8.0196,4.5409],[8.0263,4.5432],[8.0847,4.5432],[8.1162,4.5454],[8.1229,4.5454],[8.1454,4.5454],[8.1476,4.5454],[8.1543,4.5454],[8.1746,4.5454],[8.179,4.5454],[8.2037,4.5454],[8.206,4.5454],[8.215,4.5454],[8.2464,4.5432],[8.2621,4.5432],[8.2756,4.5432],[8.2823,4.5432],[8.2891,4.5432],[8.2936,4.5454],[8.2958,4.5499],[8.3003,4.5544],[8.3115,4.5679],[8.316,4.5724],[8.3295,4.5903],[8.3318,4.5926],[8.3407,4.6038],[8.3565,4.6263],[8.3587,4.6307],[8.3609,4.6375],[8.3385,4.6936],[8.3295,4.7206],[8.3273,4.7251],[8.3228,4.7341],[8.3228,4.7385],[8.3183,4.7475],[8.3183,4.7498],[8.316,4.7565],[8.3138,4.761],[8.3115,4.7632],[8.3048,4.7745],[8.3026,4.7745],[8.2981,4.7812],[8.2958,4.7835],[8.2936,4.7835],[8.2913,4.7857],[8.2756,4.8014],[8.2734,4.8037],[8.2666,4.8127],[8.2644,4.8149],[8.2599,4.8239],[8.2599,4.8284],[8.2644,4.8351],[8.2621,4.8374],[8.2621,4.8396],[8.2464,4.8531],[8.2397,4.8531],[8.2307,4.8598],[8.224,4.8733],[8.2195,4.8823],[8.215,4.898],[8.2082,4.9092],[8.197,4.9137],[8.1768,4.9294],[8.1723,4.9339],[8.1521,4.9384],[8.1498,4.9384],[8.1274,4.9699],[8.1251,4.9811],[8.1229,4.9946],[8.1162,5.0035],[8.1027,5.0238],[8.1004,5.0327],[8.0982,5.044],[8.1004,5.0619],[8.1004,5.0821],[8.0982,5.1068],[8.0959,5.1158],[8.0825,5.1271],[8.0757,5.1316],[8.069,5.136],[8.0645,5.145],[8.0623,5.1585],[8.0645,5.1675],[8.0668,5.172],[8.0668,5.181],[8.0645,5.1989],[8.0623,5.2057],[8.0555,5.2169],[8.0353,5.2438],[8.0263,5.2483],[8.0173,5.2461],[8.0106,5.2371],[8.0061,5.2259],[8.0039,5.2191],[7.9926,5.2057],[7.9837,5.2057],[7.9769,5.2079],[7.9724,5.2124],[7.9702,5.2214],[7.9679,5.2259],[7.9657,5.2304],[7.9612,5.2371],[7.9545,5.2393],[7.9477,5.2416],[7.9432,5.2461],[7.941,5.2506],[7.9387,5.2551],[7.9365,5.2596],[7.9365,5.2618],[7.9365,5.2663],[7.9365,5.2708],[7.9343,5.273],[7.9343,5.2775],[7.9298,5.2843],[7.9253,5.291],[7.923,5.2932],[7.9118,5.3045],[7.9096,5.3067],[7.9051,5.309],[7.9006,5.3135],[7.8916,5.3157],[7.8893,5.3179],[7.8826,5.3179],[7.8759,5.3179],[7.8714,5.3179],[7.8691,5.3157],[7.8669,5.3157],[7.8646,5.3135],[7.8624,5.3157],[7.8601,5.3179],[7.8579,5.3179],[7.8579,5.3202],[7.8557,5.3224],[7.8534,5.3247],[7.8489,5.3292],[7.8444,5.3337],[7.8422,5.3359],[7.8399,5.3382],[7.8422,5.3404],[7.8467,5.3427],[7.8489,5.3449],[7.8557,5.3449],[7.8691,5.3427],[7.8714,5.3404],[7.8736,5.3404],[7.8826,5.3359],[7.8961,5.3337],[7.8983,5.3337],[7.9006,5.3359],[7.9028,5.3382],[7.9051,5.3404],[7.9028,5.3427],[7.9006,5.3449],[7.8961,5.3494],[7.8916,5.3516],[7.8848,5.3584],[7.8804,5.3629],[7.8804,5.3674],[7.8759,5.3696],[7.8848,5.3853],[7.8759,5.3943],[7.8736,5.3988],[7.8714,5.4033],[7.8691,5.4078],[7.8669,5.4123],[7.8646,5.419],[7.8646,5.4213],[7.8601,5.4213],[7.8557,5.4235],[7.8512,5.4213],[7.8377,5.4213],[7.822,5.4235],[7.8085,5.428],[7.7928,5.4392],[7.7883,5.4437],[7.7838,5.4572],[7.7838,5.4617],[7.7815,5.4684],[7.7793,5.4707],[7.7771,5.4729],[7.7748,5.4752],[7.7748,5.4774],[7.7681,5.4796],[7.7658,5.4819],[7.7613,5.4886],[7.7613,5.4909],[7.7591,5.4931],[7.7591,5.4999],[7.7591,5.5043],[7.7591,5.5088],[7.7568,5.5111],[7.7546,5.5133],[7.7523,5.5156],[7.7479,5.5156],[7.7434,5.5178],[7.7344,5.5178],[7.7299,5.5178],[7.7276,5.5156],[7.7232,5.5156],[7.7187,5.5133],[7.7164,5.5133],[7.7142,5.5111],[7.7097,5.5133],[7.7052,5.5178],[7.6962,5.5178],[7.694,5.5156],[7.6917,5.5111],[7.6895,5.5066],[7.6917,5.5021],[7.694,5.4999],[7.694,5.4976],[7.6985,5.4954],[7.7007,5.4931],[7.7029,5.4909],[7.7052,5.4864],[7.7052,5.4819],[7.7052,5.4796],[7.7029,5.4639],[7.7007,5.4392],[7.6962,5.4347],[7.6782,5.4392],[7.676,5.4415],[7.6737,5.4415],[7.6715,5.4437],[7.6693,5.446],[7.667,5.4482],[7.6603,5.4482],[7.6558,5.446],[7.6558,5.4437],[7.6535,5.4437],[7.6513,5.4415],[7.649,5.437],[7.6468,5.437],[7.6423,5.4347],[7.6401,5.4325],[7.6401,5.4302],[7.6356,5.4257],[7.6356,5.4213],[7.6333,5.419],[7.6333,5.4145],[7.6333,5.4123],[7.6333,5.4078],[7.6333,5.4055],[7.6311,5.3966],[7.6288,5.3921],[7.6266,5.3898],[7.6266,5.3876],[7.6243,5.3876],[7.6243,5.3853],[7.6243,5.3831],[7.6243,5.3808],[7.6266,5.3786],[7.6288,5.3786],[7.6311,5.3786],[7.6333,5.3786],[7.6378,5.3808],[7.6401,5.3831],[7.6446,5.3853],[7.6468,5.3876],[7.649,5.3898],[7.6558,5.3921],[7.658,5.3921],[7.6625,5.3921],[7.6648,5.3921],[7.676,5.3876],[7.676,5.3853],[7.6782,5.3831],[7.6782,5.3808],[7.676,5.3696],[7.667,5.3471],[7.6648,5.3449],[7.6625,5.3404],[7.658,5.3359],[7.6558,5.3337],[7.6513,5.3292],[7.649,5.3247],[7.6446,5.3247],[7.6266,5.3179],[7.6221,5.3179],[7.6176,5.3179],[7.6109,5.3202],[7.6086,5.3224],[7.5974,5.3224],[7.5951,5.3202],[7.5907,5.3179],[7.5884,5.3179],[7.5839,5.3202],[7.5817,5.3224],[7.5794,5.3224],[7.5749,5.3247],[7.5727,5.3247],[7.5682,5.3224],[7.566,5.3202],[7.5637,5.3179],[7.5615,5.3135],[7.5615,5.309],[7.5592,5.309],[7.557,5.3067],[7.5525,5.3067],[7.5502,5.3067],[7.5457,5.309],[7.5435,5.309],[7.5412,5.309],[7.5345,5.3045],[7.5345,5.3],[7.5368,5.3],[7.5412,5.2932],[7.5435,5.291],[7.548,5.2865],[7.5502,5.2798],[7.5525,5.2753],[7.5525,5.273],[7.5525,5.2685],[7.548,5.2641],[7.5457,5.2596],[7.5435,5.2573],[7.5435,5.2551],[7.5412,5.2528],[7.5412,5.2393],[7.5412,5.2371],[7.5412,5.2169],[7.539,5.1944],[7.539,5.1877],[7.5345,5.1765],[7.53,5.1607],[7.5278,5.1563],[7.53,5.1495],[7.5323,5.1473],[7.5323,5.1293],[7.5345,5.1158],[7.5345,5.1113],[7.5345,5.1091],[7.539,5.1024],[7.5435,5.0934],[7.548,5.0889],[7.5457,5.0844],[7.5412,5.0709],[7.5412,5.0687],[7.539,5.0664],[7.5368,5.0642],[7.5323,5.0619],[7.53,5.0574],[7.5233,5.0552],[7.521,5.0552],[7.5188,5.053],[7.5255,5.0507],[7.5345,5.0485],[7.5345,5.044],[7.5323,5.0417],[7.5278,5.0372],[7.5255,5.0372],[7.5233,5.0372],[7.521,5.0372],[7.5188,5.0372],[7.5121,5.0305],[7.5121,5.026],[7.5076,5.0148],[7.5053,5.0125],[7.4918,5.008],[7.4896,5.0058],[7.4896,5.0035],[7.4873,5.0013],[7.4851,4.9991],[7.4829,4.9968],[7.4806,4.9968],[7.4784,4.9991],[7.4739,4.9968],[7.4716,4.9968],[7.4604,4.9766],[7.4604,4.9743],[7.4626,4.9721]]]}},{"type":"Feature","properties":{"id":"benue","name":"Benue"},"geometry":{"type":"Polygon","coordinates":[[[7.539,7.0202],[7.5412,7.009],[7.5502,6.991],[7.5525,6.9843],[7.557,6.9776],[7.5592,6.9708],[7.5637,6.9529],[7.5704,6.9394],[7.5772,6.9326],[7.5996,6.9259],[7.6198,6.9192],[7.6356,6.9035],[7.6468,6.8855],[7.658,6.8675],[7.6737,6.8563],[7.6917,6.8518],[7.7209,6.863],[7.7344,6.863],[7.7501,6.8787],[7.7636,6.881],[7.7771,6.8765],[7.786,6.872],[7.7995,6.872],[7.8175,6.8787],[7.8354,6.881],[7.8557,6.881],[7.8646,6.881],[7.8736,6.8698],[7.8759,6.863],[7.8826,6.8585],[7.8871,6.854],[7.8893,6.8428],[7.8893,6.8226],[7.8871,6.8046],[7.8871,6.7934],[7.8871,6.7889],[7.8893,6.7844],[7.9006,6.7867],[7.9028,6.7822],[7.8893,6.7665],[7.8781,6.7597],[7.8557,6.7418],[7.8422,6.7148],[7.831,6.6901],[7.822,6.6744],[7.8152,6.6587],[7.8107,6.6497],[7.804,6.6407],[7.8062,6.634],[7.822,6.6385],[7.831,6.6385],[7.8332,6.6272],[7.8332,6.6205],[7.8377,6.6138],[7.8444,6.6093],[7.8467,6.6048],[7.8534,6.589],[7.8557,6.5801],[7.8691,6.5688],[7.8871,6.5531],[7.9096,6.5419],[7.923,6.5374],[7.9298,6.5329],[7.932,6.5307],[7.95,6.5329],[7.9634,6.5441],[7.9657,6.5576],[7.9702,6.5688],[7.9769,6.5823],[7.9882,6.6115],[7.9882,6.6182],[7.9882,6.634],[7.9882,6.6497],[7.9882,6.6609],[7.9859,6.6699],[7.9882,6.6879],[7.9949,6.7036],[7.9994,6.7126],[8.0084,6.7148],[8.0263,6.7148],[8.0353,6.7126],[8.051,6.7103],[8.0645,6.7126],[8.0757,6.7148],[8.0802,6.7126],[8.0892,6.7126],[8.0959,6.7081],[8.0982,6.7081],[8.1117,6.7103],[8.1274,6.7126],[8.1364,6.7171],[8.1454,6.726],[8.1454,6.735],[8.1476,6.744],[8.1498,6.7463],[8.1521,6.7552],[8.1656,6.7665],[8.1723,6.7732],[8.1925,6.7777],[8.1993,6.7777],[8.2127,6.7754],[8.2195,6.7777],[8.2262,6.7889],[8.2284,6.8001],[8.2352,6.8001],[8.2397,6.7934],[8.2487,6.7754],[8.2554,6.7665],[8.2621,6.7552],[8.2666,6.7418],[8.2621,6.7373],[8.2554,6.7373],[8.2509,6.735],[8.2621,6.7305],[8.2689,6.7283],[8.2734,6.7171],[8.2801,6.7148],[8.2846,6.7103],[8.2801,6.7058],[8.2779,6.6968],[8.2846,6.6924],[8.2936,6.6789],[8.3003,6.6789],[8.3048,6.6789],[8.3071,6.6766],[8.3138,6.6766],[8.3205,6.6789],[8.325,6.6789],[8.3295,6.6811],[8.3407,6.6834],[8.3542,6.6901],[8.3609,6.6924],[8.3677,6.6968],[8.3699,6.7013],[8.3744,6.7058],[8.3767,6.7126],[8.3834,6.7238],[8.3879,6.7328],[8.3924,6.7418],[8.3991,6.7463],[8.4036,6.7485],[8.4081,6.753],[8.4104,6.753],[8.4193,6.7575],[8.4283,6.7575],[8.4328,6.7575],[8.4351,6.7575],[8.4396,6.7575],[8.444,6.7552],[8.4485,6.7507],[8.4508,6.7485],[8.4575,6.7463],[8.4687,6.7463],[8.4777,6.7485],[8.489,6.753],[8.5024,6.7575],[8.5092,6.7597],[8.5159,6.7597],[8.5361,6.7597],[8.5451,6.7575],[8.5518,6.7597],[8.5586,6.762],[8.5631,6.762],[8.5698,6.7642],[8.5788,6.7642],[8.5945,6.771],[8.608,6.7754],[8.617,6.7777],[8.6215,6.7799],[8.6259,6.7867],[8.6304,6.7912],[8.6372,6.7979],[8.6394,6.8046],[8.6417,6.8181],[8.6394,6.8226],[8.6372,6.8249],[8.6304,6.8293],[8.6259,6.8316],[8.6192,6.8361],[8.6102,6.8428],[8.6035,6.8473],[8.6012,6.8496],[8.6012,6.854],[8.6012,6.8563],[8.6057,6.8585],[8.608,6.8585],[8.6192,6.8608],[8.6372,6.863],[8.6462,6.863],[8.6507,6.8653],[8.6574,6.8653],[8.6619,6.8675],[8.6641,6.8675],[8.6686,6.8698],[8.6754,6.8743],[8.6866,6.8832],[8.7045,6.8967],[8.7203,6.8967],[8.727,6.8945],[8.7472,6.8922],[8.7607,6.8922],[8.7764,6.8877],[8.7809,6.8855],[8.7989,6.881],[8.8123,6.8765],[8.8393,6.8698],[8.8483,6.8653],[8.8573,6.8608],[8.864,6.8563],[8.8797,6.8496],[8.8865,6.8428],[8.8977,6.8383],[8.9022,6.8361],[8.9089,6.8338],[8.9134,6.8316],[8.9224,6.8249],[8.9269,6.8226],[8.9291,6.8204],[8.9404,6.8136],[8.9448,6.8091],[8.9516,6.8046],[8.9695,6.7934],[8.974,6.7889],[8.9763,6.7867],[8.9785,6.7844],[8.992,6.7687],[8.992,6.7665],[8.9943,6.7597],[8.9943,6.7552],[8.9943,6.7507],[8.9898,6.744],[8.983,6.7238],[8.9808,6.7215],[8.974,6.7126],[8.9695,6.7036],[8.9673,6.6968],[8.9695,6.6946],[8.9695,6.6924],[8.9763,6.6924],[8.9875,6.6924],[8.992,6.6924],[8.9987,6.6834],[9.0055,6.6766],[9.0122,6.6699],[9.019,6.6632],[9.0234,6.6564],[9.0279,6.6497],[9.0347,6.6474],[9.0481,6.6429],[9.0594,6.6429],[9.0706,6.6429],[9.0773,6.6452],[9.0841,6.6497],[9.0998,6.6564],[9.1065,6.6609],[9.1178,6.6676],[9.1223,6.6721],[9.129,6.6766],[9.1357,6.6789],[9.1492,6.6834],[9.1537,6.6834],[9.1717,6.6879],[9.1762,6.6879],[9.1851,6.6924],[9.1919,6.6946],[9.1986,6.6968],[9.2098,6.7013],[9.2166,6.7058],[9.2278,6.7081],[9.248,6.7148],[9.2548,6.7171],[9.266,6.7193],[9.2705,6.7193],[9.2795,6.7193],[9.2862,6.7193],[9.2907,6.7215],[9.2997,6.7193],[9.3042,6.7171],[9.3064,6.7126],[9.3087,6.7081],[9.3131,6.7013],[9.3176,6.6946],[9.3244,6.6834],[9.3334,6.6744],[9.3423,6.6654],[9.3468,6.6564],[9.3513,6.6474],[9.3603,6.6362],[9.367,6.6295],[9.3918,6.6093],[9.3962,6.6048],[9.403,6.6003],[9.4142,6.5868],[9.4165,6.5823],[9.4232,6.5733],[9.4277,6.5643],[9.4322,6.5576],[9.4389,6.5509],[9.4501,6.5396],[9.4591,6.5329],[9.4681,6.5262],[9.4704,6.5239],[9.4726,6.5172],[9.4748,6.5104],[9.4748,6.5037],[9.4748,6.4992],[9.4726,6.4947],[9.4726,6.4902],[9.4704,6.488],[9.4681,6.4723],[9.4659,6.4588],[9.4659,6.4565],[9.4681,6.4565],[9.4748,6.4543],[9.5153,6.4453],[9.5287,6.4453],[9.5669,6.4655],[9.5849,6.4745],[9.5849,6.4768],[9.5849,6.479],[9.5849,6.4835],[9.5849,6.4857],[9.5849,6.488],[9.5849,6.4902],[9.5826,6.4902],[9.5826,6.4925],[9.5849,6.4992],[9.5849,6.5037],[9.5849,6.506],[9.5849,6.5082],[9.5871,6.5082],[9.5871,6.5104],[9.5894,6.5104],[9.5894,6.5127],[9.5916,6.5149],[9.5916,6.5172],[9.5916,6.5194],[9.5916,6.5217],[9.5939,6.5217],[9.5939,6.5262],[9.5939,6.5284],[9.5961,6.5284],[9.5961,6.5307],[9.5984,6.5307],[9.6006,6.5307],[9.6006,6.5284],[9.6029,6.5284],[9.6029,6.5307],[9.6029,6.5374],[9.6073,6.5711],[9.6231,6.6632],[9.6365,6.7126],[9.6455,6.7395],[9.6478,6.8001],[9.6433,6.8428],[9.641,6.8675],[9.6455,6.8945],[9.6635,6.9349],[9.6882,6.9865],[9.6994,7.0112],[9.7376,7.0786],[9.7623,7.1011],[9.8229,7.1729],[9.8342,7.1999],[9.8342,7.2179],[9.8297,7.2358],[9.8252,7.2538],[9.8274,7.2583],[9.8409,7.2807],[9.8566,7.3257],[9.8656,7.3638],[9.8836,7.4132],[9.8881,7.4626],[9.8836,7.5076],[9.8701,7.5412],[9.8454,7.5749],[9.8409,7.5794],[9.8207,7.5951],[9.8162,7.5974],[9.8095,7.6064],[9.7982,7.6154],[9.7466,7.6558],[9.7017,7.7097],[9.6702,7.7636],[9.6433,7.7995],[9.6006,7.8287],[9.5624,7.8377],[9.4995,7.8422],[9.3873,7.8444],[9.3783,7.8444],[9.3154,7.8354],[9.2727,7.822],[9.2256,7.8175],[9.1896,7.8107],[9.1559,7.7973],[9.1312,7.7883],[9.12,7.7928],[9.1155,7.8085],[9.1245,7.8265],[9.1402,7.8489],[9.1492,7.8601],[9.1627,7.8691],[9.1694,7.8826],[9.1717,7.8871],[9.1739,7.8871],[9.1784,7.8893],[9.1829,7.8916],[9.1829,7.8961],[9.1806,7.9028],[9.1784,7.9073],[9.1762,7.9163],[9.1627,7.9365],[9.1447,7.9702],[9.1335,7.9904],[9.1155,8.0084],[9.0976,8.0286],[9.0841,8.0465],[9.0684,8.0668],[9.0616,8.0735],[9.0571,8.078],[9.0504,8.0757],[9.0257,8.0623],[8.9718,8.0578],[8.9112,8.0555],[8.8415,8.0668],[8.8191,8.0712],[8.7809,8.0757],[8.6956,8.0959],[8.6372,8.1162],[8.5878,8.1296],[8.5608,8.1409],[8.5249,8.1566],[8.5137,8.1588],[8.5047,8.1588],[8.4665,8.1386],[8.4261,8.1117],[8.3901,8.078],[8.3722,8.0465],[8.3632,8.0173],[8.3609,7.9882],[8.3609,7.9612],[8.3632,7.9455],[8.3789,7.9163],[8.3969,7.8804],[8.4059,7.8601],[8.4036,7.8377],[8.3969,7.8287],[8.3924,7.8197],[8.3946,7.8107],[8.4014,7.795],[8.4059,7.786],[8.4126,7.7771],[8.4126,7.7681],[8.4036,7.7658],[8.3857,7.7681],[8.3722,7.7703],[8.3632,7.7748],[8.3452,7.7838],[8.3295,7.7928],[8.3026,7.8018],[8.2756,7.8152],[8.2509,7.822],[8.215,7.8354],[8.1903,7.8489],[8.1858,7.8512],[8.1835,7.8534],[8.1813,7.8534],[8.1768,7.8557],[8.1588,7.8601],[8.1386,7.8624],[8.1139,7.8646],[8.0959,7.8691],[8.0735,7.8781],[8.069,7.8804],[8.0398,7.8961],[7.9949,7.923],[7.9724,7.9387],[7.932,7.9567],[7.9028,7.9679],[7.8781,7.9837],[7.8669,7.9859],[7.8377,7.9859],[7.8107,7.9904],[7.7815,7.9994],[7.7613,8.0039],[7.7389,8.0061],[7.6985,8.0129],[7.676,8.0151],[7.6715,7.9837],[7.6648,7.9343],[7.6625,7.9051],[7.6693,7.8848],[7.694,7.8377],[7.7276,7.7928],[7.7456,7.7681],[7.7523,7.7434],[7.7523,7.7074],[7.7546,7.6805],[7.7546,7.6603],[7.7546,7.6468],[7.7523,7.6468],[7.7523,7.6243],[7.7501,7.5951],[7.7523,7.5637],[7.7546,7.5435],[7.7568,7.53],[7.7546,7.5121],[7.7546,7.5053],[7.7591,7.4918],[7.7591,7.4784],[7.7613,7.4514],[7.7636,7.4335],[7.7681,7.4267],[7.7771,7.42],[7.7928,7.4155],[7.813,7.4155],[7.8354,7.4177],[7.8489,7.42],[7.8601,7.4132],[7.8669,7.4043],[7.8646,7.393],[7.8624,7.384],[7.8557,7.3728],[7.8489,7.3593],[7.8377,7.3346],[7.8265,7.3099],[7.8197,7.2875],[7.8062,7.2538],[7.7973,7.2336],[7.7928,7.2268],[7.7905,7.2179],[7.7838,7.2044],[7.7771,7.1976],[7.7726,7.1932],[7.7389,7.1797],[7.7299,7.1729],[7.7232,7.1662],[7.7074,7.1662],[7.7029,7.164],[7.6962,7.164],[7.676,7.155],[7.658,7.146],[7.6378,7.1325],[7.6288,7.1258],[7.6221,7.1123],[7.6176,7.1078],[7.6109,7.1011],[7.6019,7.0899],[7.5996,7.0786],[7.6041,7.0539],[7.6064,7.0404],[7.6109,7.0315],[7.6109,7.027],[7.6109,7.0225],[7.6086,7.018],[7.6019,7.0157],[7.5929,7.018],[7.5817,7.027],[7.5435,7.0404],[7.53,7.0315],[7.539,7.0202]]]}},{"type":"Feature","properties":{"id":"zamfara","name":"Zamfara"},"geometry":{"type":"Polygon","coordinates":[[[4.9429,11.7318],[4.9429,11.7341],[4.9586,11.7341],[4.9699,11.7363],[4.9766,11.7408],[4.9923,11.7408],[5.0035,11.7386],[5.0103,11.7341],[5.0215,11.7206],[5.0238,11.7184],[5.0327,11.7139],[5.0372,11.7139],[5.0462,11.7116],[5.0485,11.7094],[5.0552,11.7071],[5.0619,11.7094],[5.0664,11.7161],[5.0754,11.7228],[5.0866,11.7251],[5.1001,11.7273],[5.1181,11.7206],[5.1383,11.7228],[5.1495,11.7341],[5.1652,11.7386],[5.172,11.7408],[5.1765,11.7498],[5.1742,11.7588],[5.1697,11.7633],[5.163,11.7723],[5.1652,11.779],[5.172,11.7835],[5.1832,11.7812],[5.2057,11.77],[5.2102,11.761],[5.2214,11.7543],[5.2259,11.7565],[5.2304,11.761],[5.2349,11.77],[5.2596,11.77],[5.2798,11.77],[5.2888,11.7745],[5.291,11.7812],[5.2977,11.7857],[5.3045,11.7835],[5.3067,11.7835],[5.309,11.7767],[5.3112,11.77],[5.3179,11.7655],[5.3224,11.761],[5.3314,11.7475],[5.3314,11.7386],[5.3404,11.7296],[5.3449,11.7206],[5.3449,11.7116],[5.3539,11.7049],[5.3629,11.7094],[5.3718,11.7049],[5.3718,11.7094],[5.3763,11.7094],[5.3898,11.7071],[5.3988,11.7049],[5.4078,11.7026],[5.4235,11.7026],[5.4302,11.7049],[5.4437,11.7026],[5.4504,11.6981],[5.4549,11.6802],[5.4572,11.6712],[5.4617,11.6667],[5.4707,11.6689],[5.4774,11.6689],[5.4864,11.6689],[5.5021,11.6689],[5.5111,11.6689],[5.5246,11.6622],[5.5425,11.6667],[5.5448,11.6734],[5.556,11.6757],[5.556,11.6824],[5.5605,11.6869],[5.565,11.6824],[5.5897,11.6712],[5.5942,11.6689],[5.6054,11.6689],[5.6166,11.6667],[5.6391,11.6622],[5.6458,11.6622],[5.6593,11.6689],[5.6728,11.66],[5.693,11.6667],[5.7065,11.6757],[5.7199,11.6847],[5.7244,11.6914],[5.7312,11.6937],[5.7379,11.6892],[5.7446,11.6802],[5.7581,11.6824],[5.7581,11.6869],[5.7649,11.6937],[5.7828,11.6757],[5.8075,11.6577],[5.8188,11.6487],[5.8322,11.6487],[5.8569,11.6398],[5.8771,11.6218],[5.8839,11.5993],[5.9063,11.5769],[5.9221,11.5544],[5.9355,11.5409],[5.9557,11.5207],[5.976,11.505],[6.0029,11.4915],[6.0186,11.4736],[6.0343,11.4466],[6.0433,11.4197],[6.0501,11.3927],[6.0523,11.368],[6.0478,11.3343],[6.0321,11.3231],[6.0119,11.3209],[5.9894,11.3209],[5.9804,11.3276],[5.9625,11.3298],[5.949,11.3298],[5.9378,11.3298],[5.931,11.3209],[5.9378,11.3096],[5.949,11.3051],[5.9557,11.2939],[5.9602,11.2872],[5.9625,11.2782],[5.9692,11.2602],[5.9647,11.2467],[5.9535,11.2333],[5.9445,11.2131],[5.949,11.2018],[5.9513,11.1524],[5.9557,11.13],[5.9602,11.1187],[5.9737,11.1367],[5.9849,11.1434],[5.9939,11.1457],[6.0052,11.1412],[6.0164,11.1389],[6.0209,11.1255],[6.0254,11.1142],[6.0254,11.1008],[6.0321,11.0761],[6.0388,11.0671],[6.0456,11.0536],[6.0523,11.0424],[6.0658,11.0312],[6.077,11.0244],[6.095,11.0132],[6.1062,11.0087],[6.1152,11.002],[6.1197,10.9952],[6.1309,10.9795],[6.1354,10.9728],[6.1399,10.9638],[6.1466,10.957],[6.1489,10.9503],[6.1489,10.9391],[6.1534,10.9301],[6.1601,10.9256],[6.1601,10.9166],[6.1601,10.9099],[6.1601,10.9031],[6.1646,10.8897],[6.1646,10.8807],[6.1646,10.8739],[6.1624,10.8695],[6.1624,10.8672],[6.1668,10.8672],[6.1736,10.8672],[6.1826,10.8717],[6.1893,10.8717],[6.196,10.8672],[6.2005,10.8627],[6.205,10.8627],[6.2073,10.8695],[6.2073,10.8739],[6.2118,10.8784],[6.2185,10.8874],[6.2207,10.8919],[6.2252,10.8964],[6.2252,10.9031],[6.223,10.9054],[6.223,10.9099],[6.2275,10.9189],[6.2297,10.9278],[6.2297,10.9346],[6.232,10.9413],[6.2365,10.9458],[6.2454,10.9481],[6.2499,10.9526],[6.2522,10.9548],[6.2567,10.9615],[6.2634,10.966],[6.2724,10.9638],[6.2769,10.966],[6.2836,10.9773],[6.2904,10.9862],[6.2971,10.9952],[6.3016,11.002],[6.3083,11.0087],[6.3151,11.0109],[6.3218,11.0177],[6.324,11.0199],[6.333,11.0222],[6.3398,11.0222],[6.351,11.0222],[6.3577,11.0199],[6.3645,11.0199],[6.369,11.0267],[6.3757,11.0312],[6.3824,11.0334],[6.3869,11.0334],[6.3914,11.0334],[6.4116,11.0312],[6.4184,11.0244],[6.4184,11.0177],[6.4206,11.0132],[6.4386,10.9975],[6.4431,10.9997],[6.4476,11.0042],[6.4521,11.002],[6.4588,10.9997],[6.4633,11.002],[6.4655,11.0087],[6.4678,11.0177],[6.4723,11.0222],[6.479,11.0222],[6.4857,11.0199],[6.4902,11.0177],[6.4925,11.0154],[6.4992,11.0154],[6.5082,11.0132],[6.5127,11.0177],[6.5172,11.0199],[6.5172,11.0267],[6.5284,11.0267],[6.5486,11.0289],[6.5576,11.0244],[6.5643,11.0244],[6.5756,11.0244],[6.5846,11.0312],[6.5913,11.0379],[6.5958,11.0401],[6.607,11.0469],[6.6182,11.0469],[6.6385,11.0491],[6.6452,11.0491],[6.6587,11.0536],[6.6699,11.0603],[6.6744,11.0581],[6.6766,11.0581],[6.6901,11.0693],[6.6924,11.0738],[6.6901,11.0761],[6.6879,11.0806],[6.6879,11.0895],[6.6879,11.094],[6.6968,11.0963],[6.7036,11.094],[6.7058,11.0963],[6.7171,11.1053],[6.7171,11.1098],[6.7148,11.1142],[6.7081,11.1142],[6.7058,11.1165],[6.7058,11.121],[6.7148,11.1322],[6.7171,11.1367],[6.7215,11.1412],[6.7305,11.1434],[6.7328,11.1479],[6.735,11.1547],[6.7305,11.1614],[6.7328,11.1659],[6.7395,11.1704],[6.7418,11.1749],[6.7395,11.1906],[6.735,11.1951],[6.7328,11.2018],[6.7373,11.2086],[6.744,11.2175],[6.744,11.222],[6.7463,11.2333],[6.7463,11.2378],[6.7463,11.2423],[6.7485,11.249],[6.753,11.2535],[6.7552,11.2625],[6.762,11.2692],[6.7732,11.2759],[6.7844,11.2804],[6.7889,11.2872],[6.8001,11.2939],[6.8091,11.3006],[6.8159,11.3096],[6.8226,11.3096],[6.8293,11.3074],[6.8383,11.3186],[6.8518,11.3321],[6.8653,11.3411],[6.8698,11.3523],[6.8743,11.3635],[6.8832,11.3748],[6.8855,11.377],[6.8877,11.3815],[6.8877,11.3837],[6.8877,11.3972],[6.8855,11.4174],[6.8877,11.4309],[6.8922,11.4421],[6.8945,11.4466],[6.9012,11.4578],[6.9012,11.4623],[6.9079,11.4758],[6.9035,11.487],[6.8967,11.505],[6.9012,11.514],[6.9035,11.5207],[6.9057,11.523],[6.9079,11.5297],[6.9035,11.5522],[6.9035,11.5544],[6.8855,11.5679],[6.8765,11.5746],[6.8675,11.5769],[6.8563,11.5881],[6.854,11.5948],[6.854,11.6061],[6.8518,11.6173],[6.8518,11.6218],[6.8563,11.642],[6.8653,11.6622],[6.8698,11.6779],[6.872,11.6847],[6.8765,11.6959],[6.881,11.7071],[6.89,11.7273],[6.89,11.7386],[6.89,11.7565],[6.89,11.7588],[6.89,11.7633],[6.89,11.77],[6.89,11.779],[6.8922,11.7835],[6.8967,11.7947],[6.9079,11.8014],[6.9192,11.8037],[6.9394,11.8082],[6.9529,11.8149],[6.9731,11.8172],[6.9888,11.8194],[7.0023,11.8217],[7.0157,11.8172],[7.0202,11.8127],[7.027,11.8082],[7.0472,11.8014],[7.0539,11.8014],[7.0719,11.8082],[7.0741,11.8172],[7.0831,11.8261],[7.0854,11.8284],[7.0921,11.8351],[7.1033,11.8441],[7.1056,11.8464],[7.1146,11.8509],[7.1303,11.8643],[7.1415,11.8778],[7.1437,11.8868],[7.1437,11.898],[7.1437,11.9115],[7.155,11.9182],[7.164,11.9115],[7.1707,11.9115],[7.1909,11.907],[7.1999,11.907],[7.2179,11.916],[7.2313,11.925],[7.2358,11.9272],[7.2426,11.9339],[7.2403,11.9407],[7.2358,11.9452],[7.2336,11.9452],[7.2246,11.9497],[7.2179,11.9586],[7.2134,11.9654],[7.2134,11.9789],[7.2089,11.9856],[7.2021,11.9878],[7.1909,11.9923],[7.1774,11.9991],[7.1729,12.0013],[7.1527,12.0103],[7.1505,12.0103],[7.1437,12.0148],[7.1258,12.0305],[7.1123,12.0395],[7.1056,12.0462],[7.0899,12.0642],[7.0966,12.0709],[7.1033,12.0799],[7.1078,12.0822],[7.1123,12.0867],[7.1146,12.0867],[7.1213,12.1024],[7.1235,12.1069],[7.1258,12.1136],[7.137,12.1293],[7.1393,12.1316],[7.1415,12.1383],[7.1505,12.1585],[7.1505,12.1653],[7.1505,12.1698],[7.1527,12.181],[7.1527,12.1855],[7.1505,12.1877],[7.1482,12.1967],[7.146,12.2057],[7.1415,12.2259],[7.137,12.2349],[7.1303,12.2506],[7.128,12.2528],[7.1168,12.2708],[7.1146,12.2753],[7.1123,12.282],[7.1078,12.2865],[7.1056,12.2888],[7.1056,12.2955],[7.1033,12.2978],[7.1033,12.3022],[7.1033,12.309],[7.1011,12.3225],[7.1011,12.3247],[7.0988,12.3337],[7.0988,12.3359],[7.0921,12.3606],[7.0899,12.3674],[7.0876,12.3719],[7.0854,12.3786],[7.0831,12.3831],[7.0786,12.3921],[7.0764,12.3988],[7.0719,12.4056],[7.0674,12.4123],[7.0651,12.4325],[7.0651,12.4392],[7.0651,12.4482],[7.0629,12.455],[7.0607,12.4819],[7.0562,12.5044],[7.0539,12.5111],[7.0539,12.5156],[7.0517,12.5358],[7.0517,12.5448],[7.0517,12.5672],[7.0517,12.5875],[7.0517,12.5897],[7.0494,12.5964],[7.0494,12.6009],[7.0472,12.6099],[7.0449,12.6189],[7.0472,12.6369],[7.0472,12.6391],[7.0472,12.6459],[7.0449,12.6526],[7.0449,12.6571],[7.0427,12.675],[7.0427,12.6885],[7.0427,12.693],[7.0404,12.702],[7.036,12.7245],[7.0337,12.7379],[7.0315,12.7514],[7.0315,12.7536],[7.0292,12.7739],[7.0292,12.7873],[7.027,12.7986],[7.0292,12.8031],[7.0292,12.8098],[7.0292,12.8165],[7.0225,12.8322],[7.027,12.8682],[7.0315,12.8839],[7.0315,12.8884],[7.0337,12.8929],[7.0382,12.9288],[7.0404,12.9378],[7.0404,12.9423],[7.0404,12.949],[7.0382,12.958],[7.0382,12.9625],[7.0337,12.985],[7.0315,12.9962],[7.0247,12.9939],[7.018,12.9939],[7.009,12.9917],[7.0,12.9917],[6.991,12.9917],[6.9821,12.9917],[6.9731,12.9917],[6.9641,12.9917],[6.9551,12.9917],[6.9461,12.9917],[6.9394,12.9895],[6.9349,12.9895],[6.9282,12.9895],[6.9124,13.0052],[6.9102,13.0119],[6.9057,13.0186],[6.9012,13.0231],[6.8967,13.0276],[6.8922,13.0321],[6.89,13.0366],[6.8832,13.0433],[6.8765,13.0501],[6.872,13.0568],[6.8653,13.0636],[6.8585,13.0703],[6.854,13.077],[6.8473,13.0838],[6.8428,13.0905],[6.8361,13.0972],[6.8293,13.104],[6.8249,13.1107],[6.8181,13.1175],[6.8159,13.1242],[6.8114,13.1309],[6.8069,13.1354],[6.8024,13.1444],[6.7979,13.1511],[6.7912,13.1579],[6.7912,13.1601],[6.7844,13.1534],[6.7754,13.1467],[6.7687,13.1354],[6.7507,13.1264],[6.7418,13.1175],[6.726,13.113],[6.7103,13.1062],[6.6968,13.0995],[6.6834,13.0838],[6.6699,13.0815],[6.6654,13.0815],[6.6632,13.0793],[6.6609,13.077],[6.6542,13.077],[6.6407,13.0703],[6.6227,13.0658],[6.607,13.0658],[6.5935,13.0703],[6.5846,13.0748],[6.5711,13.0748],[6.5531,13.0748],[6.5351,13.0748],[6.5194,13.0793],[6.5037,13.0815],[6.4925,13.086],[6.479,13.0905],[6.47,13.095],[6.4453,13.1107],[6.4318,13.1175],[6.4206,13.1242],[6.4071,13.1264],[6.4004,13.1309],[6.3937,13.1377],[6.3847,13.1444],[6.3712,13.1489],[6.3622,13.1534],[6.3555,13.1534],[6.3465,13.1534],[6.3285,13.1556],[6.3173,13.1579],[6.2993,13.1579],[6.2836,13.1556],[6.2701,13.1556],[6.2657,13.1489],[6.2612,13.1399],[6.2612,13.1309],[6.2612,13.122],[6.2567,13.1017],[6.2612,13.086],[6.2589,13.0815],[6.2589,13.0703],[6.2567,13.0456],[6.2544,13.0321],[6.2454,13.0276],[6.2207,13.0433],[6.2028,13.0591],[6.1893,13.0658],[6.1668,13.0681],[6.1511,13.0748],[6.1309,13.0725],[6.1017,13.0591],[6.0725,13.0389],[6.0411,13.0276],[6.0276,13.0209],[6.0209,13.0074],[6.0254,12.9939],[6.0254,12.967],[6.0164,12.9266],[6.0074,12.9064],[6.0074,12.8929],[6.0096,12.8749],[6.0186,12.8367],[6.0254,12.812],[6.0321,12.7873],[6.0456,12.7536],[6.0366,12.7424],[6.0209,12.7357],[6.0052,12.7424],[5.9872,12.7536],[5.967,12.7604],[5.9513,12.7626],[5.9221,12.7716],[5.8951,12.7873],[5.8771,12.8031],[5.8524,12.8188],[5.8367,12.8345],[5.812,12.839],[5.7716,12.83],[5.7514,12.8165],[5.7357,12.8008],[5.7267,12.7896],[5.7154,12.7716],[5.6907,12.7424],[5.6863,12.7289],[5.6863,12.7132],[5.6863,12.7087],[5.6952,12.6863],[5.6997,12.6683],[5.7065,12.6526],[5.7132,12.6369],[5.7222,12.6054],[5.7289,12.5897],[5.7334,12.5605],[5.7446,12.5313],[5.7536,12.5066],[5.7604,12.4886],[5.7671,12.4842],[5.7671,12.4617],[5.7649,12.4258],[5.7604,12.3674],[5.7581,12.3427],[5.7536,12.3404],[5.7424,12.3314],[5.7446,12.3247],[5.7379,12.309],[5.7289,12.2843],[5.7267,12.2753],[5.7267,12.2708],[5.711,12.2663],[5.684,12.2775],[5.6728,12.2888],[5.6526,12.291],[5.6301,12.2888],[5.6121,12.2753],[5.5852,12.2731],[5.5762,12.2731],[5.5403,12.2731],[5.5246,12.2618],[5.4752,12.2528],[5.437,12.2528],[5.41,12.2596],[5.4078,12.2596],[5.3831,12.2618],[5.3494,12.2663],[5.3269,12.2731],[5.2932,12.2775],[5.273,12.282],[5.2708,12.282],[5.2483,12.282],[5.2191,12.2865],[5.1854,12.2843],[5.163,12.2843],[5.163,12.282],[5.1473,12.282],[5.1181,12.2775],[5.0687,12.2775],[5.0485,12.2843],[5.0238,12.291],[4.9968,12.3],[4.9811,12.3],[4.9721,12.2933],[4.9564,12.2708],[4.9519,12.2484],[4.9496,12.2461],[4.9496,12.2304],[4.9519,12.2192],[4.9541,12.1967],[4.9564,12.1608],[4.9564,12.1361],[4.9564,12.1069],[4.9564,12.0709],[4.9564,12.0305],[4.9519,11.9923],[4.9474,11.9362],[4.9474,11.8958],[4.9452,11.88],[4.9452,11.8621],[4.9407,11.8351],[4.9294,11.779],[4.9294,11.7408],[4.9429,11.7318]]]}},{"type":"Feature","properties":{"id":"sokoto","name":"Sokoto"},"geometry":{"type":"Polygon","coordinates":[[[4.1524,13.2522],[4.1659,13.2522],[4.1838,13.2522],[4.2018,13.2589],[4.213,13.2679],[4.2332,13.2702],[4.2535,13.2612],[4.2669,13.25],[4.2759,13.2432],[4.2871,13.2297],[4.2984,13.2297],[4.3141,13.2297],[4.3343,13.2208],[4.3455,13.214],[4.3523,13.2006],[4.3545,13.1848],[4.3657,13.1736],[4.3792,13.1691],[4.3972,13.1646],[4.4264,13.1624],[4.4466,13.1556],[4.4668,13.1511],[4.505,13.1422],[4.5274,13.1399],[4.5409,13.1287],[4.5499,13.1197],[4.5521,13.1152],[4.5701,13.1062],[4.5791,13.104],[4.6016,13.095],[4.6195,13.0928],[4.6307,13.0995],[4.642,13.1242],[4.6555,13.1467],[4.6622,13.1556],[4.6712,13.1669],[4.6846,13.1691],[4.6959,13.1691],[4.7026,13.1669],[4.7093,13.1556],[4.7071,13.1444],[4.6959,13.1175],[4.6914,13.1062],[4.6891,13.095],[4.6869,13.0838],[4.6846,13.0681],[4.6824,13.0501],[4.6779,13.0411],[4.6734,13.0321],[4.6689,13.0276],[4.6622,13.0231],[4.6555,13.0164],[4.6442,13.0029],[4.6397,12.9939],[4.6375,12.985],[4.6487,12.9692],[4.6555,12.958],[4.6622,12.9513],[4.6779,12.94],[4.6891,12.9243],[4.7004,12.9041],[4.7093,12.8929],[4.7161,12.8884],[4.7228,12.8794],[4.7296,12.8772],[4.743,12.8704],[4.752,12.8637],[4.7677,12.857],[4.7745,12.857],[4.7812,12.8502],[4.7902,12.8435],[4.7924,12.8367],[4.7969,12.8278],[4.7969,12.8255],[4.7969,12.8188],[4.7992,12.8098],[4.8014,12.8075],[4.8127,12.7873],[4.8171,12.7739],[4.8149,12.7581],[4.8104,12.7536],[4.8082,12.7492],[4.7924,12.7357],[4.7857,12.72],[4.7835,12.7155],[4.7767,12.7042],[4.7767,12.6975],[4.7767,12.6908],[4.7767,12.6773],[4.779,12.6391],[4.788,12.6211],[4.8014,12.5987],[4.8149,12.5875],[4.8284,12.5785],[4.8396,12.5695],[4.8576,12.5538],[4.8643,12.547],[4.8688,12.5425],[4.871,12.5336],[4.8688,12.5156],[4.8598,12.4999],[4.8508,12.4797],[4.8374,12.4662],[4.8261,12.455],[4.8104,12.4415],[4.7947,12.4347],[4.7835,12.4145],[4.7812,12.4011],[4.7812,12.3831],[4.7835,12.3517],[4.7767,12.3292],[4.752,12.3112],[4.7363,12.3157],[4.7251,12.3247],[4.7206,12.3449],[4.7183,12.3606],[4.7161,12.3943],[4.7116,12.4078],[4.6959,12.4168],[4.6891,12.4213],[4.6779,12.4325],[4.6667,12.4437],[4.6442,12.4482],[4.624,12.446],[4.6173,12.4347],[4.6128,12.4213],[4.6105,12.4011],[4.6083,12.3831],[4.6083,12.3651],[4.606,12.3584],[4.5993,12.3427],[4.5724,12.3225],[4.5611,12.3202],[4.5409,12.3067],[4.5319,12.2933],[4.5252,12.2865],[4.5252,12.282],[4.5185,12.2618],[4.5185,12.2416],[4.5274,12.2147],[4.5319,12.1989],[4.5319,12.1945],[4.5387,12.1608],[4.5432,12.145],[4.5499,12.1271],[4.5521,12.1114],[4.5521,12.1024],[4.5521,12.0844],[4.5544,12.0597],[4.5566,12.0283],[4.5566,12.0238],[4.5611,11.9923],[4.5611,11.9789],[4.5611,11.9586],[4.5611,11.9295],[4.5566,11.898],[4.5409,11.8756],[4.5342,11.8643],[4.5364,11.8621],[4.5387,11.8239],[4.5387,11.8172],[4.5364,11.8037],[4.5319,11.7925],[4.5207,11.7767],[4.5027,11.7678],[4.4938,11.7588],[4.4758,11.7453],[4.4578,11.7386],[4.4331,11.7206],[4.4219,11.7071],[4.4062,11.6959],[4.3994,11.6847],[4.3994,11.6802],[4.3994,11.6757],[4.4017,11.6689],[4.4107,11.6555],[4.4354,11.6308],[4.4488,11.6195],[4.4713,11.5948],[4.487,11.5836],[4.4982,11.5814],[4.505,11.5859],[4.5185,11.5993],[4.5319,11.6083],[4.5432,11.6195],[4.5477,11.633],[4.5589,11.6465],[4.5769,11.66],[4.5836,11.6622],[4.5903,11.66],[4.606,11.6555],[4.6128,11.6555],[4.6218,11.6577],[4.6285,11.6667],[4.6397,11.6712],[4.6442,11.6712],[4.6577,11.6689],[4.6689,11.6645],[4.6779,11.6577],[4.6891,11.6577],[4.7004,11.66],[4.7138,11.6689],[4.7273,11.6757],[4.7385,11.6757],[4.7498,11.6734],[4.7543,11.6757],[4.7588,11.6802],[4.7655,11.6892],[4.77,11.6914],[4.779,11.6937],[4.7835,11.6981],[4.7857,11.7026],[4.788,11.7116],[4.7947,11.7251],[4.8059,11.7273],[4.8239,11.7228],[4.8329,11.7161],[4.8396,11.7116],[4.8508,11.7139],[4.8598,11.7206],[4.8666,11.7273],[4.8755,11.7296],[4.8868,11.7251],[4.889,11.7184],[4.8935,11.7116],[4.9047,11.7139],[4.9115,11.7206],[4.9249,11.7206],[4.9317,11.7206],[4.9407,11.7251],[4.9429,11.7318],[4.9294,11.7408],[4.9294,11.779],[4.9407,11.8351],[4.9452,11.8621],[4.9452,11.88],[4.9474,11.8958],[4.9474,11.9362],[4.9519,11.9923],[4.9564,12.0305],[4.9564,12.0709],[4.9564,12.1069],[4.9564,12.1361],[4.9564,12.1608],[4.9541,12.1967],[4.9519,12.2192],[4.9496,12.2304],[4.9496,12.2461],[4.9519,12.2484],[4.9564,12.2708],[4.9721,12.2933],[4.9811,12.3],[4.9968,12.3],[5.0238,12.291],[5.0485,12.2843],[5.0687,12.2775],[5.1181,12.2775],[5.1473,12.282],[5.163,12.282],[5.163,12.2843],[5.1854,12.2843],[5.2191,12.2865],[5.2483,12.282],[5.2708,12.282],[5.273,12.282],[5.2932,12.2775],[5.3269,12.2731],[5.3494,12.2663],[5.3831,12.2618],[5.4078,12.2596],[5.41,12.2596],[5.437,12.2528],[5.4752,12.2528],[5.5246,12.2618],[5.5403,12.2731],[5.5762,12.2731],[5.5852,12.2731],[5.6121,12.2753],[5.6301,12.2888],[5.6526,12.291],[5.6728,12.2888],[5.684,12.2775],[5.711,12.2663],[5.7267,12.2708],[5.7267,12.2753],[5.7289,12.2843],[5.7379,12.309],[5.7446,12.3247],[5.7424,12.3314],[5.7536,12.3404],[5.7581,12.3427],[5.7604,12.3674],[5.7649,12.4258],[5.7671,12.4617],[5.7671,12.4842],[5.7604,12.4886],[5.7536,12.5066],[5.7446,12.5313],[5.7334,12.5605],[5.7289,12.5897],[5.7222,12.6054],[5.7132,12.6369],[5.7065,12.6526],[5.6997,12.6683],[5.6952,12.6863],[5.6863,12.7087],[5.6863,12.7132],[5.6863,12.7289],[5.6907,12.7424],[5.7154,12.7716],[5.7267,12.7896],[5.7357,12.8008],[5.7514,12.8165],[5.7716,12.83],[5.812,12.839],[5.8367,12.8345],[5.8524,12.8188],[5.8771,12.8031],[5.8951,12.7873],[5.9221,12.7716],[5.9513,12.7626],[5.967,12.7604],[5.9872,12.7536],[6.0052,12.7424],[6.0209,12.7357],[6.0366,12.7424],[6.0456,12.7536],[6.0321,12.7873],[6.0254,12.812],[6.0186,12.8367],[6.0096,12.8749],[6.0074,12.8929],[6.0074,12.9064],[6.0164,12.9266],[6.0254,12.967],[6.0254,12.9939],[6.0209,13.0074],[6.0276,13.0209],[6.0411,13.0276],[6.0725,13.0389],[6.1017,13.0591],[6.1309,13.0725],[6.1511,13.0748],[6.1668,13.0681],[6.1893,13.0658],[6.2028,13.0591],[6.2207,13.0433],[6.2454,13.0276],[6.2544,13.0321],[6.2567,13.0456],[6.2589,13.0703],[6.2589,13.0815],[6.2612,13.086],[6.2567,13.1017],[6.2612,13.122],[6.2612,13.1309],[6.2612,13.1399],[6.2657,13.1489],[6.2701,13.1556],[6.2836,13.1556],[6.2993,13.1579],[6.3173,13.1579],[6.3285,13.1556],[6.3465,13.1534],[6.3555,13.1534],[6.3622,13.1534],[6.3712,13.1489],[6.3847,13.1444],[6.3937,13.1377],[6.4004,13.1309],[6.4071,13.1264],[6.4206,13.1242],[6.4318,13.1175],[6.4453,13.1107],[6.47,13.095],[6.479,13.0905],[6.4925,13.086],[6.5037,13.0815],[6.5194,13.0793],[6.5351,13.0748],[6.5531,13.0748],[6.5711,13.0748],[6.5846,13.0748],[6.5935,13.0703],[6.607,13.0658],[6.6227,13.0658],[6.6407,13.0703],[6.6542,13.077],[6.6609,13.077],[6.6632,13.0793],[6.6654,13.0815],[6.6699,13.0815],[6.6834,13.0838],[6.6968,13.0995],[6.7103,13.1062],[6.726,13.113],[6.7418,13.1175],[6.7507,13.1264],[6.7687,13.1354],[6.7754,13.1467],[6.7844,13.1534],[6.7912,13.1601],[6.7889,13.1646],[6.7844,13.1736],[6.7799,13.1803],[6.7777,13.1871],[6.7732,13.1938],[6.7687,13.2006],[6.7642,13.2073],[6.7507,13.2297],[6.7485,13.2342],[6.7463,13.2365],[6.744,13.2432],[6.7395,13.25],[6.7373,13.2567],[6.7328,13.2612],[6.7283,13.2679],[6.726,13.2747],[6.7215,13.2814],[6.7171,13.2881],[6.6991,13.3196],[6.6946,13.3263],[6.6901,13.3331],[6.6856,13.342],[6.6811,13.3488],[6.6789,13.3555],[6.6744,13.3578],[6.6721,13.3622],[6.6654,13.3667],[6.6609,13.3712],[6.6587,13.3735],[6.6587,13.3757],[6.6542,13.378],[6.6497,13.3825],[6.6429,13.3892],[6.6362,13.3959],[6.6295,13.4004],[6.6227,13.4072],[6.6182,13.4139],[6.6115,13.4206],[6.6048,13.4274],[6.598,13.4341],[6.5913,13.4408],[6.5846,13.4453],[6.5801,13.4521],[6.5756,13.4566],[6.5688,13.4611],[6.5643,13.4656],[6.5576,13.4723],[6.5509,13.4768],[6.5464,13.4835],[6.5396,13.4903],[6.5329,13.497],[6.5262,13.5015],[6.5217,13.5105],[6.5194,13.5172],[6.5149,13.5262],[6.5104,13.5329],[6.506,13.5397],[6.5037,13.5486],[6.4992,13.5554],[6.4925,13.5599],[6.4655,13.5891],[6.4543,13.5981],[6.4498,13.6048],[6.4431,13.6093],[6.4408,13.6115],[6.4386,13.616],[6.4318,13.6205],[6.4274,13.6272],[6.4206,13.634],[6.4139,13.6385],[6.4071,13.643],[6.3982,13.6475],[6.3892,13.6519],[6.3824,13.6564],[6.3735,13.6609],[6.3577,13.6677],[6.351,13.6722],[6.3443,13.6767],[6.3353,13.6811],[6.3285,13.6834],[6.3196,13.6879],[6.3128,13.6924],[6.3038,13.6969],[6.2971,13.7014],[6.2881,13.7058],[6.2859,13.7058],[6.2814,13.7081],[6.2769,13.7103],[6.2724,13.7126],[6.2657,13.7171],[6.2589,13.7171],[6.2522,13.7171],[6.2499,13.7171],[6.2477,13.7171],[6.2387,13.7148],[6.2297,13.7148],[6.2163,13.7148],[6.2095,13.7126],[6.196,13.7058],[6.1915,13.7058],[6.1893,13.7036],[6.1871,13.7014],[6.1803,13.7014],[6.1668,13.6946],[6.1511,13.6879],[6.1399,13.6856],[6.1309,13.6901],[6.1287,13.6901],[6.1219,13.6946],[6.1152,13.6991],[6.0905,13.7103],[6.0838,13.7148],[6.0793,13.7171],[6.077,13.7171],[6.0725,13.7193],[6.068,13.7193],[6.059,13.7216],[6.0186,13.735],[6.0119,13.7373],[6.0074,13.7395],[6.0007,13.7395],[5.9962,13.7418],[5.9917,13.744],[5.9827,13.7463],[5.976,13.7485],[5.9692,13.7508],[5.9602,13.753],[5.9378,13.7597],[5.931,13.762],[5.9221,13.7642],[5.9153,13.7665],[5.9063,13.771],[5.8974,13.7732],[5.8906,13.7755],[5.8816,13.7777],[5.8727,13.78],[5.8659,13.7822],[5.8569,13.7867],[5.839,13.7912],[5.8322,13.7934],[5.8277,13.7957],[5.821,13.7979],[5.812,13.7979],[5.8053,13.8002],[5.7985,13.8002],[5.7896,13.8024],[5.7828,13.8024],[5.7783,13.8047],[5.7716,13.8047],[5.7491,13.8114],[5.7446,13.8159],[5.7402,13.8159],[5.7379,13.8181],[5.7357,13.8181],[5.7289,13.8204],[5.7267,13.8226],[5.7222,13.8226],[5.7132,13.8271],[5.7065,13.8294],[5.702,13.8316],[5.6907,13.8361],[5.6818,13.8383],[5.675,13.8406],[5.6683,13.8451],[5.666,13.8451],[5.6593,13.8473],[5.6526,13.8496],[5.6458,13.8518],[5.6436,13.8518],[5.6391,13.8541],[5.6324,13.8563],[5.6189,13.8608],[5.5987,13.872],[5.5695,13.8855],[5.5582,13.8922],[5.5538,13.8945],[5.5515,13.8967],[5.5448,13.8967],[5.5358,13.899],[5.5313,13.899],[5.5246,13.9012],[5.5223,13.899],[5.5201,13.899],[5.5111,13.8945],[5.4999,13.89],[5.4931,13.8855],[5.4864,13.881],[5.4796,13.8788],[5.4707,13.8743],[5.4639,13.8698],[5.4594,13.8675],[5.4527,13.8675],[5.446,13.8653],[5.437,13.8631],[5.4235,13.8586],[5.4213,13.8563],[5.4168,13.8563],[5.41,13.8541],[5.4033,13.8518],[5.3966,13.8496],[5.3808,13.8451],[5.3718,13.8428],[5.3629,13.8406],[5.3539,13.8383],[5.3516,13.8316],[5.3471,13.8249],[5.3449,13.8181],[5.3427,13.8092],[5.3157,13.78],[5.3112,13.7755],[5.3045,13.7687],[5.3,13.762],[5.2955,13.7575],[5.291,13.753],[5.2865,13.7485],[5.2798,13.7395],[5.2775,13.7395],[5.2685,13.7395],[5.2618,13.7395],[5.2551,13.7395],[5.2461,13.7373],[5.2393,13.7373],[5.2304,13.7373],[5.2214,13.7373],[5.2057,13.7373],[5.1944,13.7373],[5.1877,13.7373],[5.1787,13.7395],[5.172,13.7395],[5.1652,13.7395],[5.1585,13.7418],[5.1563,13.7418],[5.1495,13.7418],[5.1473,13.7418],[5.1383,13.7418],[5.1293,13.744],[5.1203,13.744],[5.1113,13.744],[5.1024,13.744],[5.0956,13.7463],[5.0889,13.7463],[5.0799,13.7463],[5.0754,13.7463],[5.0619,13.7418],[5.0552,13.7418],[5.053,13.7418],[5.0462,13.7395],[5.0372,13.7373],[5.0282,13.7373],[5.0238,13.735],[5.017,13.7328],[5.008,13.7328],[5.0013,13.7328],[4.9946,13.7373],[4.9878,13.744],[4.9811,13.744],[4.9676,13.744],[4.9586,13.744],[4.9519,13.7463],[4.9452,13.7463],[4.9362,13.7463],[4.9272,13.7485],[4.9182,13.7485],[4.9092,13.7485],[4.898,13.7553],[4.8755,13.7755],[4.871,13.7822],[4.8621,13.78],[4.8441,13.7777],[4.8239,13.7732],[4.8014,13.7687],[4.7947,13.7687],[4.779,13.7642],[4.7767,13.7642],[4.7722,13.7642],[4.7655,13.762],[4.7588,13.762],[4.7498,13.7597],[4.743,13.7575],[4.7341,13.7553],[4.7273,13.7553],[4.7206,13.753],[4.7138,13.753],[4.7049,13.7508],[4.6981,13.7485],[4.6734,13.744],[4.6644,13.744],[4.6577,13.7418],[4.6487,13.7418],[4.642,13.7395],[4.633,13.7373],[4.6263,13.7373],[4.6218,13.735],[4.6173,13.735],[4.6016,13.7306],[4.5971,13.7306],[4.5948,13.7306],[4.5903,13.7283],[4.5836,13.7283],[4.5746,13.7261],[4.5679,13.7238],[4.5611,13.7193],[4.5544,13.7148],[4.5409,13.7036],[4.5342,13.7014],[4.5274,13.6991],[4.5207,13.6969],[4.514,13.6924],[4.5072,13.6901],[4.5005,13.6856],[4.4915,13.6834],[4.4825,13.6811],[4.4735,13.6789],[4.4646,13.6767],[4.4466,13.6632],[4.4399,13.6587],[4.4286,13.6475],[4.4219,13.643],[4.4174,13.6362],[4.4084,13.6295],[4.3949,13.6183],[4.3837,13.607],[4.3815,13.6048],[4.3792,13.6048],[4.3747,13.6003],[4.3702,13.5958],[4.3635,13.5891],[4.359,13.5846],[4.3478,13.5756],[4.341,13.5711],[4.3366,13.5644],[4.3298,13.5599],[4.3253,13.5576],[4.3208,13.5531],[4.3163,13.5486],[4.3051,13.5397],[4.2984,13.5329],[4.2939,13.5284],[4.2871,13.5217],[4.2804,13.5172],[4.2737,13.5105],[4.2669,13.506],[4.2602,13.4992],[4.2557,13.4947],[4.2512,13.4903],[4.2445,13.4858],[4.24,13.4813],[4.2355,13.4768],[4.231,13.4723],[4.2243,13.4723],[4.2175,13.4723],[4.2085,13.4723],[4.2018,13.4723],[4.1883,13.4723],[4.1838,13.4723],[4.1749,13.4723],[4.1659,13.4723],[4.1569,13.4723],[4.1479,13.4723],[4.1412,13.4723],[4.1344,13.4723],[4.1344,13.4656],[4.1344,13.4611],[4.1344,13.4543],[4.1344,13.4476],[4.1344,13.4386],[4.1344,13.4319],[4.1344,13.4229],[4.1344,13.4139],[4.1344,13.4072],[4.1344,13.4004],[4.1344,13.3914],[4.1344,13.3847],[4.1344,13.3757],[4.1344,13.369],[4.1344,13.36],[4.1344,13.3533],[4.1344,13.3443],[4.1344,13.3353],[4.1344,13.3286],[4.1344,13.3241],[4.1344,13.3196],[4.1344,13.3128],[4.1344,13.3039],[4.1344,13.2971],[4.1344,13.2881],[4.1344,13.2612],[4.1524,13.2522]]]}},{"type":"Feature","properties":{"id":"bayelsa","name":"Bayelsa"},"geometry":{"type":"Polygon","coordinates":[[[5.3831,5.1091],[5.3831,5.1068],[5.3853,5.1024],[5.3898,5.0956],[5.4078,5.0574],[5.4123,5.0462],[5.4235,5.0238],[5.437,4.9901],[5.4415,4.9766],[5.4415,4.9743],[5.4415,4.9631],[5.4415,4.9496],[5.446,4.9429],[5.446,4.9407],[5.4504,4.9339],[5.4527,4.9227],[5.4527,4.9182],[5.4527,4.9092],[5.4527,4.907],[5.4527,4.9047],[5.4572,4.898],[5.4594,4.8913],[5.4662,4.8778],[5.4841,4.8441],[5.4886,4.8351],[5.4954,4.8261],[5.5066,4.8082],[5.5201,4.7857],[5.5223,4.7812],[5.5246,4.7767],[5.5268,4.7722],[5.5291,4.7632],[5.5291,4.761],[5.5313,4.752],[5.5335,4.7453],[5.5335,4.7385],[5.5448,4.7183],[5.5515,4.7071],[5.5672,4.6802],[5.5785,4.6599],[5.5852,4.651],[5.5942,4.6397],[5.6032,4.6307],[5.6571,4.5611],[5.6638,4.5544],[5.6975,4.523],[5.6975,4.5162],[5.6975,4.514],[5.7177,4.5005],[5.7357,4.487],[5.7738,4.4578],[5.7873,4.4466],[5.8435,4.4017],[5.8479,4.3994],[5.8682,4.3815],[5.931,4.341],[5.94,4.3366],[5.976,4.3208],[5.9782,4.3208],[5.9782,4.3163],[5.9782,4.3141],[5.9782,4.3119],[5.9804,4.3119],[5.9962,4.3051],[6.0096,4.3006],[6.0568,4.2871],[6.0725,4.2827],[6.0815,4.2804],[6.0838,4.2804],[6.0838,4.2782],[6.0838,4.2759],[6.0838,4.2737],[6.086,4.2714],[6.0905,4.2714],[6.104,4.2737],[6.1107,4.2714],[6.1152,4.2737],[6.1354,4.2759],[6.1713,4.2782],[6.1915,4.2804],[6.2095,4.2804],[6.2185,4.2827],[6.2207,4.2827],[6.2207,4.2849],[6.2207,4.2871],[6.2185,4.2916],[6.2163,4.3006],[6.214,4.3051],[6.214,4.3298],[6.214,4.3366],[6.2207,4.3568],[6.232,4.377],[6.232,4.386],[6.2365,4.3994],[6.2387,4.4084],[6.2454,4.3994],[6.2454,4.3905],[6.2432,4.3725],[6.241,4.3613],[6.2477,4.359],[6.2522,4.3635],[6.2544,4.377],[6.2567,4.3792],[6.2701,4.3905],[6.2814,4.3747],[6.2791,4.3725],[6.2701,4.368],[6.2589,4.359],[6.2522,4.3343],[6.241,4.3186],[6.241,4.3163],[6.2387,4.3119],[6.2365,4.3051],[6.2342,4.3006],[6.2342,4.2984],[6.2387,4.2916],[6.2432,4.2916],[6.2499,4.2916],[6.2544,4.2894],[6.2634,4.2894],[6.2634,4.2916],[6.2724,4.2939],[6.2926,4.2939],[6.2949,4.2939],[6.3083,4.2961],[6.3308,4.2961],[6.3398,4.2984],[6.3555,4.3006],[6.3667,4.3006],[6.3869,4.3029],[6.4094,4.3051],[6.4139,4.3074],[6.461,4.3141],[6.4655,4.3141],[6.4655,4.3163],[6.4745,4.3163],[6.4947,4.3231],[6.5396,4.3253],[6.5419,4.3253],[6.5486,4.3253],[6.5486,4.3343],[6.5486,4.3433],[6.5441,4.3545],[6.5351,4.3568],[6.5194,4.3613],[6.5149,4.368],[6.5127,4.3792],[6.5127,4.3927],[6.5127,4.4174],[6.5127,4.4309],[6.5194,4.4533],[6.5239,4.4623],[6.5262,4.4691],[6.5329,4.478],[6.5351,4.4893],[6.5374,4.496],[6.5396,4.5005],[6.5509,4.5095],[6.5419,4.523],[6.5441,4.5342],[6.5531,4.5364],[6.5599,4.5409],[6.5666,4.5544],[6.5599,4.5544],[6.5509,4.5589],[6.5441,4.5679],[6.5396,4.5769],[6.5464,4.5813],[6.5486,4.5858],[6.5441,4.5903],[6.5374,4.5971],[6.5351,4.6083],[6.5262,4.615],[6.5172,4.6218],[6.5127,4.6442],[6.5284,4.6622],[6.5374,4.6734],[6.5464,4.6824],[6.5531,4.6891],[6.5666,4.7026],[6.5733,4.7093],[6.5868,4.7183],[6.5935,4.7228],[6.6003,4.7341],[6.607,4.7453],[6.598,4.752],[6.5801,4.7588],[6.5531,4.7588],[6.5374,4.7565],[6.5284,4.752],[6.5172,4.7475],[6.4992,4.7318],[6.4902,4.7228],[6.479,4.7138],[6.461,4.7138],[6.4588,4.7251],[6.4453,4.7296],[6.4408,4.7453],[6.4431,4.761],[6.4453,4.7745],[6.4296,4.7655],[6.4229,4.7767],[6.4139,4.8037],[6.4094,4.8127],[6.4026,4.8261],[6.3982,4.8374],[6.3982,4.8508],[6.3982,4.8643],[6.4004,4.8755],[6.4071,4.8868],[6.4139,4.8957],[6.4206,4.907],[6.4251,4.9205],[6.4341,4.9294],[6.4408,4.9429],[6.4408,4.9541],[6.4363,4.9654],[6.4296,4.9743],[6.4206,4.9811],[6.4094,4.9901],[6.4116,5.0035],[6.4184,5.017],[6.4251,5.0305],[6.4296,5.0395],[6.4386,5.053],[6.4431,5.0687],[6.4521,5.0821],[6.461,5.0979],[6.4633,5.1068],[6.4723,5.1293],[6.4857,5.154],[6.4925,5.163],[6.5104,5.172],[6.5262,5.1742],[6.5351,5.1877],[6.5441,5.1855],[6.5531,5.1899],[6.5599,5.1989],[6.5486,5.2124],[6.5531,5.2259],[6.5666,5.2371],[6.5486,5.2573],[6.5374,5.2641],[6.5329,5.273],[6.5307,5.2843],[6.5419,5.2955],[6.5486,5.3022],[6.5554,5.3112],[6.5621,5.3202],[6.5666,5.3337],[6.5688,5.3471],[6.5688,5.3629],[6.5688,5.3718],[6.5621,5.3786],[6.5531,5.3808],[6.5396,5.3808],[6.5194,5.3808],[6.5015,5.3786],[6.4857,5.3786],[6.497,5.3696],[6.5015,5.3516],[6.5037,5.3382],[6.4925,5.3269],[6.4902,5.3247],[6.4723,5.3224],[6.4498,5.3269],[6.4341,5.3224],[6.4251,5.3112],[6.4094,5.3045],[6.3937,5.3067],[6.3802,5.309],[6.3622,5.3135],[6.3465,5.3202],[6.3398,5.3202],[6.333,5.3179],[6.3308,5.3135],[6.3285,5.3112],[6.3151,5.3045],[6.3061,5.3022],[6.3038,5.3],[6.2993,5.3],[6.2971,5.2955],[6.2881,5.2843],[6.2859,5.282],[6.2859,5.2798],[6.2836,5.2753],[6.2836,5.2708],[6.2836,5.2663],[6.2859,5.2618],[6.2881,5.2596],[6.2904,5.2506],[6.2926,5.2461],[6.2926,5.2393],[6.2904,5.2349],[6.2791,5.2281],[6.2724,5.2281],[6.2589,5.2281],[6.2387,5.2349],[6.2342,5.2371],[6.214,5.2393],[6.2028,5.2326],[6.196,5.2236],[6.1938,5.2169],[6.196,5.2102],[6.1983,5.2034],[6.2005,5.1899],[6.2028,5.1787],[6.2005,5.1697],[6.1915,5.1585],[6.1781,5.1607],[6.1668,5.1607],[6.1556,5.1518],[6.1511,5.1405],[6.1444,5.1338],[6.1287,5.1293],[6.1197,5.1338],[6.1085,5.1428],[6.0972,5.1495],[6.086,5.1518],[6.0703,5.1405],[6.0658,5.1338],[6.0635,5.1226],[6.0635,5.1113],[6.0613,5.1024],[6.0546,5.0979],[6.0433,5.0956],[6.0276,5.0956],[6.0186,5.0979],[6.0052,5.1046],[6.0007,5.1068],[5.9849,5.1248],[5.9804,5.1316],[5.976,5.1383],[5.9715,5.1405],[5.9647,5.1495],[5.9602,5.1563],[5.9468,5.1652],[5.9333,5.1652],[5.9288,5.1607],[5.9265,5.154],[5.9265,5.1405],[5.9221,5.136],[5.9176,5.1338],[5.9153,5.1316],[5.9153,5.1181],[5.9153,5.1091],[5.9086,5.1046],[5.8974,5.1046],[5.8861,5.1001],[5.8816,5.1024],[5.8816,5.1091],[5.8771,5.1046],[5.8771,5.1001],[5.8749,5.0866],[5.8704,5.0709],[5.8682,5.0687],[5.8659,5.0687],[5.8637,5.0754],[5.8569,5.0777],[5.8524,5.0754],[5.8524,5.0709],[5.8479,5.0664],[5.8412,5.0687],[5.839,5.0709],[5.839,5.0754],[5.8412,5.0799],[5.8412,5.0821],[5.8345,5.0821],[5.83,5.0799],[5.8255,5.0777],[5.8143,5.0821],[5.8053,5.0844],[5.7918,5.0866],[5.7896,5.0844],[5.7896,5.0777],[5.7873,5.0732],[5.7806,5.0642],[5.7738,5.0619],[5.7693,5.0642],[5.7649,5.0642],[5.7581,5.0619],[5.7514,5.053],[5.7491,5.053],[5.7424,5.0552],[5.7357,5.0574],[5.7312,5.0552],[5.7289,5.0507],[5.7244,5.0417],[5.7199,5.0305],[5.711,5.0238],[5.702,5.0238],[5.6907,5.0238],[5.6818,5.0282],[5.675,5.0305],[5.666,5.0282],[5.6638,5.0238],[5.6638,5.0193],[5.6638,5.0148],[5.6616,5.0125],[5.6571,5.0125],[5.6481,5.0125],[5.6324,5.0193],[5.6256,5.026],[5.6189,5.035],[5.6121,5.0395],[5.5987,5.0417],[5.5919,5.044],[5.5852,5.0485],[5.5852,5.0552],[5.5695,5.0552],[5.5515,5.0552],[5.5448,5.0574],[5.5335,5.0619],[5.5246,5.0687],[5.5178,5.0799],[5.5111,5.0889],[5.5021,5.0934],[5.4931,5.0911],[5.4752,5.0934],[5.4707,5.0934],[5.4639,5.1001],[5.4549,5.1068],[5.4482,5.1181],[5.437,5.1316],[5.4325,5.1338],[5.4145,5.136],[5.4055,5.136],[5.401,5.1383],[5.3988,5.136],[5.3966,5.1338],[5.3876,5.1316],[5.3831,5.1293],[5.3808,5.1271],[5.3763,5.1271],[5.3763,5.1248],[5.3763,5.1203],[5.3831,5.1091]]]}},{"type":"Feature","properties":{"id":"ekiti","name":"Ekiti"},"geometry":{"type":"Polygon","coordinates":[[[4.8688,7.6154],[4.8823,7.6109],[4.8868,7.6041],[4.8935,7.5929],[4.9025,7.5772],[4.907,7.5637],[4.9092,7.5547],[4.9182,7.53],[4.9205,7.5165],[4.9249,7.5053],[4.9384,7.4784],[4.9474,7.4537],[4.9519,7.4469],[4.9676,7.4379],[4.9766,7.4335],[4.9856,7.4267],[4.9878,7.42],[4.9968,7.4155],[5.0058,7.4132],[5.008,7.4177],[5.017,7.4312],[5.0238,7.4357],[5.0327,7.4447],[5.0485,7.4582],[5.053,7.4582],[5.0597,7.4582],[5.0642,7.4604],[5.0709,7.4604],[5.0777,7.4604],[5.0844,7.4559],[5.0889,7.4559],[5.0956,7.4514],[5.1024,7.4492],[5.1271,7.4447],[5.1316,7.4447],[5.145,7.4424],[5.1607,7.4424],[5.1742,7.4424],[5.181,7.4424],[5.1877,7.4402],[5.1922,7.4379],[5.2012,7.4379],[5.2079,7.4357],[5.2191,7.4335],[5.2371,7.4335],[5.2461,7.4335],[5.2528,7.4357],[5.2596,7.4379],[5.2685,7.4379],[5.2798,7.4357],[5.2955,7.4357],[5.3,7.4379],[5.3067,7.4402],[5.309,7.4402],[5.3157,7.4424],[5.3202,7.4402],[5.3247,7.4312],[5.3269,7.4245],[5.3292,7.4177],[5.3337,7.4087],[5.3382,7.402],[5.3404,7.3975],[5.3427,7.3908],[5.3449,7.3863],[5.3471,7.3818],[5.3494,7.3751],[5.3494,7.3683],[5.3539,7.3436],[5.3561,7.3346],[5.3561,7.3279],[5.3539,7.3212],[5.3539,7.3099],[5.3561,7.3054],[5.3561,7.301],[5.3584,7.2965],[5.3629,7.292],[5.3808,7.2852],[5.3876,7.283],[5.3988,7.2875],[5.4055,7.2897],[5.4123,7.2897],[5.4168,7.292],[5.4257,7.2942],[5.4504,7.2987],[5.4549,7.301],[5.4594,7.301],[5.4662,7.301],[5.4729,7.301],[5.4819,7.3054],[5.4909,7.3099],[5.4954,7.3122],[5.5043,7.3167],[5.5088,7.3189],[5.5223,7.3324],[5.5268,7.3391],[5.5313,7.3481],[5.5425,7.3683],[5.5515,7.3796],[5.556,7.3863],[5.5672,7.4043],[5.5762,7.4177],[5.5829,7.4267],[5.5874,7.4312],[5.5987,7.4492],[5.6009,7.4559],[5.6032,7.4671],[5.6077,7.4806],[5.6099,7.4851],[5.6121,7.4941],[5.6121,7.5076],[5.6121,7.5188],[5.6144,7.5278],[5.6121,7.5368],[5.6144,7.5412],[5.6166,7.5547],[5.6189,7.5637],[5.6211,7.5704],[5.6256,7.5817],[5.6391,7.6041],[5.6436,7.6131],[5.6458,7.6176],[5.6548,7.6288],[5.6593,7.6288],[5.6705,7.6266],[5.675,7.6243],[5.6818,7.6243],[5.6885,7.6333],[5.6907,7.6378],[5.6907,7.6423],[5.693,7.6513],[5.6952,7.6715],[5.6997,7.6827],[5.7154,7.7007],[5.7289,7.7097],[5.7424,7.7187],[5.7559,7.7276],[5.7671,7.7366],[5.7738,7.7479],[5.7918,7.7815],[5.7671,7.7883],[5.7559,7.795],[5.7469,7.804],[5.7402,7.813],[5.7379,7.822],[5.7289,7.8287],[5.711,7.831],[5.6885,7.8287],[5.6683,7.8287],[5.6593,7.8287],[5.6571,7.8287],[5.6436,7.8287],[5.6301,7.8354],[5.6234,7.8422],[5.6144,7.8646],[5.6121,7.8759],[5.6077,7.9118],[5.6032,7.9275],[5.6009,7.9432],[5.5987,7.9522],[5.5987,7.959],[5.6009,7.9634],[5.6099,7.9657],[5.6144,7.9612],[5.6279,7.9567],[5.6346,7.959],[5.6458,7.9634],[5.6481,7.9657],[5.6481,7.9747],[5.6481,7.9859],[5.6503,7.9904],[5.6571,7.9949],[5.6683,8.0016],[5.6683,8.0084],[5.6616,8.0151],[5.6571,8.0196],[5.6503,8.0241],[5.6481,8.0331],[5.6481,8.0421],[5.6436,8.0488],[5.6391,8.0533],[5.6436,8.06],[5.6458,8.06],[5.6548,8.0645],[5.6593,8.069],[5.6571,8.0757],[5.6481,8.0735],[5.6436,8.0735],[5.6391,8.0735],[5.6256,8.0735],[5.5987,8.0735],[5.5762,8.0712],[5.5717,8.069],[5.5582,8.0578],[5.5515,8.051],[5.538,8.0398],[5.5268,8.0308],[5.5156,8.0218],[5.5088,8.0173],[5.5066,8.0196],[5.5043,8.0241],[5.5043,8.0286],[5.5066,8.0465],[5.5133,8.0757],[5.5133,8.0847],[5.5156,8.1049],[5.5133,8.1117],[5.5066,8.1117],[5.4976,8.1117],[5.4752,8.1072],[5.4482,8.1049],[5.4213,8.1049],[5.3988,8.1027],[5.3876,8.1027],[5.3718,8.0959],[5.3651,8.0915],[5.3606,8.0825],[5.3584,8.0735],[5.3584,8.0623],[5.3606,8.0533],[5.3606,8.0443],[5.3606,8.0376],[5.3584,8.0353],[5.3584,8.0331],[5.3516,8.0263],[5.3449,8.0196],[5.3404,8.0151],[5.3314,8.0106],[5.3179,8.0084],[5.2977,8.0084],[5.282,8.0084],[5.2685,8.0106],[5.2618,8.0129],[5.2573,8.0173],[5.2438,8.0196],[5.2304,8.0218],[5.2191,8.0218],[5.2034,8.0173],[5.1967,8.0173],[5.1922,8.0218],[5.1877,8.0286],[5.181,8.0353],[5.1765,8.0398],[5.1652,8.0465],[5.163,8.0488],[5.1563,8.0533],[5.1495,8.0555],[5.1428,8.0623],[5.1271,8.0623],[5.1181,8.0623],[5.1136,8.0578],[5.1046,8.0465],[5.0866,8.0286],[5.0844,8.0241],[5.0754,8.0241],[5.0732,8.0308],[5.0619,8.0376],[5.0574,8.0398],[5.0574,8.0308],[5.053,8.0241],[5.0395,8.0106],[5.035,8.0061],[5.0327,7.9971],[5.0327,7.9904],[5.0327,7.9814],[5.0305,7.9769],[5.017,7.9545],[5.008,7.95],[5.0013,7.9455],[4.9968,7.9387],[4.9901,7.932],[4.9788,7.923],[4.9676,7.9163],[4.9496,7.9028],[4.9429,7.9006],[4.9407,7.8983],[4.9362,7.8893],[4.9317,7.8848],[4.9272,7.8804],[4.9249,7.8736],[4.9249,7.8691],[4.9227,7.8624],[4.9137,7.8512],[4.9115,7.8512],[4.9092,7.8422],[4.9092,7.8287],[4.916,7.822],[4.916,7.8107],[4.916,7.795],[4.916,7.7905],[4.9137,7.7838],[4.9092,7.7658],[4.9025,7.7501],[4.8957,7.7344],[4.8935,7.7299],[4.8913,7.7187],[4.8913,7.7142],[4.8913,7.7097],[4.889,7.6917],[4.88,7.667],[4.8733,7.6513],[4.8643,7.6221],[4.8688,7.6154]]]}},{"type":"Feature","properties":{"id":"edo","name":"Edo"},"geometry":{"type":"Polygon","coordinates":[[[5.0148,6.2926],[5.0215,6.2859],[5.0305,6.2791],[5.035,6.2791],[5.0372,6.2769],[5.0417,6.2746],[5.0485,6.2657],[5.0485,6.2612],[5.0507,6.2522],[5.053,6.2477],[5.0574,6.2477],[5.0597,6.2477],[5.0642,6.2477],[5.0732,6.2387],[5.0732,6.2342],[5.0754,6.2275],[5.0777,6.2207],[5.0866,6.2073],[5.0889,6.2005],[5.0934,6.1983],[5.0956,6.196],[5.1136,6.2005],[5.1158,6.205],[5.1181,6.2073],[5.1203,6.2073],[5.1226,6.205],[5.1271,6.196],[5.136,6.1826],[5.1338,6.1713],[5.136,6.1691],[5.1338,6.1646],[5.1383,6.1601],[5.1405,6.1556],[5.1428,6.1511],[5.1428,6.1444],[5.145,6.1421],[5.154,6.1444],[5.1607,6.1421],[5.1652,6.1466],[5.1652,6.1556],[5.1652,6.1601],[5.1697,6.1646],[5.1787,6.1601],[5.181,6.1579],[5.1832,6.1534],[5.1899,6.1511],[5.1989,6.1466],[5.2034,6.1444],[5.2057,6.1466],[5.2057,6.1511],[5.2102,6.1534],[5.2236,6.1489],[5.2236,6.1444],[5.2191,6.1421],[5.2169,6.1354],[5.2214,6.1309],[5.2304,6.1197],[5.2349,6.1129],[5.2304,6.1017],[5.2326,6.0882],[5.2326,6.0815],[5.2326,6.0725],[5.2326,6.0658],[5.2393,6.0635],[5.2461,6.0635],[5.2573,6.0658],[5.2708,6.0546],[5.2685,6.0523],[5.2641,6.0433],[5.2596,6.0254],[5.2551,6.0141],[5.2483,5.9872],[5.2483,5.9692],[5.2528,5.958],[5.2551,5.949],[5.2641,5.9423],[5.2685,5.94],[5.2708,5.9198],[5.2753,5.9086],[5.291,5.9131],[5.3045,5.9198],[5.3157,5.9355],[5.3337,5.949],[5.3494,5.9602],[5.3584,5.9692],[5.3449,5.976],[5.3404,5.9827],[5.3359,5.9849],[5.3269,5.9827],[5.3269,5.9894],[5.3224,6.0052],[5.3269,6.0186],[5.3337,6.0209],[5.3382,6.0186],[5.3427,6.0164],[5.3561,6.0164],[5.3651,6.0186],[5.3786,6.0186],[5.3921,6.0186],[5.3988,6.0209],[5.4123,6.0209],[5.4168,6.0096],[5.4145,6.0074],[5.4257,6.0052],[5.4302,6.0096],[5.4325,6.0141],[5.4302,6.0186],[5.428,6.0231],[5.428,6.0299],[5.4325,6.0343],[5.437,6.0366],[5.4415,6.0411],[5.4527,6.0343],[5.4594,6.0231],[5.4729,6.0276],[5.4796,6.0276],[5.4841,6.0276],[5.4886,6.0299],[5.4909,6.0343],[5.4909,6.0388],[5.4954,6.0411],[5.4976,6.0433],[5.4999,6.0366],[5.5066,6.0366],[5.5133,6.0343],[5.5178,6.0276],[5.5156,6.0209],[5.5201,6.0164],[5.5246,6.0119],[5.5291,6.0119],[5.5313,6.0052],[5.5358,5.9894],[5.547,5.9849],[5.5605,5.9894],[5.5717,5.9917],[5.5785,6.0029],[5.5829,6.0119],[5.5942,6.0186],[5.6054,6.0231],[5.6166,6.0254],[5.6256,6.0299],[5.6368,6.0299],[5.6571,6.0321],[5.6683,6.0501],[5.6683,6.0523],[5.675,6.0478],[5.6997,6.0343],[5.7446,6.0096],[5.7559,6.0029],[5.7649,5.9984],[5.794,5.9804],[5.812,5.9849],[5.8232,5.967],[5.83,5.9602],[5.8345,5.9513],[5.8322,5.94],[5.9221,5.8771],[5.9108,5.8524],[5.9063,5.8435],[5.9063,5.8255],[5.9018,5.812],[5.8974,5.803],[5.8951,5.7985],[5.9018,5.794],[5.9063,5.7806],[5.9063,5.7693],[5.9176,5.7581],[5.9243,5.7491],[5.94,5.7469],[5.958,5.7514],[5.9692,5.7491],[5.9827,5.7491],[5.9917,5.7536],[6.0052,5.7604],[6.0164,5.7649],[6.0209,5.7649],[6.0254,5.7649],[6.0321,5.7649],[6.0388,5.7649],[6.0501,5.7693],[6.0613,5.7761],[6.077,5.7851],[6.0927,5.794],[6.1017,5.803],[6.1085,5.8143],[6.1129,5.8232],[6.1219,5.839],[6.1332,5.8457],[6.1421,5.8524],[6.1511,5.8569],[6.1601,5.8659],[6.1691,5.8727],[6.1803,5.8816],[6.1915,5.8906],[6.1983,5.8951],[6.2005,5.8974],[6.2028,5.8996],[6.2073,5.9063],[6.2185,5.9176],[6.2297,5.9355],[6.2342,5.949],[6.2432,5.967],[6.2454,5.9715],[6.2499,5.9939],[6.2567,6.0164],[6.241,6.0254],[6.232,6.0343],[6.223,6.0388],[6.2095,6.0456],[6.2005,6.0501],[6.1938,6.0568],[6.1758,6.0748],[6.1691,6.0815],[6.1646,6.095],[6.1579,6.104],[6.1489,6.1152],[6.1421,6.1242],[6.1354,6.1354],[6.1264,6.1646],[6.1219,6.1803],[6.1152,6.2005],[6.1152,6.2095],[6.1152,6.2185],[6.1129,6.241],[6.095,6.2544],[6.0838,6.2634],[6.077,6.2791],[6.086,6.2881],[6.086,6.3038],[6.0882,6.3173],[6.095,6.3285],[6.1017,6.3353],[6.1129,6.3488],[6.1174,6.351],[6.1264,6.3555],[6.1399,6.3488],[6.1668,6.3308],[6.1803,6.3218],[6.1893,6.3106],[6.1938,6.2993],[6.1983,6.2836],[6.2118,6.2791],[6.223,6.2904],[6.2365,6.3038],[6.2477,6.3128],[6.2544,6.3196],[6.2612,6.333],[6.2814,6.3577],[6.2904,6.3622],[6.2993,6.3645],[6.3128,6.3667],[6.3196,6.3712],[6.324,6.3735],[6.3353,6.3779],[6.342,6.3779],[6.3577,6.3847],[6.3622,6.3847],[6.3712,6.3824],[6.3802,6.3847],[6.3914,6.3892],[6.4071,6.3937],[6.4094,6.3959],[6.4161,6.3982],[6.4229,6.4026],[6.4318,6.4071],[6.4341,6.4116],[6.4363,6.4161],[6.4408,6.4206],[6.4453,6.4251],[6.4498,6.4274],[6.4655,6.4408],[6.4813,6.4476],[6.4925,6.4565],[6.5015,6.4633],[6.5104,6.4768],[6.5262,6.488],[6.5396,6.4925],[6.5509,6.4925],[6.5643,6.4947],[6.5756,6.4947],[6.5868,6.497],[6.6093,6.4992],[6.6227,6.4947],[6.6317,6.4902],[6.6452,6.488],[6.6497,6.4902],[6.6564,6.497],[6.6609,6.4992],[6.6699,6.5015],[6.6654,6.5329],[6.6609,6.5531],[6.6609,6.5733],[6.6609,6.6093],[6.6519,6.634],[6.6272,6.6744],[6.6182,6.7058],[6.6205,6.7215],[6.6272,6.7305],[6.6272,6.7485],[6.6317,6.7687],[6.6272,6.7822],[6.6227,6.7912],[6.6227,6.7934],[6.6205,6.8001],[6.616,6.8091],[6.6138,6.8159],[6.6115,6.8226],[6.6138,6.8316],[6.6227,6.8406],[6.634,6.8653],[6.6452,6.8855],[6.6519,6.9079],[6.6721,6.9349],[6.6789,6.9686],[6.6789,6.9731],[6.6789,6.9933],[6.6766,7.009],[6.6766,7.0337],[6.6834,7.0517],[6.6901,7.0674],[6.7126,7.1056],[6.7148,7.1213],[6.7148,7.1235],[6.7148,7.1348],[6.7126,7.1482],[6.7081,7.1595],[6.7036,7.1707],[6.7013,7.1774],[6.6968,7.2044],[6.6924,7.2179],[6.6901,7.2201],[6.6856,7.2246],[6.6744,7.2336],[6.6699,7.2403],[6.6385,7.2942],[6.6317,7.292],[6.5688,7.2762],[6.5554,7.274],[6.5441,7.274],[6.5307,7.2718],[6.5262,7.2718],[6.5149,7.2673],[6.5104,7.2673],[6.5082,7.2695],[6.5082,7.274],[6.5082,7.2762],[6.506,7.2807],[6.5037,7.2852],[6.5015,7.2875],[6.4992,7.292],[6.4992,7.3054],[6.4992,7.3234],[6.4947,7.3346],[6.4857,7.3414],[6.4813,7.3481],[6.4768,7.3526],[6.4768,7.3549],[6.4723,7.3616],[6.47,7.3638],[6.4678,7.3661],[6.4633,7.3638],[6.4588,7.3616],[6.4543,7.3571],[6.4498,7.3549],[6.4431,7.3571],[6.4386,7.3571],[6.4363,7.3593],[6.4341,7.3683],[6.4341,7.3728],[6.4341,7.3773],[6.4318,7.3796],[6.4274,7.3818],[6.4229,7.3863],[6.4229,7.3885],[6.4318,7.3975],[6.4318,7.402],[6.4274,7.411],[6.4274,7.4155],[6.4229,7.4177],[6.3779,7.3975],[6.3577,7.4132],[6.2993,7.4963],[6.2949,7.4986],[6.2904,7.4986],[6.2836,7.4986],[6.2769,7.4963],[6.2746,7.4918],[6.2724,7.4896],[6.2724,7.4873],[6.2701,7.4851],[6.2679,7.4829],[6.2634,7.4806],[6.2589,7.4784],[6.2522,7.4784],[6.2454,7.4761],[6.2387,7.4761],[6.2342,7.4739],[6.2275,7.4716],[6.2252,7.4694],[6.223,7.4649],[6.2207,7.4604],[6.2185,7.4559],[6.2095,7.4492],[6.2005,7.4469],[6.1893,7.4402],[6.1871,7.4379],[6.1871,7.4357],[6.1871,7.4335],[6.1826,7.429],[6.1803,7.429],[6.1758,7.4335],[6.1736,7.4379],[6.1736,7.4402],[6.1713,7.4447],[6.1624,7.4469],[6.1601,7.4469],[6.1534,7.4492],[6.1421,7.4492],[6.1377,7.4469],[6.1287,7.4469],[6.1197,7.4469],[6.1129,7.4492],[6.1107,7.4559],[6.1107,7.4582],[6.1085,7.4626],[6.1085,7.4851],[6.1085,7.4896],[6.1107,7.4941],[6.1129,7.4963],[6.1152,7.4986],[6.1174,7.5008],[6.1219,7.5031],[6.1287,7.5053],[6.1309,7.5076],[6.1466,7.5165],[6.1511,7.5188],[6.1534,7.5233],[6.1579,7.5278],[6.1601,7.53],[6.1624,7.5345],[6.1646,7.539],[6.1668,7.5457],[6.1668,7.548],[6.1646,7.5502],[6.1534,7.5502],[6.1489,7.5502],[6.1421,7.5502],[6.1377,7.5502],[6.1332,7.5525],[6.1332,7.557],[6.1309,7.5637],[6.1287,7.5682],[6.1264,7.5749],[6.1219,7.5839],[6.1197,7.5907],[6.0995,7.5884],[6.0478,7.5794],[6.0433,7.5772],[6.0366,7.5727],[6.0299,7.566],[6.0276,7.5615],[6.0254,7.5592],[6.0254,7.5547],[6.0231,7.548],[6.0164,7.539],[6.0119,7.5345],[6.0052,7.53],[6.0029,7.5278],[5.9939,7.5278],[5.9894,7.53],[5.9872,7.53],[5.9827,7.53],[5.9782,7.53],[5.976,7.53],[5.9715,7.5233],[5.9692,7.5188],[5.967,7.5165],[5.9647,7.5143],[5.9625,7.5121],[5.9602,7.5143],[5.9535,7.5143],[5.9535,7.5121],[5.9535,7.5076],[5.9513,7.5008],[5.949,7.4963],[5.949,7.4873],[5.9535,7.4829],[5.9557,7.4761],[5.958,7.4716],[5.9625,7.4604],[5.967,7.4604],[5.9715,7.4604],[5.976,7.4582],[5.9849,7.4559],[5.9872,7.4492],[5.9872,7.4469],[5.9872,7.4424],[5.9849,7.4402],[5.9804,7.4379],[5.9782,7.4357],[5.976,7.4312],[5.9737,7.429],[5.9692,7.4155],[5.9692,7.411],[5.9692,7.4087],[5.9737,7.3998],[5.9782,7.393],[5.9804,7.3908],[5.9782,7.3863],[5.976,7.3818],[5.976,7.3773],[5.976,7.3751],[5.976,7.3728],[5.9782,7.3683],[5.9804,7.3661],[5.9872,7.3638],[5.9872,7.3616],[5.9872,7.3549],[5.9804,7.3481],[5.9782,7.3481],[5.958,7.3436],[5.9513,7.3436],[5.9445,7.3436],[5.9378,7.3414],[5.9265,7.3391],[5.9198,7.3369],[5.9176,7.3346],[5.9153,7.3189],[5.9176,7.3167],[5.9176,7.3122],[5.9221,7.3054],[5.9243,7.3032],[5.9243,7.2987],[5.9243,7.2965],[5.9221,7.292],[5.9131,7.2807],[5.9086,7.2785],[5.9063,7.2718],[5.8996,7.2605],[5.8974,7.2493],[5.8974,7.2313],[5.9018,7.2246],[5.9041,7.2201],[5.9041,7.2179],[5.8996,7.2134],[5.8951,7.2111],[5.8884,7.2044],[5.8839,7.1999],[5.8839,7.1932],[5.8906,7.1887],[5.8929,7.1864],[5.8929,7.1819],[5.8906,7.1819],[5.8861,7.1797],[5.8816,7.1752],[5.8794,7.1729],[5.8771,7.1707],[5.8727,7.1617],[5.8682,7.1415],[5.8659,7.137],[5.8659,7.1325],[5.8637,7.128],[5.8614,7.1258],[5.8547,7.1235],[5.8457,7.1213],[5.8435,7.1213],[5.8435,7.119],[5.8412,7.1168],[5.8435,7.1101],[5.8457,7.1078],[5.8479,7.1056],[5.8502,7.1033],[5.8524,7.0988],[5.8547,7.0966],[5.8524,7.0943],[5.8502,7.0921],[5.8345,7.0854],[5.83,7.0809],[5.8232,7.0809],[5.8165,7.0719],[5.8143,7.0674],[5.812,7.0584],[5.8098,7.0517],[5.8053,7.0494],[5.803,7.0449],[5.7963,7.0247],[5.794,7.0157],[5.794,7.0045],[5.7896,6.9888],[5.7851,6.9686],[5.7896,6.9618],[5.794,6.9439],[5.7985,6.9326],[5.7985,6.9282],[5.8008,6.9214],[5.7985,6.9192],[5.7985,6.9147],[5.794,6.9057],[5.7896,6.9012],[5.7873,6.8945],[5.7873,6.8787],[5.7851,6.8698],[5.7783,6.8585],[5.7738,6.854],[5.7716,6.8473],[5.7693,6.8406],[5.7716,6.8338],[5.7738,6.8316],[5.7761,6.8226],[5.7783,6.8181],[5.7716,6.7957],[5.7671,6.7912],[5.7581,6.7844],[5.7514,6.7822],[5.7424,6.7777],[5.7267,6.7687],[5.7199,6.762],[5.7154,6.7575],[5.711,6.753],[5.702,6.735],[5.6683,6.7283],[5.6593,6.7305],[5.6548,6.735],[5.6503,6.7395],[5.6413,6.7463],[5.6368,6.7463],[5.6301,6.7463],[5.6189,6.7418],[5.6054,6.7283],[5.5964,6.7215],[5.5897,6.7148],[5.5852,6.7103],[5.5829,6.7036],[5.5762,6.7036],[5.574,6.7058],[5.565,6.7215],[5.5627,6.7305],[5.5605,6.753],[5.5627,6.762],[5.5605,6.7732],[5.5605,6.7777],[5.556,6.7867],[5.5493,6.7979],[5.5448,6.8046],[5.5425,6.8136],[5.5425,6.8159],[5.5425,6.8249],[5.547,6.8293],[5.5493,6.8338],[5.5538,6.8361],[5.5582,6.8361],[5.5627,6.8383],[5.5672,6.8406],[5.5717,6.8451],[5.5717,6.854],[5.5695,6.8698],[5.565,6.8765],[5.5627,6.8787],[5.556,6.8832],[5.538,6.8855],[5.4594,6.8855],[5.273,6.89],[5.2551,6.8832],[5.2438,6.8653],[5.2371,6.8518],[5.2326,6.8473],[5.2259,6.8383],[5.2236,6.8361],[5.2191,6.8271],[5.2079,6.8091],[5.2079,6.8046],[5.2034,6.7934],[5.2034,6.7822],[5.2012,6.7799],[5.1967,6.7732],[5.1854,6.7687],[5.172,6.762],[5.1675,6.7575],[5.1518,6.7463],[5.1405,6.7305],[5.1383,6.726],[5.136,6.7193],[5.1316,6.7126],[5.1271,6.7013],[5.1226,6.6991],[5.1226,6.6946],[5.1203,6.6901],[5.1181,6.6834],[5.1158,6.6766],[5.1136,6.6699],[5.1113,6.6564],[5.1113,6.6385],[5.1113,6.6295],[5.1136,6.6272],[5.1136,6.6205],[5.1271,6.5935],[5.1338,6.5823],[5.136,6.5778],[5.1383,6.5756],[5.1405,6.5733],[5.1473,6.5688],[5.154,6.5688],[5.163,6.5621],[5.1652,6.5554],[5.163,6.5464],[5.1607,6.5396],[5.154,6.5284],[5.154,6.5149],[5.1518,6.5037],[5.154,6.5015],[5.154,6.497],[5.1518,6.4947],[5.1405,6.479],[5.1226,6.4633],[5.1136,6.4543],[5.1068,6.4453],[5.1024,6.4431],[5.1024,6.4386],[5.1068,6.4184],[5.1091,6.4161],[5.1091,6.4139],[5.1091,6.4116],[5.1046,6.4026],[5.0979,6.3982],[5.0911,6.3914],[5.0844,6.3847],[5.0754,6.3779],[5.0709,6.3757],[5.0664,6.3757],[5.0619,6.3779],[5.0574,6.3824],[5.053,6.3847],[5.0485,6.3824],[5.0485,6.3779],[5.0485,6.3757],[5.0462,6.3712],[5.044,6.3667],[5.0395,6.3645],[5.0327,6.3645],[5.0282,6.3645],[5.0282,6.36],[5.0282,6.3577],[5.0282,6.3443],[5.0282,6.342],[5.0327,6.3375],[5.035,6.333],[5.035,6.3285],[5.0305,6.324],[5.0215,6.3196],[5.0193,6.3151],[5.0148,6.3083],[5.0125,6.3016],[5.0125,6.2993],[5.0148,6.2926]]]}},{"type":"Feature","properties":{"id":"ebonyi","name":"Ebonyi"},"geometry":{"type":"Polygon","coordinates":[[[7.5457,5.8457],[7.5525,5.8435],[7.566,5.8435],[7.5839,5.8367],[7.6041,5.83],[7.6176,5.8277],[7.6311,5.8255],[7.658,5.8232],[7.685,5.8232],[7.7142,5.8188],[7.7299,5.8165],[7.7568,5.812],[7.7636,5.8143],[7.786,5.8053],[7.7928,5.7918],[7.795,5.7783],[7.7973,5.7626],[7.804,5.7446],[7.8152,5.7357],[7.8197,5.7289],[7.831,5.7222],[7.8399,5.711],[7.8624,5.6975],[7.8714,5.693],[7.8871,5.6885],[7.8893,5.684],[7.8893,5.693],[7.8871,5.6975],[7.8871,5.6997],[7.8938,5.7065],[7.9051,5.7154],[7.9073,5.7199],[7.9118,5.7244],[7.914,5.7357],[7.914,5.7424],[7.9163,5.7446],[7.9163,5.7536],[7.9208,5.7604],[7.9365,5.7693],[7.9522,5.7761],[7.9545,5.7738],[7.959,5.7716],[7.9657,5.7693],[7.9702,5.7693],[7.9634,5.7761],[7.95,5.7918],[7.9432,5.8053],[7.9343,5.8188],[7.9343,5.8232],[7.9343,5.8255],[7.9387,5.8345],[7.9455,5.839],[7.9522,5.8412],[7.9567,5.8435],[7.959,5.8412],[7.9634,5.8457],[7.9679,5.8569],[7.9702,5.8637],[7.9702,5.8704],[7.9747,5.8771],[7.9814,5.8816],[7.9882,5.8839],[7.9904,5.8861],[7.9949,5.8974],[7.9994,5.8996],[8.0039,5.8996],[8.0061,5.9041],[8.0039,5.9086],[7.9994,5.9131],[7.9926,5.9153],[7.9859,5.9221],[7.9814,5.9265],[7.9814,5.931],[7.9814,5.9355],[7.9837,5.94],[7.9904,5.9423],[7.9882,5.949],[7.9859,5.9535],[7.9814,5.9602],[7.9792,5.9647],[7.9792,5.9692],[7.9814,5.976],[7.9859,5.9827],[7.9926,5.9849],[8.0016,5.9872],[8.0084,5.9917],[8.0151,5.9939],[8.0286,6.0007],[8.0443,6.0052],[8.051,6.0052],[8.0555,6.0074],[8.06,6.0074],[8.069,6.0052],[8.0735,6.0029],[8.0802,5.9984],[8.0892,5.9894],[8.1004,5.9692],[8.1049,5.958],[8.1072,5.949],[8.1094,5.9445],[8.1117,5.94],[8.1139,5.9378],[8.1229,5.9445],[8.1364,5.9557],[8.1476,5.9647],[8.1521,5.967],[8.1678,5.9692],[8.1723,5.9737],[8.179,5.9782],[8.1948,5.9917],[8.2037,6.0052],[8.215,6.0119],[8.2217,6.0141],[8.2307,6.0119],[8.2374,6.0141],[8.2442,6.0186],[8.2487,6.0164],[8.2532,6.0119],[8.2532,6.0052],[8.2576,5.9984],[8.2644,5.9962],[8.2734,5.9984],[8.2823,6.0052],[8.2868,6.0164],[8.2868,6.0299],[8.2891,6.0456],[8.2913,6.0546],[8.2981,6.068],[8.2981,6.077],[8.2981,6.086],[8.2981,6.0905],[8.3026,6.1017],[8.3205,6.1287],[8.3318,6.1354],[8.3385,6.1534],[8.3542,6.1668],[8.3587,6.1713],[8.3632,6.1758],[8.3632,6.1781],[8.3722,6.196],[8.3789,6.2028],[8.3924,6.2118],[8.4014,6.2163],[8.4036,6.2275],[8.4059,6.2365],[8.4104,6.2454],[8.4171,6.2612],[8.4171,6.2724],[8.4104,6.2814],[8.4059,6.2859],[8.3946,6.2971],[8.3924,6.3061],[8.3969,6.3308],[8.3969,6.3443],[8.3991,6.3532],[8.4036,6.3667],[8.4081,6.3757],[8.4126,6.3779],[8.4306,6.3802],[8.444,6.3847],[8.4485,6.3914],[8.444,6.4026],[8.4485,6.4049],[8.453,6.4049],[8.4553,6.4094],[8.4575,6.4184],[8.4575,6.4274],[8.453,6.4296],[8.4418,6.4318],[8.4328,6.4341],[8.4328,6.4386],[8.4351,6.4431],[8.4396,6.4476],[8.4306,6.4588],[8.4238,6.4655],[8.4238,6.4768],[8.4081,6.4768],[8.4059,6.4857],[8.4126,6.5015],[8.4216,6.506],[8.4193,6.5104],[8.4193,6.5149],[8.4148,6.5194],[8.4104,6.5172],[8.3969,6.5194],[8.3901,6.5239],[8.3901,6.5262],[8.3946,6.5307],[8.3969,6.5396],[8.3924,6.5509],[8.3879,6.5509],[8.3789,6.5486],[8.3744,6.5464],[8.3722,6.5486],[8.3722,6.5599],[8.3632,6.5621],[8.3587,6.5643],[8.352,6.5733],[8.3475,6.5756],[8.3407,6.5756],[8.3228,6.5958],[8.3138,6.607],[8.3138,6.6115],[8.3205,6.6138],[8.325,6.6205],[8.325,6.625],[8.3228,6.634],[8.316,6.634],[8.3093,6.6385],[8.3048,6.6497],[8.3071,6.6609],[8.3026,6.6699],[8.2936,6.6789],[8.2846,6.6924],[8.2779,6.6968],[8.2801,6.7058],[8.2846,6.7103],[8.2801,6.7148],[8.2734,6.7171],[8.2689,6.7283],[8.2621,6.7305],[8.2509,6.735],[8.2554,6.7373],[8.2621,6.7373],[8.2666,6.7418],[8.2621,6.7552],[8.2554,6.7665],[8.2487,6.7754],[8.2397,6.7934],[8.2352,6.8001],[8.2284,6.8001],[8.2262,6.7889],[8.2195,6.7777],[8.2127,6.7754],[8.1993,6.7777],[8.1925,6.7777],[8.1723,6.7732],[8.1656,6.7665],[8.1521,6.7552],[8.1498,6.7463],[8.1476,6.744],[8.1454,6.735],[8.1454,6.726],[8.1364,6.7171],[8.1274,6.7126],[8.1117,6.7103],[8.0982,6.7081],[8.0959,6.7081],[8.0892,6.7126],[8.0802,6.7126],[8.0757,6.7148],[8.0645,6.7126],[8.051,6.7103],[8.0353,6.7126],[8.0263,6.7148],[8.0084,6.7148],[7.9994,6.7126],[7.9949,6.7036],[7.9882,6.6879],[7.9859,6.6699],[7.9882,6.6609],[7.9882,6.6497],[7.9882,6.634],[7.9882,6.6182],[7.9882,6.6115],[7.9769,6.5823],[7.9702,6.5688],[7.9657,6.5576],[7.9634,6.5441],[7.95,6.5329],[7.932,6.5307],[7.9298,6.5329],[7.923,6.5374],[7.9096,6.5419],[7.8871,6.5531],[7.8691,6.5688],[7.8557,6.5801],[7.8534,6.589],[7.8467,6.6048],[7.8444,6.6093],[7.8377,6.6138],[7.8332,6.6205],[7.8332,6.6272],[7.831,6.6385],[7.822,6.6385],[7.8062,6.634],[7.8018,6.6317],[7.7748,6.634],[7.7479,6.634],[7.7232,6.634],[7.7052,6.6362],[7.6985,6.6317],[7.7007,6.6115],[7.7029,6.607],[7.7164,6.5846],[7.7299,6.5599],[7.7479,6.4723],[7.7501,6.4476],[7.7501,6.4229],[7.7523,6.3847],[7.7389,6.3532],[7.7209,6.3308],[7.7074,6.2993],[7.7097,6.2769],[7.7209,6.2499],[7.7254,6.2432],[7.7321,6.2275],[7.7366,6.2028],[7.7389,6.1713],[7.7254,6.1152],[7.7142,6.0838],[7.6985,6.0748],[7.6872,6.0703],[7.6693,6.0635],[7.6693,6.0613],[7.6648,6.0501],[7.667,6.0299],[7.676,6.0096],[7.6962,5.9894],[7.7119,5.9715],[7.7142,5.9468],[7.7052,5.9288],[7.6917,5.9243],[7.6782,5.9288],[7.6648,5.931],[7.6356,5.9423],[7.5884,5.9625],[7.5727,5.9692],[7.5592,5.9849],[7.548,5.9939],[7.5525,5.9804],[7.5525,5.9535],[7.5502,5.9423],[7.539,5.9063],[7.5412,5.8906],[7.539,5.8749],[7.539,5.8592],[7.539,5.8502],[7.5457,5.8457]]]}},{"type":"Feature","properties":{"id":"lagos","name":"Lagos"},"geometry":{"type":"Polygon","coordinates":[[[2.7084,6.4184],[2.7084,6.4116],[2.7084,6.4094],[2.7084,6.4004],[2.7084,6.3937],[2.7084,6.3847],[2.7084,6.3779],[2.7084,6.3757],[2.7106,6.3757],[2.7241,6.3779],[2.7308,6.3779],[2.7331,6.3779],[2.7376,6.3802],[2.7421,6.3802],[2.7466,6.3802],[2.7578,6.3824],[2.7802,6.3847],[2.787,6.3847],[2.7982,6.3869],[2.8049,6.3892],[2.8364,6.3937],[2.8633,6.3937],[2.8903,6.3937],[2.9419,6.3959],[2.9734,6.3982],[2.9891,6.3982],[3.0138,6.3982],[3.034,6.3982],[3.0632,6.4004],[3.0722,6.4004],[3.0722,6.3982],[3.1104,6.3982],[3.1238,6.4004],[3.162,6.4004],[3.171,6.4026],[3.1822,6.4026],[3.2024,6.4026],[3.2047,6.4026],[3.2069,6.4026],[3.2092,6.4026],[3.2137,6.4026],[3.2182,6.4026],[3.2227,6.4026],[3.2249,6.4026],[3.2272,6.4026],[3.2294,6.4026],[3.2339,6.4026],[3.2361,6.4026],[3.2384,6.4026],[3.2406,6.4026],[3.2474,6.4026],[3.2586,6.4026],[3.2698,6.4026],[3.2766,6.4026],[3.281,6.4026],[3.2833,6.4026],[3.2855,6.4026],[3.2878,6.4026],[3.29,6.4026],[3.2923,6.4026],[3.2968,6.4026],[3.299,6.4026],[3.3013,6.4026],[3.3035,6.4026],[3.3058,6.4026],[3.308,6.4026],[3.3147,6.4026],[3.3192,6.4004],[3.3237,6.4004],[3.326,6.4004],[3.3327,6.4004],[3.3349,6.4004],[3.3372,6.4004],[3.3417,6.4004],[3.3462,6.3982],[3.3529,6.3982],[3.3597,6.3982],[3.3709,6.3982],[3.3776,6.3982],[3.3956,6.3982],[3.4023,6.3982],[3.4023,6.4004],[3.4023,6.4026],[3.4023,6.4049],[3.4046,6.4094],[3.4046,6.4116],[3.4068,6.4139],[3.4091,6.4161],[3.4113,6.4161],[3.4135,6.4184],[3.4158,6.4184],[3.418,6.4184],[3.4225,6.4206],[3.4248,6.4206],[3.427,6.4206],[3.4293,6.4206],[3.4293,6.4229],[3.4315,6.4229],[3.4338,6.4229],[3.4383,6.4206],[3.4405,6.4184],[3.4427,6.4184],[3.4472,6.4184],[3.4495,6.4184],[3.454,6.4184],[3.4562,6.4206],[3.4585,6.4206],[3.4607,6.4206],[3.4674,6.4184],[3.4719,6.4184],[3.4764,6.4184],[3.4809,6.4184],[3.4854,6.4184],[3.4922,6.4184],[3.4966,6.4206],[3.5011,6.4206],[3.5079,6.4184],[3.5169,6.4184],[3.5191,6.4184],[3.5236,6.4206],[3.5438,6.4206],[3.5505,6.4206],[3.5595,6.4206],[3.564,6.4206],[3.5708,6.4206],[3.5752,6.4206],[3.5887,6.4206],[3.5955,6.4206],[3.6022,6.4206],[3.6157,6.4206],[3.6269,6.4229],[3.6291,6.4229],[3.6314,6.4229],[3.6404,6.4229],[3.6628,6.4229],[3.6718,6.4229],[3.6785,6.4229],[3.6875,6.4229],[3.6965,6.4229],[3.7145,6.4251],[3.7212,6.4251],[3.7324,6.4274],[3.7369,6.4274],[3.7504,6.4296],[3.7594,6.4296],[3.7684,6.4318],[3.7706,6.4318],[3.7774,6.4318],[3.7796,6.4318],[3.7908,6.4341],[3.7976,6.4341],[3.8066,6.4363],[3.8133,6.4363],[3.82,6.4363],[3.8313,6.4363],[3.8358,6.4363],[3.8447,6.4363],[3.8537,6.4363],[3.8605,6.4363],[3.8717,6.4341],[3.8739,6.4341],[3.8852,6.4341],[3.8964,6.4341],[3.9099,6.4318],[3.9144,6.4318],[3.9256,6.4318],[3.9413,6.4296],[3.9458,6.4296],[3.9503,6.4296],[3.9548,6.4274],[3.9593,6.4274],[3.9705,6.4274],[3.9727,6.4274],[3.975,6.4251],[3.9907,6.4229],[3.9952,6.4229],[3.9974,6.4229],[4.0042,6.4206],[4.0109,6.4206],[4.0244,6.4184],[4.0356,6.4161],[4.0491,6.4139],[4.0536,6.4139],[4.0581,6.4139],[4.0603,6.4139],[4.0671,6.4116],[4.076,6.4116],[4.085,6.4071],[4.0918,6.4071],[4.103,6.4049],[4.1142,6.4026],[4.1187,6.4004],[4.121,6.4004],[4.1255,6.4004],[4.1322,6.4004],[4.1367,6.3982],[4.1479,6.3982],[4.1502,6.3959],[4.1524,6.3959],[4.1861,6.3892],[4.1928,6.3892],[4.1973,6.3869],[4.222,6.3847],[4.2422,6.3824],[4.2512,6.3802],[4.2602,6.3802],[4.2669,6.3779],[4.2692,6.3779],[4.2737,6.3779],[4.2782,6.3779],[4.2939,6.3779],[4.3051,6.3757],[4.3298,6.3735],[4.3433,6.3712],[4.35,6.3712],[4.35,6.3779],[4.35,6.3892],[4.35,6.4161],[4.35,6.4206],[4.35,6.4274],[4.35,6.4296],[4.3433,6.4363],[4.3366,6.4386],[4.3321,6.4386],[4.3231,6.4386],[4.3163,6.4386],[4.3096,6.4386],[4.3029,6.4386],[4.2984,6.4341],[4.2961,6.4341],[4.2871,6.4363],[4.2849,6.4363],[4.2782,6.4386],[4.2759,6.4386],[4.2759,6.4408],[4.2714,6.4431],[4.2647,6.4431],[4.2602,6.4431],[4.2535,6.4408],[4.2535,6.4386],[4.2535,6.4363],[4.2535,6.4341],[4.249,6.4341],[4.2445,6.4341],[4.2377,6.4386],[4.2288,6.4453],[4.2265,6.4453],[4.222,6.4498],[4.2198,6.4565],[4.2198,6.4588],[4.2175,6.4633],[4.213,6.4655],[4.2085,6.4633],[4.1996,6.4633],[4.1928,6.4633],[4.1838,6.4678],[4.1749,6.4723],[4.1659,6.4745],[4.1591,6.4813],[4.1569,6.4925],[4.1614,6.5015],[4.1749,6.5104],[4.1771,6.5127],[4.1794,6.5149],[4.1816,6.5172],[4.1861,6.5172],[4.1928,6.5194],[4.1951,6.5194],[4.2063,6.5262],[4.2108,6.5284],[4.222,6.5374],[4.2243,6.5441],[4.2265,6.5509],[4.2288,6.5576],[4.222,6.5643],[4.2198,6.5666],[4.2175,6.5733],[4.2153,6.5778],[4.2108,6.5823],[4.1996,6.589],[4.1996,6.5868],[4.1861,6.5846],[4.1794,6.5868],[4.1794,6.589],[4.1726,6.5913],[4.1659,6.5935],[4.1614,6.5913],[4.1591,6.5913],[4.1546,6.5868],[4.1502,6.5801],[4.1434,6.5756],[4.1389,6.5733],[4.1322,6.5711],[4.1299,6.5711],[4.1255,6.5688],[4.1165,6.5643],[4.1097,6.5576],[4.1097,6.5531],[4.1097,6.5464],[4.103,6.5464],[4.1007,6.5464],[4.094,6.5464],[4.094,6.5486],[4.0918,6.5554],[4.0918,6.5576],[4.0873,6.5599],[4.0805,6.5599],[4.0693,6.5643],[4.0603,6.589],[4.0558,6.6025],[4.0513,6.616],[4.0513,6.6182],[4.0581,6.6295],[4.0671,6.634],[4.0738,6.6362],[4.0805,6.6385],[4.085,6.6407],[4.0873,6.6452],[4.0963,6.6519],[4.0918,6.6609],[4.0895,6.6654],[4.0918,6.6676],[4.094,6.6699],[4.0918,6.6789],[4.0783,6.6789],[4.0738,6.6789],[4.0491,6.6811],[3.9705,6.6789],[3.9166,6.6811],[3.8155,6.6811],[3.7077,6.6834],[3.701,6.6834],[3.5955,6.6834],[3.463,6.6834],[3.4652,6.6744],[3.4652,6.6654],[3.4585,6.6654],[3.454,6.6721],[3.4472,6.6699],[3.445,6.6676],[3.445,6.6654],[3.4495,6.6587],[3.4517,6.6519],[3.4562,6.6429],[3.4472,6.6407],[3.4338,6.6385],[3.3776,6.6385],[3.3709,6.6385],[3.3709,6.6407],[3.3664,6.6429],[3.3552,6.6519],[3.3507,6.6587],[3.3439,6.6654],[3.3372,6.6676],[3.3327,6.6676],[3.3282,6.6676],[3.3215,6.6654],[3.317,6.6676],[3.3125,6.6699],[3.3102,6.6721],[3.308,6.6721],[3.2968,6.6766],[3.29,6.6789],[3.2878,6.6811],[3.2855,6.6811],[3.281,6.6834],[3.2788,6.6856],[3.2766,6.6856],[3.2698,6.6924],[3.2676,6.6946],[3.2653,6.6968],[3.2631,6.6968],[3.2608,6.6901],[3.2541,6.6811],[3.2451,6.6654],[3.2429,6.6609],[3.2384,6.6407],[3.2384,6.6317],[3.2406,6.6295],[3.2406,6.625],[3.2406,6.6182],[3.2406,6.616],[3.2339,6.6048],[3.2294,6.6003],[3.2159,6.5958],[3.2069,6.589],[3.2002,6.5801],[3.198,6.5756],[3.1957,6.5733],[3.1957,6.5711],[3.198,6.5666],[3.2024,6.5554],[3.2047,6.5464],[3.2047,6.5419],[3.2047,6.5396],[3.2047,6.5351],[3.2047,6.5329],[3.2047,6.5284],[3.2002,6.5284],[3.1912,6.5239],[3.189,6.5217],[3.1867,6.5194],[3.1822,6.5149],[3.18,6.5104],[3.1777,6.5082],[3.1755,6.5082],[3.1485,6.5037],[3.1194,6.5015],[3.1104,6.5015],[3.1081,6.5015],[3.1036,6.4992],[3.1014,6.4992],[3.0902,6.4992],[3.0789,6.4992],[3.0699,6.4992],[3.0632,6.4992],[3.0542,6.4992],[3.0497,6.4992],[3.043,6.4992],[3.0273,6.497],[3.0228,6.4992],[3.0205,6.4992],[3.016,6.4992],[3.0048,6.5015],[2.9801,6.5015],[2.9689,6.5015],[2.9464,6.5015],[2.9352,6.5015],[2.9307,6.5015],[2.9172,6.5037],[2.897,6.5015],[2.8925,6.5015],[2.8948,6.4992],[2.897,6.4947],[2.897,6.4925],[2.897,6.488],[2.8925,6.479],[2.8903,6.4768],[2.8791,6.47],[2.8746,6.47],[2.8678,6.4723],[2.8656,6.4723],[2.8588,6.4678],[2.8588,6.461],[2.8544,6.4543],[2.8544,6.4521],[2.8521,6.4498],[2.8431,6.4431],[2.8319,6.4431],[2.8274,6.4476],[2.8229,6.4521],[2.8184,6.4543],[2.8072,6.4588],[2.7982,6.461],[2.7937,6.4588],[2.7892,6.4565],[2.787,6.4543],[2.7847,6.4521],[2.7802,6.4521],[2.7645,6.4521],[2.7488,6.4498],[2.7443,6.4498],[2.7398,6.4543],[2.7353,6.4588],[2.7196,6.4588],[2.7129,6.4588],[2.7106,6.4521],[2.7106,6.4453],[2.7084,6.4431],[2.7084,6.4386],[2.7084,6.4318],[2.7061,6.4251],[2.7084,6.4184]]]}},{"type":"Feature","properties":{"id":"imo","name":"Imo"},"geometry":{"type":"Polygon","coordinates":[[[6.6519,5.4909],[6.7148,5.4886],[6.7193,5.4909],[6.7305,5.4931],[6.7328,5.4931],[6.7418,5.4931],[6.7507,5.4774],[6.7507,5.4639],[6.744,5.4594],[6.744,5.4482],[6.7485,5.4392],[6.7552,5.4302],[6.7597,5.4213],[6.762,5.41],[6.7597,5.401],[6.7575,5.3898],[6.7575,5.3763],[6.7597,5.3674],[6.7597,5.3539],[6.7575,5.3427],[6.7552,5.3224],[6.7665,5.309],[6.771,5.3],[6.7867,5.2843],[6.7934,5.2775],[6.8046,5.2685],[6.8181,5.2573],[6.8249,5.2551],[6.8271,5.2528],[6.8361,5.2506],[6.8496,5.2506],[6.8675,5.2438],[6.8765,5.2371],[6.881,5.2304],[6.8877,5.2259],[6.8922,5.2236],[6.8945,5.2236],[6.8967,5.2214],[6.9035,5.2191],[6.9169,5.2236],[6.9214,5.2236],[6.9304,5.2259],[6.9394,5.2281],[6.9596,5.2326],[6.9708,5.2371],[6.9753,5.2349],[6.9821,5.2349],[6.9865,5.2349],[6.9978,5.2393],[7.0045,5.2393],[7.0068,5.2416],[7.0202,5.2438],[7.0292,5.2461],[7.036,5.2483],[7.0404,5.2506],[7.0449,5.2483],[7.0539,5.2461],[7.0562,5.2438],[7.0629,5.2393],[7.0809,5.2304],[7.0831,5.2281],[7.0943,5.2259],[7.1078,5.2214],[7.1235,5.2169],[7.1348,5.2146],[7.1415,5.2146],[7.1617,5.2124],[7.1662,5.2124],[7.1752,5.2102],[7.1797,5.2079],[7.1819,5.2079],[7.1864,5.2057],[7.1887,5.2034],[7.1909,5.2034],[7.1932,5.2012],[7.1976,5.1989],[7.2111,5.1967],[7.2156,5.1967],[7.2179,5.1967],[7.2291,5.1944],[7.2313,5.1944],[7.2426,5.1967],[7.2515,5.2012],[7.2515,5.2057],[7.2605,5.2124],[7.265,5.2146],[7.265,5.2214],[7.2673,5.2281],[7.2673,5.2326],[7.2673,5.2371],[7.2673,5.2393],[7.2673,5.2416],[7.2695,5.2461],[7.274,5.2528],[7.2762,5.2551],[7.2762,5.2596],[7.2785,5.273],[7.2785,5.2753],[7.2785,5.2775],[7.283,5.2865],[7.2852,5.291],[7.2875,5.2955],[7.2897,5.3022],[7.292,5.3045],[7.292,5.3067],[7.292,5.3112],[7.292,5.3202],[7.292,5.3247],[7.292,5.3269],[7.2942,5.3292],[7.2942,5.3314],[7.301,5.3427],[7.3032,5.3471],[7.3032,5.3516],[7.3054,5.3584],[7.3077,5.3606],[7.3122,5.3606],[7.3144,5.3629],[7.3167,5.3674],[7.3212,5.3831],[7.3234,5.3876],[7.3234,5.3966],[7.3212,5.4055],[7.3234,5.4078],[7.3234,5.41],[7.3324,5.4235],[7.3346,5.4302],[7.3369,5.4325],[7.3391,5.4347],[7.3436,5.4392],[7.3481,5.4415],[7.3481,5.4437],[7.3504,5.4437],[7.3549,5.4437],[7.3571,5.446],[7.3593,5.4504],[7.3593,5.4527],[7.3616,5.4549],[7.3616,5.4594],[7.3638,5.4662],[7.3661,5.4684],[7.3706,5.4729],[7.3728,5.4752],[7.3751,5.4774],[7.3751,5.4796],[7.3773,5.4819],[7.384,5.5021],[7.3885,5.5111],[7.3908,5.5111],[7.393,5.5133],[7.3998,5.5223],[7.402,5.5246],[7.402,5.5268],[7.4043,5.5291],[7.4065,5.5335],[7.4065,5.5358],[7.4087,5.5425],[7.4087,5.5448],[7.4132,5.5582],[7.4177,5.5627],[7.4155,5.5717],[7.4155,5.574],[7.4155,5.5762],[7.4177,5.5785],[7.42,5.5785],[7.4222,5.5807],[7.4222,5.5829],[7.4267,5.5874],[7.4312,5.6054],[7.429,5.6166],[7.429,5.6234],[7.4267,5.6279],[7.4267,5.6324],[7.4222,5.6346],[7.42,5.6413],[7.4177,5.6481],[7.4177,5.6503],[7.4177,5.6526],[7.4177,5.6571],[7.4155,5.6616],[7.4155,5.6638],[7.411,5.6728],[7.4087,5.6773],[7.4043,5.6795],[7.402,5.6818],[7.3953,5.6863],[7.3908,5.6907],[7.3863,5.6975],[7.384,5.6997],[7.3818,5.7042],[7.3818,5.7065],[7.384,5.7087],[7.3863,5.7087],[7.3908,5.7065],[7.393,5.7087],[7.3975,5.7087],[7.3998,5.711],[7.3998,5.7132],[7.3998,5.7177],[7.3998,5.7199],[7.3998,5.7244],[7.3975,5.7289],[7.3953,5.7357],[7.3953,5.7446],[7.3953,5.7469],[7.3953,5.7536],[7.3953,5.7559],[7.3953,5.7604],[7.3953,5.7693],[7.3953,5.7761],[7.393,5.7896],[7.393,5.8188],[7.393,5.83],[7.393,5.8345],[7.3908,5.8412],[7.3885,5.8479],[7.3885,5.8502],[7.3863,5.8547],[7.3863,5.8592],[7.3863,5.8614],[7.3863,5.8637],[7.3863,5.8659],[7.3885,5.8704],[7.3885,5.8794],[7.3908,5.8861],[7.393,5.8906],[7.393,5.8929],[7.3953,5.8951],[7.3953,5.8996],[7.3975,5.9041],[7.3953,5.9086],[7.3953,5.9108],[7.393,5.9108],[7.3885,5.9131],[7.3818,5.9086],[7.3773,5.9063],[7.3728,5.9041],[7.3661,5.9041],[7.3638,5.9041],[7.3504,5.9063],[7.3414,5.9086],[7.3346,5.9108],[7.3279,5.9131],[7.2965,5.9153],[7.2942,5.9176],[7.2897,5.9176],[7.2852,5.9176],[7.274,5.9221],[7.2718,5.9243],[7.2695,5.9265],[7.2673,5.9288],[7.265,5.9333],[7.2628,5.9333],[7.2605,5.94],[7.2583,5.9355],[7.256,5.9355],[7.2538,5.9333],[7.2515,5.9333],[7.2493,5.931],[7.2448,5.931],[7.2403,5.931],[7.2381,5.931],[7.2358,5.9333],[7.2313,5.9333],[7.2291,5.9333],[7.2224,5.9333],[7.2201,5.931],[7.2179,5.931],[7.2156,5.931],[7.2111,5.9288],[7.2089,5.9265],[7.2021,5.9221],[7.1999,5.9176],[7.1954,5.9086],[7.1954,5.9041],[7.1932,5.9018],[7.1909,5.8996],[7.1887,5.8996],[7.1864,5.8996],[7.1819,5.9018],[7.1797,5.9041],[7.1774,5.9041],[7.1752,5.9063],[7.1729,5.9063],[7.164,5.9108],[7.1482,5.9176],[7.146,5.9176],[7.1437,5.9176],[7.1393,5.9198],[7.1325,5.9198],[7.1168,5.9221],[7.0988,5.9265],[7.0809,5.9288],[7.0629,5.931],[7.0607,5.931],[7.0562,5.931],[7.0539,5.9288],[7.0472,5.9265],[7.0404,5.9221],[7.0404,5.9198],[7.0382,5.9176],[7.036,5.9153],[7.0337,5.9153],[7.0315,5.9131],[7.0247,5.9108],[7.0202,5.9086],[7.0135,5.9086],[7.009,5.9086],[7.0023,5.9041],[6.9955,5.8974],[6.9821,5.8794],[6.9798,5.8749],[6.9753,5.8704],[6.9663,5.8614],[6.9574,5.8524],[6.9551,5.8502],[6.9551,5.8479],[6.9529,5.8457],[6.9529,5.8435],[6.9484,5.839],[6.9461,5.8367],[6.9439,5.8345],[6.9416,5.8345],[6.9326,5.83],[6.9237,5.8277],[6.9147,5.8232],[6.9012,5.8165],[6.8967,5.812],[6.8922,5.8098],[6.89,5.8053],[6.8855,5.7918],[6.8855,5.7873],[6.8832,5.7649],[6.8832,5.7536],[6.8832,5.7514],[6.8787,5.7446],[6.8765,5.7446],[6.8743,5.7446],[6.872,5.7446],[6.8675,5.7469],[6.8653,5.7469],[6.863,5.7491],[6.8608,5.7514],[6.8608,5.7536],[6.8585,5.7536],[6.8518,5.7626],[6.8496,5.7649],[6.8473,5.7649],[6.8428,5.7671],[6.8406,5.7693],[6.8383,5.7716],[6.8338,5.7738],[6.8316,5.7738],[6.8249,5.7783],[6.8249,5.7806],[6.8226,5.7828],[6.8204,5.7828],[6.8159,5.7851],[6.8136,5.7873],[6.8114,5.7873],[6.7979,5.7896],[6.7957,5.7896],[6.7912,5.7896],[6.7799,5.7896],[6.7665,5.7873],[6.762,5.7851],[6.7597,5.7851],[6.7552,5.7828],[6.7485,5.7806],[6.7463,5.7783],[6.744,5.7783],[6.7395,5.7761],[6.735,5.7716],[6.7238,5.7671],[6.7215,5.7649],[6.7148,5.7604],[6.7058,5.7559],[6.6879,5.7424],[6.6789,5.7334],[6.6744,5.7312],[6.6721,5.7267],[6.6676,5.7222],[6.6744,5.7199],[6.6699,5.6907],[6.6587,5.6256],[6.6385,5.4931],[6.6519,5.4909]]]}},{"type":"Feature","properties":{"id":"gombe","name":"Gombe"},"geometry":{"type":"Polygon","coordinates":[[[10.4765,10.6718],[10.4787,10.6673],[10.4944,10.6584],[10.5101,10.6516],[10.5169,10.6494],[10.5259,10.6404],[10.5326,10.6292],[10.5393,10.6157],[10.5461,10.6022],[10.5506,10.5887],[10.5528,10.5753],[10.5595,10.5618],[10.5663,10.5506],[10.5775,10.5371],[10.5887,10.5281],[10.6179,10.5079],[10.6381,10.5012],[10.6606,10.5012],[10.692,10.4967],[10.7055,10.4944],[10.728,10.4854],[10.7504,10.4832],[10.7662,10.4787],[10.7796,10.4697],[10.7886,10.4652],[10.8066,10.4562],[10.8201,10.4405],[10.8335,10.4181],[10.8358,10.4001],[10.8358,10.3956],[10.8335,10.3821],[10.8335,10.3642],[10.8335,10.3417],[10.829,10.317],[10.8268,10.2945],[10.8313,10.2811],[10.8448,10.2676],[10.8582,10.2362],[10.8515,10.2249],[10.8403,10.2159],[10.8358,10.2047],[10.8313,10.198],[10.8245,10.189],[10.8201,10.1823],[10.8178,10.1688],[10.8178,10.1576],[10.8178,10.1441],[10.8156,10.1284],[10.8111,10.1239],[10.8066,10.1149],[10.7976,10.1104],[10.7909,10.1104],[10.7796,10.1104],[10.7617,10.1126],[10.7504,10.1149],[10.719,10.1149],[10.701,10.1126],[10.692,10.0969],[10.6853,10.0812],[10.6898,10.0722],[10.6943,10.0655],[10.7145,10.052],[10.728,10.0408],[10.7392,10.034],[10.7504,10.0273],[10.7639,10.0206],[10.7751,10.0116],[10.7886,10.0071],[10.7953,10.0004],[10.8021,9.9914],[10.8111,9.9801],[10.8245,9.9689],[10.8403,9.9622],[10.8582,9.9554],[10.865,9.9509],[10.8762,9.9397],[10.9076,9.9195],[10.9278,9.9105],[10.9323,9.9015],[10.9391,9.8723],[10.9413,9.8499],[10.9436,9.8319],[10.9503,9.805],[10.9503,9.796],[10.9503,9.7848],[10.9481,9.7511],[10.9503,9.7376],[10.9503,9.7264],[10.9503,9.7151],[10.9503,9.7084],[10.9503,9.6949],[10.9526,9.6837],[10.957,9.659],[10.9615,9.6478],[10.966,9.6298],[10.9705,9.6096],[10.9728,9.6006],[10.975,9.5939],[10.9773,9.5737],[10.9795,9.5714],[10.984,9.5647],[10.993,9.5602],[11.0087,9.5512],[11.0199,9.549],[11.0267,9.549],[11.0356,9.549],[11.0626,9.5512],[11.0716,9.5512],[11.0985,9.5512],[11.1255,9.5512],[11.1389,9.5512],[11.1502,9.5512],[11.1614,9.5512],[11.1704,9.5534],[11.1816,9.5557],[11.1928,9.5579],[11.1996,9.5602],[11.2108,9.5647],[11.222,9.5692],[11.2265,9.5692],[11.2445,9.5624],[11.2557,9.5534],[11.2692,9.549],[11.2782,9.5467],[11.2939,9.549],[11.2984,9.549],[11.3209,9.549],[11.3388,9.549],[11.3456,9.549],[11.368,9.5467],[11.3748,9.5467],[11.3815,9.5467],[11.4062,9.5445],[11.4197,9.5467],[11.4287,9.549],[11.4331,9.5512],[11.4421,9.5602],[11.4421,9.5692],[11.4444,9.5759],[11.4534,9.5849],[11.4601,9.5939],[11.4691,9.5984],[11.4736,9.6006],[11.4848,9.6051],[11.5073,9.6073],[11.5275,9.6073],[11.5454,9.6051],[11.5634,9.6051],[11.5701,9.6073],[11.5791,9.6073],[11.5993,9.6096],[11.615,9.6163],[11.633,9.6253],[11.6442,9.632],[11.6555,9.6365],[11.66,9.6433],[11.6645,9.6478],[11.6712,9.6545],[11.6847,9.6635],[11.6892,9.6635],[11.6959,9.668],[11.7071,9.677],[11.7386,9.6994],[11.7453,9.7062],[11.7498,9.7084],[11.7565,9.7174],[11.7565,9.7196],[11.7588,9.7219],[11.7633,9.7264],[11.7678,9.7286],[11.7745,9.7331],[11.7857,9.7398],[11.797,9.7511],[11.8127,9.7601],[11.8284,9.769],[11.8351,9.7735],[11.8396,9.7758],[11.8509,9.787],[11.8576,9.7937],[11.8576,9.796],[11.8576,9.7982],[11.8553,9.814],[11.8531,9.8184],[11.8486,9.8274],[11.8396,9.8409],[11.8374,9.8544],[11.8351,9.8589],[11.8351,9.8679],[11.8396,9.8836],[11.8441,9.8903],[11.8464,9.897],[11.8509,9.9083],[11.8509,9.9105],[11.8553,9.9262],[11.8531,9.9532],[11.8531,9.9599],[11.8509,9.9667],[11.8509,9.9756],[11.8509,9.9801],[11.8509,9.9846],[11.8531,9.9959],[11.8553,10.0048],[11.8531,10.0093],[11.8486,10.0228],[11.8464,10.0273],[11.8441,10.0318],[11.8441,10.0363],[11.8441,10.0453],[11.8396,10.0453],[11.8329,10.0475],[11.8284,10.0542],[11.8217,10.0632],[11.8172,10.0677],[11.8104,10.0745],[11.8082,10.0857],[11.8059,10.0879],[11.7992,10.0947],[11.7745,10.1194],[11.761,10.1328],[11.7565,10.1418],[11.7498,10.1553],[11.7408,10.1643],[11.7228,10.1665],[11.6981,10.1665],[11.6824,10.1733],[11.6757,10.1733],[11.6622,10.1778],[11.6375,10.1867],[11.6173,10.1935],[11.5971,10.2025],[11.5859,10.2249],[11.5814,10.2451],[11.5724,10.2609],[11.5612,10.2743],[11.5477,10.2856],[11.5387,10.2945],[11.532,10.3013],[11.5342,10.3125],[11.5432,10.326],[11.5679,10.3395],[11.6016,10.3574],[11.624,10.3821],[11.6353,10.3956],[11.6353,10.4001],[11.6353,10.4091],[11.6353,10.4181],[11.6353,10.427],[11.6353,10.4383],[11.6353,10.4473],[11.6353,10.4652],[11.6375,10.472],[11.6375,10.4765],[11.6398,10.4899],[11.6398,10.5012],[11.6442,10.5101],[11.6465,10.5191],[11.651,10.5303],[11.6487,10.5438],[11.642,10.5528],[11.6398,10.5618],[11.6375,10.5708],[11.6398,10.5865],[11.6398,10.6],[11.6398,10.609],[11.633,10.609],[11.6285,10.609],[11.624,10.6067],[11.6128,10.6045],[11.6016,10.6022],[11.5926,10.5977],[11.5836,10.5932],[11.5724,10.5932],[11.5612,10.591],[11.5522,10.5887],[11.5477,10.5842],[11.5364,10.5753],[11.532,10.5708],[11.5275,10.5685],[11.523,10.5685],[11.5162,10.5708],[11.5117,10.5842],[11.5117,10.6],[11.5117,10.6022],[11.514,10.6067],[11.514,10.6112],[11.5162,10.6179],[11.5207,10.6404],[11.5252,10.6606],[11.523,10.6606],[11.5207,10.6673],[11.5162,10.6831],[11.514,10.6943],[11.5162,10.7033],[11.5162,10.7212],[11.5162,10.7325],[11.5207,10.7459],[11.523,10.7504],[11.5275,10.7572],[11.5275,10.7729],[11.5297,10.7909],[11.5297,10.7998],[11.5342,10.8133],[11.5364,10.829],[11.5387,10.8403],[11.5387,10.8515],[11.5364,10.8627],[11.5342,10.8672],[11.532,10.8717],[11.5297,10.8762],[11.5275,10.8807],[11.5275,10.8874],[11.5275,10.8919],[11.5297,10.8942],[11.532,10.9031],[11.532,10.9189],[11.532,10.9234],[11.532,10.9301],[11.5297,10.9323],[11.5297,10.9346],[11.5297,10.9391],[11.5275,10.9413],[11.5162,10.9615],[11.514,10.9683],[11.496,10.9907],[11.4893,10.9952],[11.4825,11.002],[11.4758,11.0154],[11.4713,11.0222],[11.4578,11.0356],[11.4511,11.0424],[11.4489,11.0469],[11.4444,11.0514],[11.4399,11.0536],[11.4287,11.0626],[11.4152,11.0761],[11.4129,11.0806],[11.4017,11.0873],[11.3995,11.0895],[11.3995,11.0918],[11.3927,11.0963],[11.386,11.1008],[11.3815,11.1075],[11.3792,11.1098],[11.368,11.1232],[11.3635,11.13],[11.35,11.1614],[11.3411,11.1794],[11.3411,11.1816],[11.3366,11.1906],[11.3276,11.2063],[11.3253,11.2131],[11.3209,11.2243],[11.3186,11.2265],[11.3141,11.2378],[11.3096,11.2445],[11.3029,11.249],[11.3006,11.2512],[11.2962,11.2535],[11.2917,11.2535],[11.2872,11.2535],[11.2759,11.2467],[11.2737,11.2445],[11.2692,11.2423],[11.2625,11.24],[11.2602,11.24],[11.2467,11.2423],[11.2423,11.2423],[11.2378,11.2423],[11.2333,11.2445],[11.231,11.2467],[11.2265,11.249],[11.2243,11.249],[11.2175,11.2535],[11.2108,11.258],[11.2063,11.2602],[11.2018,11.2602],[11.1973,11.2602],[11.1816,11.2647],[11.1704,11.267],[11.1592,11.2692],[11.1547,11.2692],[11.1502,11.2714],[11.1479,11.2737],[11.1412,11.2782],[11.1367,11.2804],[11.1322,11.2804],[11.121,11.2827],[11.1142,11.2872],[11.1075,11.2894],[11.0985,11.2962],[11.0918,11.3006],[11.0895,11.3029],[11.0806,11.3096],[11.0716,11.3119],[11.0626,11.3096],[11.0581,11.3096],[11.0559,11.3074],[11.0514,11.3074],[11.0424,11.3074],[11.0379,11.3074],[11.0334,11.3051],[11.0312,11.3029],[11.0289,11.2984],[11.0199,11.2984],[11.0132,11.2984],[11.0064,11.2962],[11.0222,11.2917],[11.0222,11.2849],[11.0199,11.2782],[11.0132,11.2647],[10.9997,11.2355],[10.984,11.2198],[10.9705,11.2018],[10.9526,11.1839],[10.9503,11.1816],[10.9368,11.1681],[10.9234,11.1592],[10.9054,11.1457],[10.8964,11.1322],[10.8739,11.1075],[10.8717,11.094],[10.8627,11.0806],[10.8515,11.0716],[10.8403,11.0716],[10.8313,11.0783],[10.8223,11.0873],[10.8088,11.1008],[10.8043,11.1053],[10.7931,11.1142],[10.7796,11.1187],[10.7684,11.1187],[10.7617,11.1165],[10.7325,11.0963],[10.7212,11.0873],[10.7123,11.0783],[10.701,11.0626],[10.6876,11.0401],[10.6786,11.0312],[10.6696,11.0199],[10.6584,11.0177],[10.6471,11.0177],[10.6404,11.0132],[10.6314,11.0042],[10.6179,10.9952],[10.6112,10.984],[10.6022,10.9615],[10.6157,10.9256],[10.6292,10.9144],[10.6381,10.8964],[10.6449,10.8784],[10.6426,10.8605],[10.6292,10.856],[10.6179,10.8582],[10.6112,10.8672],[10.6067,10.8762],[10.6,10.8852],[10.5932,10.8897],[10.5887,10.8919],[10.5865,10.8919],[10.5798,10.8897],[10.5753,10.8852],[10.5708,10.8717],[10.5685,10.8582],[10.564,10.8425],[10.5595,10.829],[10.5528,10.8066],[10.5506,10.7931],[10.5438,10.7819],[10.5348,10.7706],[10.5259,10.7639],[10.5236,10.7617],[10.5101,10.7392],[10.4967,10.7167],[10.4809,10.692],[10.4742,10.6786],[10.4765,10.6718]]]}},{"type":"Feature","properties":{"id":"osun","name":"Osun"},"geometry":{"type":"Polygon","coordinates":[[[4.0693,7.667],[4.0805,7.6446],[4.0895,7.6311],[4.094,7.6221],[4.1097,7.6131],[4.121,7.6109],[4.1389,7.5996],[4.1457,7.5862],[4.1434,7.5817],[4.1434,7.5794],[4.1479,7.5704],[4.1546,7.5682],[4.1546,7.566],[4.1524,7.557],[4.1524,7.548],[4.1546,7.539],[4.1569,7.5345],[4.1636,7.5143],[4.1659,7.5053],[4.1636,7.4941],[4.1569,7.4784],[4.1524,7.4626],[4.1479,7.4582],[4.1457,7.4492],[4.1412,7.4402],[4.1389,7.4222],[4.1344,7.4065],[4.1344,7.3885],[4.1344,7.3728],[4.1344,7.3683],[4.1344,7.3638],[4.1389,7.3526],[4.1367,7.3301],[4.1322,7.3122],[4.1299,7.3099],[4.1299,7.3054],[4.1299,7.2942],[4.1299,7.283],[4.1299,7.2762],[4.1255,7.265],[4.1255,7.2583],[4.112,7.2515],[4.1075,7.2448],[4.1007,7.2313],[4.0963,7.2313],[4.094,7.2291],[4.0918,7.2224],[4.0895,7.2179],[4.0873,7.2111],[4.0805,7.1999],[4.0805,7.1954],[4.0783,7.1909],[4.0783,7.1864],[4.0783,7.1819],[4.0783,7.1774],[4.0738,7.1707],[4.0716,7.1685],[4.0716,7.1617],[4.076,7.1595],[4.0805,7.1572],[4.0828,7.155],[4.085,7.1505],[4.0828,7.1482],[4.0805,7.1505],[4.076,7.1505],[4.0716,7.146],[4.0716,7.1415],[4.0716,7.1393],[4.0738,7.1348],[4.076,7.1348],[4.0783,7.1393],[4.0805,7.1393],[4.085,7.1393],[4.0873,7.137],[4.0873,7.1325],[4.0963,7.137],[4.1165,7.146],[4.1389,7.1572],[4.1569,7.164],[4.1614,7.1707],[4.1681,7.1752],[4.1704,7.1707],[4.1726,7.1617],[4.1726,7.1572],[4.1771,7.1348],[4.1838,7.1123],[4.1861,7.0854],[4.1906,7.0696],[4.1951,7.0539],[4.1973,7.0494],[4.2018,7.0472],[4.2041,7.0449],[4.2063,7.0449],[4.2108,7.0449],[4.213,7.0449],[4.2198,7.0472],[4.2332,7.0584],[4.2355,7.0607],[4.2445,7.0674],[4.2467,7.0719],[4.2512,7.0741],[4.2557,7.0786],[4.2624,7.0831],[4.2692,7.0876],[4.2759,7.0899],[4.2849,7.0921],[4.2871,7.0921],[4.2984,7.0899],[4.3119,7.0831],[4.3163,7.0809],[4.3343,7.0719],[4.341,7.0674],[4.3478,7.0674],[4.3523,7.0651],[4.3568,7.0629],[4.3657,7.0607],[4.368,7.0584],[4.3702,7.0562],[4.3702,7.0517],[4.3702,7.036],[4.3702,7.0315],[4.377,7.0292],[4.3792,7.027],[4.377,7.0225],[4.3702,7.018],[4.3702,7.0135],[4.3725,7.0112],[4.3747,6.9978],[4.377,6.9955],[4.3837,6.991],[4.3905,6.9798],[4.3994,6.9798],[4.4107,6.9865],[4.4174,6.9933],[4.4241,7.0023],[4.4376,7.0045],[4.4533,7.0],[4.4623,6.9933],[4.4803,6.991],[4.4893,6.991],[4.496,7.0023],[4.5095,7.0135],[4.5162,7.0225],[4.523,7.0247],[4.5342,7.0247],[4.5432,7.0202],[4.5589,7.0225],[4.5769,7.0225],[4.5926,7.0292],[4.6038,7.0315],[4.6105,7.0315],[4.6105,7.036],[4.6105,7.0382],[4.6128,7.0449],[4.6128,7.0584],[4.615,7.0741],[4.615,7.0809],[4.6173,7.0854],[4.6195,7.0899],[4.6263,7.1033],[4.6307,7.1078],[4.6352,7.1123],[4.6487,7.1213],[4.6555,7.128],[4.6667,7.1348],[4.6734,7.1415],[4.6757,7.1437],[4.6712,7.1482],[4.6712,7.1527],[4.6689,7.1595],[4.6689,7.1617],[4.6712,7.1662],[4.6846,7.1685],[4.6914,7.1662],[4.6981,7.1617],[4.7026,7.1617],[4.7071,7.1617],[4.7093,7.164],[4.7116,7.1685],[4.7161,7.1729],[4.7183,7.1797],[4.7183,7.1864],[4.7206,7.1954],[4.7273,7.1976],[4.7363,7.2066],[4.743,7.2156],[4.7475,7.2224],[4.7498,7.2313],[4.7498,7.2381],[4.752,7.2515],[4.7543,7.256],[4.7565,7.2605],[4.7565,7.265],[4.7588,7.2762],[4.7588,7.283],[4.7588,7.2875],[4.7565,7.3032],[4.761,7.3077],[4.7655,7.3212],[4.7655,7.3234],[4.7677,7.3279],[4.7677,7.3369],[4.7677,7.3436],[4.77,7.3481],[4.7722,7.3504],[4.779,7.3571],[4.788,7.3616],[4.7969,7.3638],[4.8014,7.3683],[4.8059,7.3706],[4.8149,7.3728],[4.8216,7.3728],[4.8351,7.3751],[4.8418,7.3751],[4.8486,7.3751],[4.8531,7.3773],[4.8598,7.3773],[4.8755,7.3796],[4.8778,7.3796],[4.889,7.3773],[4.8957,7.3751],[4.9025,7.3751],[4.9092,7.3728],[4.9294,7.3728],[4.9362,7.3706],[4.9429,7.3706],[4.9519,7.3728],[4.9654,7.3728],[4.9743,7.3751],[4.9856,7.3773],[4.9901,7.3773],[4.9923,7.3796],[5.0035,7.3885],[5.0058,7.393],[5.0058,7.3998],[5.0058,7.4065],[5.0058,7.411],[5.0058,7.4132],[4.9968,7.4155],[4.9878,7.42],[4.9856,7.4267],[4.9766,7.4335],[4.9676,7.4379],[4.9519,7.4469],[4.9474,7.4537],[4.9384,7.4784],[4.9249,7.5053],[4.9205,7.5165],[4.9182,7.53],[4.9092,7.5547],[4.907,7.5637],[4.9025,7.5772],[4.8935,7.5929],[4.8868,7.6041],[4.8823,7.6109],[4.8688,7.6154],[4.8643,7.6221],[4.8733,7.6513],[4.88,7.667],[4.889,7.6917],[4.8913,7.7097],[4.8913,7.7142],[4.8913,7.7187],[4.8935,7.7299],[4.8957,7.7344],[4.9025,7.7501],[4.9092,7.7658],[4.9137,7.7838],[4.916,7.7905],[4.916,7.795],[4.916,7.8107],[4.916,7.822],[4.9092,7.8287],[4.9092,7.8422],[4.9115,7.8512],[4.9137,7.8512],[4.9227,7.8624],[4.9249,7.8691],[4.9249,7.8736],[4.9272,7.8804],[4.9317,7.8848],[4.9362,7.8893],[4.9407,7.8983],[4.9429,7.9006],[4.9496,7.9028],[4.9676,7.9163],[4.9788,7.923],[4.9901,7.932],[4.9968,7.9387],[5.0013,7.9455],[5.008,7.95],[5.017,7.9545],[5.0305,7.9769],[5.0327,7.9814],[5.0327,7.9904],[5.0327,7.9971],[5.035,8.0061],[5.0395,8.0106],[5.053,8.0241],[5.0574,8.0308],[5.0574,8.0398],[5.0552,8.0488],[5.053,8.0578],[5.0507,8.0645],[5.044,8.069],[5.0395,8.0712],[5.0372,8.0712],[5.0327,8.069],[5.0215,8.06],[5.0148,8.0555],[5.0103,8.051],[5.0058,8.0443],[5.0013,8.0331],[4.9968,8.0331],[4.9878,8.0331],[4.9743,8.0173],[4.9699,8.0173],[4.9676,8.0196],[4.9699,8.0241],[4.9699,8.0331],[4.9676,8.0465],[4.9609,8.0533],[4.9496,8.0555],[4.9452,8.06],[4.9384,8.069],[4.9272,8.0802],[4.9137,8.0847],[4.8957,8.0892],[4.8868,8.0915],[4.8778,8.0915],[4.8621,8.0937],[4.8531,8.0959],[4.8508,8.0915],[4.8553,8.087],[4.8576,8.0802],[4.8576,8.0735],[4.8531,8.069],[4.8441,8.0623],[4.8306,8.0555],[4.8194,8.0533],[4.8127,8.06],[4.8059,8.0645],[4.7992,8.0645],[4.7857,8.069],[4.779,8.069],[4.7745,8.069],[4.7655,8.069],[4.7543,8.0645],[4.7453,8.0645],[4.7363,8.0645],[4.7206,8.0645],[4.7116,8.06],[4.7049,8.051],[4.7049,8.0488],[4.7004,8.0488],[4.6959,8.0533],[4.6914,8.0555],[4.6869,8.0578],[4.6824,8.0555],[4.6757,8.0488],[4.6734,8.0465],[4.6644,8.0443],[4.6599,8.0465],[4.6532,8.051],[4.6487,8.0533],[4.642,8.0533],[4.6375,8.0533],[4.633,8.0578],[4.633,8.0623],[4.6352,8.069],[4.633,8.0712],[4.6285,8.0735],[4.6218,8.0757],[4.6128,8.0735],[4.6038,8.069],[4.5903,8.0623],[4.5791,8.0578],[4.5701,8.0555],[4.5611,8.0533],[4.5589,8.0488],[4.5611,8.0421],[4.5634,8.0331],[4.5634,8.0241],[4.5634,8.0196],[4.5634,8.0084],[4.5566,7.9814],[4.5499,7.9702],[4.5432,7.9657],[4.5297,7.959],[4.5252,7.9567],[4.523,7.9567],[4.5117,7.9545],[4.5072,7.9522],[4.5005,7.9477],[4.496,7.9432],[4.4825,7.941],[4.4691,7.9432],[4.4578,7.941],[4.4488,7.9387],[4.4421,7.9298],[4.4399,7.9163],[4.4399,7.9073],[4.4354,7.8961],[4.4331,7.8916],[4.4286,7.8893],[4.4219,7.8893],[4.4174,7.8893],[4.4152,7.8938],[4.4084,7.8983],[4.4017,7.8983],[4.3972,7.8961],[4.3949,7.8916],[4.3949,7.8848],[4.386,7.8691],[4.3815,7.8601],[4.377,7.8534],[4.3747,7.8512],[4.3702,7.8489],[4.368,7.8489],[4.3657,7.8512],[4.3657,7.8579],[4.3635,7.8714],[4.3613,7.8826],[4.3523,7.8961],[4.3478,7.9051],[4.3388,7.9163],[4.3343,7.923],[4.3276,7.9343],[4.3163,7.9432],[4.3074,7.9455],[4.2961,7.9545],[4.2939,7.9567],[4.2849,7.9657],[4.2759,7.9702],[4.2647,7.9702],[4.2512,7.9657],[4.2355,7.9567],[4.2355,7.95],[4.2355,7.9432],[4.2332,7.932],[4.231,7.9275],[4.2153,7.9208],[4.2085,7.9185],[4.1973,7.9163],[4.1906,7.9096],[4.1928,7.9006],[4.1973,7.8893],[4.2018,7.8781],[4.2018,7.8691],[4.1973,7.8646],[4.1861,7.8646],[4.1749,7.8601],[4.1636,7.8557],[4.1479,7.8489],[4.1299,7.8489],[4.1165,7.8489],[4.1097,7.8557],[4.0985,7.8646],[4.0895,7.8669],[4.0918,7.8512],[4.076,7.8242],[4.0716,7.8085],[4.0716,7.8018],[4.0693,7.7838],[4.0693,7.7703],[4.0716,7.7591],[4.0671,7.7546],[4.0603,7.7546],[4.0626,7.7479],[4.0693,7.7411],[4.0738,7.7299],[4.0783,7.7074],[4.076,7.6895],[4.0738,7.6805],[4.0581,7.6805],[4.0536,7.676],[4.0693,7.667]]]}},{"type":"Feature","properties":{"id":"fct","name":"Federal Capital Territory"},"geometry":{"type":"Polygon","coordinates":[[[6.8271,8.4575],[6.9843,8.4598],[6.991,8.4598],[7.0247,8.462],[7.0562,8.462],[7.0831,8.4643],[7.1168,8.4665],[7.164,8.4732],[7.2111,8.48],[7.2718,8.4934],[7.3122,8.5002],[7.3414,8.5114],[7.3683,8.5294],[7.3885,8.5451],[7.4177,8.5698],[7.4424,8.5923],[7.4784,8.6304],[7.4941,8.6507],[7.4963,8.6551],[7.5031,8.6686],[7.5412,8.7405],[7.566,8.7854],[7.5907,8.8348],[7.5951,8.8573],[7.5929,8.9246],[7.5884,9.129],[7.6041,9.1604],[7.667,9.3042],[7.7299,9.3311],[7.6715,9.412],[7.5907,9.4322],[7.5098,9.3603],[7.4963,9.3626],[7.4761,9.3715],[7.4626,9.3693],[7.4447,9.3693],[7.4177,9.367],[7.3975,9.3581],[7.393,9.3536],[7.3885,9.3491],[7.2493,9.1559],[7.2336,9.1335],[7.2201,9.1133],[7.1685,9.1537],[7.0292,9.257],[7.0157,9.2682],[6.7889,9.2705],[6.7867,9.1559],[6.7844,8.992],[6.7777,8.4575],[6.8271,8.4575]]]}},{"type":"Feature","properties":{"id":"enugu","name":"Enugu"},"geometry":{"type":"Polygon","coordinates":[[[6.9439,6.7058],[6.9574,6.7103],[6.9821,6.7126],[6.991,6.7126],[7.0068,6.7081],[7.0157,6.7058],[7.0315,6.6968],[7.0472,6.6879],[7.0517,6.6834],[7.0607,6.6834],[7.0696,6.6856],[7.0899,6.6766],[7.1011,6.6766],[7.128,6.6587],[7.1325,6.6519],[7.1325,6.6429],[7.128,6.6362],[7.1258,6.625],[7.1168,6.616],[7.1146,6.6025],[7.1101,6.5935],[7.0921,6.5756],[7.0876,6.5688],[7.0831,6.5621],[7.0786,6.5576],[7.0629,6.5554],[7.0562,6.5464],[7.0494,6.5284],[7.0472,6.5127],[7.0472,6.5015],[7.0494,6.4857],[7.0494,6.4745],[7.0449,6.4723],[7.036,6.4745],[7.0337,6.4678],[7.0337,6.4565],[7.0292,6.4476],[7.027,6.4431],[7.0382,6.4408],[7.0651,6.4363],[7.0899,6.4296],[7.0966,6.4229],[7.1146,6.4004],[7.128,6.3869],[7.1348,6.3735],[7.1415,6.36],[7.1505,6.3353],[7.155,6.3218],[7.1595,6.3151],[7.1617,6.3038],[7.1595,6.3038],[7.1505,6.2971],[7.1415,6.2881],[7.146,6.2746],[7.1482,6.2634],[7.146,6.2522],[7.146,6.2454],[7.1482,6.2432],[7.1505,6.232],[7.1572,6.2297],[7.1729,6.2342],[7.1887,6.2387],[7.1999,6.2342],[7.2044,6.2185],[7.2044,6.2095],[7.2089,6.2028],[7.2179,6.196],[7.2246,6.1915],[7.2246,6.1781],[7.2224,6.1579],[7.2246,6.1421],[7.2291,6.1287],[7.2403,6.1152],[7.2493,6.1085],[7.2538,6.104],[7.2605,6.0882],[7.2628,6.0703],[7.2695,6.0613],[7.274,6.0568],[7.2897,6.0478],[7.301,6.0456],[7.3099,6.0456],[7.3279,6.0433],[7.3391,6.0411],[7.3616,6.0411],[7.3773,6.0411],[7.384,6.0366],[7.3863,6.0366],[7.3953,6.0254],[7.4043,6.0119],[7.4155,6.0052],[7.4312,6.0052],[7.4514,6.0141],[7.4626,6.0141],[7.4761,6.0119],[7.4941,6.0164],[7.5098,6.0209],[7.521,6.0209],[7.5323,6.0119],[7.548,5.9939],[7.5592,5.9849],[7.5727,5.9692],[7.5884,5.9625],[7.6356,5.9423],[7.6648,5.931],[7.6782,5.9288],[7.6917,5.9243],[7.7052,5.9288],[7.7142,5.9468],[7.7119,5.9715],[7.6962,5.9894],[7.676,6.0096],[7.667,6.0299],[7.6648,6.0501],[7.6693,6.0613],[7.6693,6.0635],[7.6872,6.0703],[7.6985,6.0748],[7.7142,6.0838],[7.7254,6.1152],[7.7389,6.1713],[7.7366,6.2028],[7.7321,6.2275],[7.7254,6.2432],[7.7209,6.2499],[7.7097,6.2769],[7.7074,6.2993],[7.7209,6.3308],[7.7389,6.3532],[7.7523,6.3847],[7.7501,6.4229],[7.7501,6.4476],[7.7479,6.4723],[7.7299,6.5599],[7.7164,6.5846],[7.7029,6.607],[7.7007,6.6115],[7.6985,6.6317],[7.7052,6.6362],[7.7232,6.634],[7.7479,6.634],[7.7748,6.634],[7.8018,6.6317],[7.8062,6.634],[7.804,6.6407],[7.8107,6.6497],[7.8152,6.6587],[7.822,6.6744],[7.831,6.6901],[7.8422,6.7148],[7.8557,6.7418],[7.8781,6.7597],[7.8893,6.7665],[7.9028,6.7822],[7.9006,6.7867],[7.8893,6.7844],[7.8871,6.7889],[7.8871,6.7934],[7.8871,6.8046],[7.8893,6.8226],[7.8893,6.8428],[7.8871,6.854],[7.8826,6.8585],[7.8759,6.863],[7.8736,6.8698],[7.8646,6.881],[7.8557,6.881],[7.8354,6.881],[7.8175,6.8787],[7.7995,6.872],[7.786,6.872],[7.7771,6.8765],[7.7636,6.881],[7.7501,6.8787],[7.7344,6.863],[7.7209,6.863],[7.6917,6.8518],[7.6737,6.8563],[7.658,6.8675],[7.6468,6.8855],[7.6356,6.9035],[7.6198,6.9192],[7.5996,6.9259],[7.5772,6.9326],[7.5704,6.9394],[7.5637,6.9529],[7.5592,6.9708],[7.557,6.9776],[7.5525,6.9843],[7.5502,6.991],[7.5412,7.009],[7.539,7.0202],[7.53,7.0315],[7.5255,7.036],[7.5165,7.0494],[7.5031,7.0696],[7.4918,7.0741],[7.4784,7.0899],[7.4694,7.0988],[7.4559,7.1033],[7.4447,7.0966],[7.429,7.0899],[7.4155,7.0899],[7.3975,7.0899],[7.3885,7.0831],[7.3885,7.0651],[7.384,7.0517],[7.3706,7.0404],[7.3661,7.0404],[7.3549,7.0337],[7.3279,7.0247],[7.3122,7.0045],[7.3099,7.0045],[7.2942,6.9933],[7.2583,6.9798],[7.2403,6.9708],[7.2381,6.9574],[7.2381,6.9416],[7.2426,6.9282],[7.2358,6.9102],[7.2201,6.9057],[7.2089,6.9035],[7.1887,6.9012],[7.1752,6.8967],[7.1707,6.8832],[7.1572,6.8832],[7.1527,6.8765],[7.146,6.8653],[7.1348,6.854],[7.119,6.8473],[7.1123,6.8383],[7.1011,6.8293],[7.0921,6.8204],[7.0809,6.8001],[7.0741,6.7979],[7.0607,6.7957],[7.0562,6.7867],[7.0427,6.7822],[7.0292,6.7844],[7.0202,6.7889],[7.0045,6.7844],[6.991,6.7844],[6.9865,6.7889],[6.9843,6.7979],[6.9865,6.8136],[6.991,6.8226],[6.991,6.8338],[6.9865,6.8451],[6.9776,6.8496],[6.9641,6.8451],[6.9618,6.8406],[6.9529,6.8271],[6.9529,6.8091],[6.9484,6.7889],[6.9394,6.7732],[6.9326,6.7687],[6.9326,6.735],[6.9326,6.7215],[6.9326,6.7103],[6.9326,6.6991],[6.9439,6.7058]]]}},{"type":"Feature","properties":{"id":"bauchi","name":"Bauchi"},"geometry":{"type":"Polygon","coordinates":[[[8.7337,10.436],[8.7405,10.4293],[8.7472,10.427],[8.754,10.427],[8.7629,10.4248],[8.7719,10.4248],[8.7832,10.4226],[8.7966,10.4158],[8.8056,10.4091],[8.8123,10.4023],[8.8168,10.3956],[8.8213,10.3911],[8.8236,10.3844],[8.8281,10.3799],[8.8505,10.3709],[8.8595,10.3664],[8.8707,10.3574],[8.8865,10.3574],[8.8932,10.3574],[8.8977,10.3574],[8.9134,10.3552],[8.9269,10.3529],[8.9291,10.3529],[8.9359,10.3484],[8.9381,10.3417],[8.9426,10.3327],[8.9538,10.3125],[8.9538,10.308],[8.9538,10.2901],[8.9448,10.2788],[8.9381,10.2743],[8.9359,10.2676],[8.9359,10.2586],[8.9314,10.2429],[8.9291,10.2294],[8.9291,10.2182],[8.9314,10.2159],[8.9381,10.2092],[8.9516,10.2025],[8.9651,10.1957],[8.974,10.189],[8.9785,10.18],[8.9763,10.162],[8.974,10.1553],[8.9718,10.1508],[8.9718,10.1463],[8.9718,10.1441],[8.974,10.1373],[8.9718,10.1284],[8.9695,10.1104],[8.9673,10.1037],[8.9673,10.0947],[8.9628,10.079],[8.9628,10.07],[8.9606,10.061],[8.9606,10.052],[8.9583,10.0453],[8.9583,10.0363],[8.9561,10.034],[8.9538,10.0273],[8.9561,10.0228],[8.9673,10.0183],[8.9785,10.0116],[8.983,10.0116],[8.9853,10.0093],[8.992,10.0093],[8.9987,10.0093],[9.0145,10.0138],[9.0302,10.0138],[9.0414,10.0161],[9.0481,10.0161],[9.0594,10.0183],[9.0639,10.0206],[9.0751,10.0228],[9.0863,10.0251],[9.1155,10.0363],[9.1245,10.0385],[9.1357,10.043],[9.1425,10.043],[9.1447,10.043],[9.1492,10.0408],[9.1604,10.043],[9.1627,10.0453],[9.1762,10.0475],[9.1896,10.0475],[9.2031,10.0475],[9.2166,10.0453],[9.2211,10.0453],[9.239,10.034],[9.248,10.0318],[9.2503,10.0251],[9.2548,10.0161],[9.2593,10.0071],[9.2637,9.9914],[9.2637,9.9891],[9.2637,9.9801],[9.266,9.9779],[9.2682,9.9689],[9.2705,9.9622],[9.275,9.9577],[9.2795,9.9532],[9.284,9.9307],[9.2907,9.9083],[9.2907,9.9015],[9.2907,9.8903],[9.2862,9.8791],[9.2795,9.8723],[9.2772,9.8701],[9.275,9.8589],[9.2727,9.8499],[9.2705,9.8431],[9.2682,9.8364],[9.266,9.8297],[9.2615,9.8184],[9.2525,9.8095],[9.2301,9.7915],[9.2188,9.7848],[9.2121,9.7825],[9.1851,9.769],[9.1739,9.7645],[9.1694,9.7623],[9.1604,9.7578],[9.1559,9.7556],[9.1515,9.7511],[9.1515,9.7488],[9.1515,9.7443],[9.1604,9.7398],[9.1694,9.7331],[9.1739,9.7309],[9.1829,9.7241],[9.1986,9.7084],[9.2031,9.7039],[9.2098,9.7017],[9.2368,9.6927],[9.2435,9.6972],[9.248,9.6972],[9.2503,9.7017],[9.2615,9.7129],[9.2705,9.7174],[9.2727,9.7151],[9.2795,9.7084],[9.2884,9.6927],[9.2907,9.6837],[9.2952,9.6725],[9.2907,9.6612],[9.2884,9.6523],[9.284,9.6433],[9.284,9.6365],[9.2952,9.6253],[9.3042,9.6208],[9.3131,9.6231],[9.3199,9.6186],[9.3199,9.6118],[9.3244,9.6006],[9.3266,9.5961],[9.3311,9.5916],[9.3334,9.5871],[9.3356,9.5781],[9.3401,9.5759],[9.3513,9.5714],[9.3558,9.5714],[9.3581,9.5714],[9.3626,9.5669],[9.3648,9.5624],[9.3693,9.5602],[9.3895,9.5512],[9.394,9.5467],[9.3985,9.5377],[9.3985,9.531],[9.403,9.513],[9.4052,9.5085],[9.4075,9.504],[9.4232,9.4995],[9.4367,9.4973],[9.4456,9.4995],[9.4614,9.5018],[9.4726,9.5085],[9.4771,9.5085],[9.4816,9.5153],[9.4838,9.5198],[9.4928,9.5287],[9.5085,9.54],[9.5175,9.5377],[9.5243,9.5287],[9.5287,9.522],[9.531,9.5153],[9.5422,9.5085],[9.5512,9.504],[9.5647,9.5063],[9.5737,9.5085],[9.6073,9.5153],[9.6118,9.5153],[9.6208,9.5175],[9.632,9.5198],[9.6455,9.5243],[9.6567,9.522],[9.659,9.5175],[9.6702,9.5175],[9.6859,9.5198],[9.6949,9.522],[9.7039,9.5265],[9.7129,9.5287],[9.7331,9.5332],[9.7421,9.5355],[9.7466,9.5377],[9.7578,9.5445],[9.778,9.5512],[9.7825,9.5557],[9.7848,9.5579],[9.7937,9.5669],[9.8095,9.5871],[9.8162,9.5939],[9.8544,9.6073],[9.8813,9.6073],[9.906,9.6118],[9.915,9.6118],[9.942,9.6096],[9.9622,9.6118],[9.9801,9.6231],[9.9914,9.6388],[9.9914,9.6455],[9.9846,9.6635],[9.9756,9.6904],[9.9712,9.7084],[9.9622,9.7264],[9.9622,9.7466],[9.9622,9.7556],[9.9667,9.7713],[9.9667,9.7735],[9.9846,9.769],[9.9936,9.769],[10.0026,9.7668],[10.0048,9.7668],[10.0093,9.769],[10.0161,9.7668],[10.0228,9.7668],[10.0453,9.7601],[10.061,9.7578],[10.0969,9.7421],[10.1126,9.7331],[10.1284,9.7241],[10.1306,9.7219],[10.1373,9.7084],[10.1441,9.6927],[10.1598,9.6567],[10.162,9.6523],[10.1665,9.65],[10.1845,9.6523],[10.1867,9.6545],[10.1957,9.6567],[10.2115,9.659],[10.2294,9.6612],[10.2451,9.6657],[10.2586,9.668],[10.2631,9.668],[10.2766,9.6657],[10.2811,9.6635],[10.2923,9.6567],[10.2968,9.6523],[10.3125,9.6433],[10.326,9.641],[10.3395,9.6298],[10.3529,9.6163],[10.3619,9.6096],[10.3731,9.6029],[10.3821,9.5984],[10.3934,9.5939],[10.4293,9.5804],[10.4495,9.5714],[10.4652,9.5602],[10.4787,9.5579],[10.4832,9.5557],[10.4899,9.5534],[10.4922,9.5422],[10.4989,9.5287],[10.5034,9.5265],[10.5079,9.522],[10.5101,9.5153],[10.5124,9.5108],[10.5169,9.5108],[10.5214,9.5175],[10.5371,9.5265],[10.5416,9.5332],[10.5483,9.5377],[10.5528,9.5422],[10.5685,9.5534],[10.5798,9.5602],[10.5887,9.5647],[10.6022,9.5624],[10.609,9.5624],[10.6247,9.5557],[10.6561,9.5445],[10.6718,9.54],[10.6786,9.54],[10.6853,9.5422],[10.7055,9.5512],[10.71,9.5557],[10.7167,9.5602],[10.7235,9.5624],[10.7302,9.5647],[10.7437,9.5804],[10.7504,9.5849],[10.7572,9.5916],[10.7617,9.5984],[10.7706,9.6051],[10.7796,9.6096],[10.7841,9.6118],[10.7998,9.6141],[10.8201,9.6163],[10.838,9.6186],[10.856,9.6186],[10.8762,9.6163],[10.8874,9.6163],[10.9009,9.6118],[10.9054,9.6073],[10.9144,9.6051],[10.9256,9.6006],[10.9323,9.5984],[10.9458,9.5939],[10.9728,9.5916],[10.975,9.5939],[10.9728,9.6006],[10.9705,9.6096],[10.966,9.6298],[10.9615,9.6478],[10.957,9.659],[10.9526,9.6837],[10.9503,9.6949],[10.9503,9.7084],[10.9503,9.7151],[10.9503,9.7264],[10.9503,9.7376],[10.9481,9.7511],[10.9503,9.7848],[10.9503,9.796],[10.9503,9.805],[10.9436,9.8319],[10.9413,9.8499],[10.9391,9.8723],[10.9323,9.9015],[10.9278,9.9105],[10.9076,9.9195],[10.8762,9.9397],[10.865,9.9509],[10.8582,9.9554],[10.8403,9.9622],[10.8245,9.9689],[10.8111,9.9801],[10.8021,9.9914],[10.7953,10.0004],[10.7886,10.0071],[10.7751,10.0116],[10.7639,10.0206],[10.7504,10.0273],[10.7392,10.034],[10.728,10.0408],[10.7145,10.052],[10.6943,10.0655],[10.6898,10.0722],[10.6853,10.0812],[10.692,10.0969],[10.701,10.1126],[10.719,10.1149],[10.7504,10.1149],[10.7617,10.1126],[10.7796,10.1104],[10.7909,10.1104],[10.7976,10.1104],[10.8066,10.1149],[10.8111,10.1239],[10.8156,10.1284],[10.8178,10.1441],[10.8178,10.1576],[10.8178,10.1688],[10.8201,10.1823],[10.8245,10.189],[10.8313,10.198],[10.8358,10.2047],[10.8403,10.2159],[10.8515,10.2249],[10.8582,10.2362],[10.8448,10.2676],[10.8313,10.2811],[10.8268,10.2945],[10.829,10.317],[10.8335,10.3417],[10.8335,10.3642],[10.8335,10.3821],[10.8358,10.3956],[10.8358,10.4001],[10.8335,10.4181],[10.8201,10.4405],[10.8066,10.4562],[10.7886,10.4652],[10.7796,10.4697],[10.7662,10.4787],[10.7504,10.4832],[10.728,10.4854],[10.7055,10.4944],[10.692,10.4967],[10.6606,10.5012],[10.6381,10.5012],[10.6179,10.5079],[10.5887,10.5281],[10.5775,10.5371],[10.5663,10.5506],[10.5595,10.5618],[10.5528,10.5753],[10.5506,10.5887],[10.5461,10.6022],[10.5393,10.6157],[10.5326,10.6292],[10.5259,10.6404],[10.5169,10.6494],[10.5101,10.6516],[10.4944,10.6584],[10.4787,10.6673],[10.4765,10.6718],[10.4742,10.6786],[10.4809,10.692],[10.4967,10.7167],[10.5101,10.7392],[10.5236,10.7617],[10.5259,10.7639],[10.5348,10.7706],[10.5438,10.7819],[10.5506,10.7931],[10.5528,10.8066],[10.5595,10.829],[10.564,10.8425],[10.5685,10.8582],[10.5708,10.8717],[10.5753,10.8852],[10.5798,10.8897],[10.5865,10.8919],[10.5887,10.8919],[10.5932,10.8897],[10.6,10.8852],[10.6067,10.8762],[10.6112,10.8672],[10.6179,10.8582],[10.6292,10.856],[10.6426,10.8605],[10.6449,10.8784],[10.6381,10.8964],[10.6292,10.9144],[10.6157,10.9256],[10.6022,10.9615],[10.6112,10.984],[10.6179,10.9952],[10.6314,11.0042],[10.6404,11.0132],[10.6471,11.0177],[10.6584,11.0177],[10.6696,11.0199],[10.6786,11.0312],[10.6876,11.0401],[10.701,11.0626],[10.7123,11.0783],[10.7212,11.0873],[10.7325,11.0963],[10.7617,11.1165],[10.7684,11.1187],[10.7796,11.1187],[10.7931,11.1142],[10.8043,11.1053],[10.8088,11.1008],[10.8223,11.0873],[10.8313,11.0783],[10.8403,11.0716],[10.8515,11.0716],[10.8627,11.0806],[10.8717,11.094],[10.8739,11.1075],[10.8964,11.1322],[10.9054,11.1457],[10.9234,11.1592],[10.9368,11.1681],[10.9503,11.1816],[10.9526,11.1839],[10.9705,11.2018],[10.984,11.2198],[10.9997,11.2355],[11.0132,11.2647],[11.0199,11.2782],[11.0222,11.2849],[11.0222,11.2917],[11.0064,11.2962],[11.002,11.2962],[10.9862,11.2962],[10.9773,11.2939],[10.9728,11.2939],[10.9526,11.3029],[10.9346,11.3096],[10.9256,11.3141],[10.8942,11.3298],[10.8874,11.3343],[10.8784,11.3388],[10.865,11.3456],[10.8582,11.35],[10.8515,11.3568],[10.8515,11.3635],[10.8537,11.368],[10.8582,11.3703],[10.8672,11.3748],[10.8762,11.3815],[10.8807,11.386],[10.8852,11.3882],[10.8942,11.395],[10.8987,11.4017],[10.9054,11.4062],[10.9099,11.4107],[10.9189,11.4219],[10.9211,11.4242],[10.9256,11.4354],[10.9301,11.4444],[10.9323,11.4623],[10.9346,11.4736],[10.9346,11.4825],[10.9346,11.4915],[10.9301,11.5005],[10.9301,11.505],[10.9301,11.514],[10.9301,11.5162],[10.9278,11.5185],[10.9278,11.5252],[10.9278,11.5297],[10.9301,11.5387],[10.9323,11.5499],[10.9323,11.5656],[10.9323,11.5701],[10.9301,11.5814],[10.9278,11.5859],[10.9278,11.5993],[10.9256,11.6195],[10.9256,11.6353],[10.9256,11.6465],[10.9256,11.651],[10.9234,11.6555],[10.9211,11.6622],[10.9189,11.6645],[10.9144,11.6667],[10.9121,11.6712],[10.9099,11.6779],[10.9099,11.6824],[10.9099,11.6869],[10.9076,11.6914],[10.9054,11.7049],[10.8897,11.7408],[10.8852,11.7498],[10.8807,11.7543],[10.8762,11.7565],[10.8717,11.7633],[10.8672,11.7723],[10.865,11.779],[10.8627,11.7835],[10.8627,11.7992],[10.856,11.8172],[10.8515,11.8194],[10.847,11.8217],[10.838,11.8239],[10.8335,11.8239],[10.8313,11.8239],[10.8268,11.8284],[10.8156,11.8419],[10.8111,11.8486],[10.8088,11.8531],[10.8066,11.8576],[10.8066,11.8621],[10.8066,11.8666],[10.8111,11.8756],[10.8133,11.88],[10.8156,11.8823],[10.8178,11.8868],[10.8156,11.8958],[10.8156,11.907],[10.8133,11.9137],[10.8133,11.916],[10.8111,11.9205],[10.8088,11.925],[10.8021,11.9339],[10.7976,11.9407],[10.7931,11.9452],[10.7909,11.9564],[10.7841,11.9676],[10.7819,11.9744],[10.7819,11.9834],[10.7819,11.9946],[10.7819,12.0013],[10.7819,12.0125],[10.7819,12.0193],[10.7841,12.0328],[10.7864,12.0417],[10.7841,12.0462],[10.7841,12.0507],[10.7841,12.0709],[10.7841,12.0844],[10.7796,12.1024],[10.7729,12.1226],[10.7706,12.1316],[10.7639,12.1473],[10.7572,12.1585],[10.7549,12.1698],[10.7459,12.1945],[10.7459,12.2012],[10.7414,12.2169],[10.7414,12.2192],[10.7414,12.2236],[10.7392,12.2326],[10.7392,12.2394],[10.737,12.2506],[10.7347,12.2618],[10.7302,12.2978],[10.7302,12.3112],[10.728,12.3314],[10.728,12.3561],[10.7257,12.3809],[10.7257,12.3853],[10.7257,12.4056],[10.7257,12.4303],[10.7257,12.4415],[10.7257,12.446],[10.7235,12.4505],[10.7235,12.4527],[10.7167,12.4572],[10.6988,12.4662],[10.6898,12.4707],[10.6853,12.4729],[10.6651,12.4842],[10.6471,12.4954],[10.6426,12.4976],[10.6359,12.5066],[10.6359,12.5111],[10.6337,12.5134],[10.6292,12.5156],[10.6224,12.5178],[10.6134,12.5201],[10.6112,12.5223],[10.6045,12.5223],[10.5932,12.5201],[10.5932,12.5178],[10.591,12.5134],[10.5887,12.5111],[10.5842,12.5066],[10.582,12.5044],[10.5775,12.5021],[10.573,12.4999],[10.564,12.4976],[10.5618,12.4954],[10.5528,12.4931],[10.5438,12.4909],[10.5259,12.4819],[10.5169,12.4729],[10.5101,12.4639],[10.5056,12.4595],[10.4922,12.4392],[10.4854,12.437],[10.4765,12.4325],[10.4517,12.4235],[10.4473,12.4235],[10.4383,12.428],[10.436,12.4325],[10.4338,12.4347],[10.4338,12.4392],[10.4338,12.4415],[10.4293,12.4617],[10.4293,12.4662],[10.4248,12.4707],[10.4158,12.4729],[10.4136,12.4729],[10.4068,12.4729],[10.4023,12.4707],[10.3799,12.4729],[10.3754,12.4729],[10.3709,12.4729],[10.3597,12.4707],[10.3574,12.4684],[10.3529,12.4684],[10.3484,12.4684],[10.344,12.4684],[10.335,12.4662],[10.3282,12.4617],[10.3013,12.455],[10.2968,12.455],[10.2878,12.4505],[10.2856,12.4505],[10.2766,12.4437],[10.2676,12.4347],[10.2586,12.4235],[10.2564,12.419],[10.2541,12.4123],[10.2496,12.4033],[10.2451,12.3898],[10.2451,12.3831],[10.2429,12.3741],[10.2429,12.3606],[10.2429,12.3517],[10.2429,12.3247],[10.2429,12.3225],[10.2406,12.318],[10.2384,12.3135],[10.2294,12.2955],[10.2204,12.2775],[10.2182,12.2731],[10.2159,12.2731],[10.2137,12.2663],[10.2047,12.2528],[10.2025,12.2484],[10.2002,12.2461],[10.198,12.2416],[10.1935,12.2349],[10.1912,12.2259],[10.189,12.2192],[10.1867,12.2102],[10.1845,12.1989],[10.18,12.19],[10.1778,12.1832],[10.1755,12.181],[10.1733,12.1742],[10.1665,12.1518],[10.162,12.1383],[10.162,12.1316],[10.162,12.1226],[10.162,12.1114],[10.162,12.1091],[10.1643,12.1046],[10.1688,12.0934],[10.1733,12.0822],[10.1755,12.0754],[10.1755,12.0709],[10.1755,12.0664],[10.1755,12.062],[10.1733,12.0597],[10.1733,12.053],[10.1688,12.0507],[10.1643,12.0485],[10.1598,12.0462],[10.1553,12.0417],[10.1531,12.0395],[10.1508,12.0395],[10.1441,12.0373],[10.1418,12.0373],[10.1396,12.0373],[10.1351,12.0395],[10.1306,12.0395],[10.1261,12.0373],[10.1216,12.0305],[10.1216,12.0283],[10.1126,12.0283],[10.1104,12.0283],[10.1059,12.0305],[10.1037,12.0305],[10.0992,12.0283],[10.0947,12.0238],[10.0969,12.017],[10.0969,12.0148],[10.0969,12.0125],[10.0947,12.0103],[10.0722,12.0013],[10.0655,11.9968],[10.0587,11.9946],[10.0475,11.9923],[10.0363,11.9878],[10.0206,11.9834],[10.0093,11.9789],[9.9959,11.9766],[9.9801,11.9721],[9.9689,11.9654],[9.9644,11.9631],[9.9622,11.9654],[9.9577,11.9654],[9.9509,11.9676],[9.9487,11.9676],[9.9375,11.9654],[9.9128,11.9586],[9.906,11.9564],[9.9015,11.9542],[9.8993,11.9519],[9.8948,11.9519],[9.8903,11.9519],[9.8836,11.9519],[9.8791,11.9497],[9.8611,11.9429],[9.8521,11.9407],[9.8476,11.9384],[9.8319,11.9227],[9.8207,11.9137],[9.8117,11.907],[9.8072,11.9048],[9.8027,11.9048],[9.8005,11.9048],[9.7848,11.9003],[9.778,11.8958],[9.769,11.8935],[9.7601,11.8935],[9.7578,11.8935],[9.7511,11.8935],[9.7443,11.8913],[9.7421,11.8868],[9.7354,11.8823],[9.7309,11.88],[9.7264,11.88],[9.7196,11.8778],[9.7151,11.8778],[9.7106,11.88],[9.6994,11.8868],[9.6927,11.8913],[9.6904,11.8913],[9.6837,11.889],[9.6815,11.8868],[9.6747,11.8778],[9.6725,11.8688],[9.6725,11.8621],[9.6747,11.8553],[9.6747,11.8464],[9.6725,11.8396],[9.6725,11.8374],[9.6702,11.8351],[9.668,11.8306],[9.6657,11.8217],[9.6657,11.8149],[9.6657,11.8104],[9.6657,11.8082],[9.6635,11.8037],[9.6612,11.7992],[9.6567,11.7947],[9.6523,11.7925],[9.65,11.7925],[9.6433,11.7902],[9.6388,11.7857],[9.6365,11.7835],[9.6343,11.7812],[9.6298,11.7678],[9.6276,11.7633],[9.6276,11.761],[9.6276,11.7588],[9.6276,11.7543],[9.6298,11.7475],[9.632,11.7431],[9.6343,11.7408],[9.6388,11.7363],[9.6455,11.7318],[9.65,11.7318],[9.6523,11.7318],[9.6612,11.7296],[9.6635,11.7296],[9.6815,11.7296],[9.7106,11.7341],[9.7151,11.7341],[9.7309,11.7386],[9.7331,11.7408],[9.7354,11.7408],[9.7443,11.7431],[9.7533,11.7453],[9.7578,11.7475],[9.7623,11.7475],[9.7668,11.7498],[9.7848,11.752],[9.7982,11.7475],[9.8027,11.7453],[9.805,11.7431],[9.8095,11.7408],[9.814,11.7341],[9.8162,11.7296],[9.8184,11.7206],[9.8207,11.7139],[9.8207,11.7004],[9.8207,11.6959],[9.8207,11.6914],[9.8207,11.6892],[9.8207,11.6824],[9.8207,11.6712],[9.8207,11.6645],[9.8229,11.6555],[9.8252,11.6487],[9.8274,11.642],[9.8274,11.6263],[9.8252,11.6195],[9.8229,11.6128],[9.8207,11.6083],[9.8184,11.6061],[9.8162,11.6016],[9.8162,11.5971],[9.8184,11.5903],[9.8207,11.5859],[9.8207,11.5791],[9.8207,11.5769],[9.8184,11.5701],[9.8184,11.5679],[9.814,11.5612],[9.8095,11.5589],[9.8027,11.5544],[9.7982,11.5522],[9.7915,11.5477],[9.7825,11.5387],[9.778,11.532],[9.778,11.5297],[9.778,11.5252],[9.7803,11.5207],[9.7825,11.514],[9.7825,11.5095],[9.7848,11.505],[9.7848,11.4983],[9.787,11.4781],[9.787,11.4736],[9.7915,11.4668],[9.7982,11.4623],[9.8005,11.4623],[9.8095,11.4601],[9.8184,11.4623],[9.8319,11.4736],[9.8364,11.4803],[9.8387,11.4848],[9.8409,11.487],[9.8476,11.4983],[9.8521,11.4983],[9.8544,11.496],[9.8634,11.4915],[9.8679,11.487],[9.8701,11.4803],[9.8746,11.4736],[9.8836,11.4646],[9.8836,11.4623],[9.8836,11.4556],[9.8813,11.4444],[9.8791,11.4331],[9.8791,11.4309],[9.8791,11.4287],[9.8813,11.4197],[9.8813,11.4129],[9.8813,11.4084],[9.8813,11.4039],[9.8813,11.4017],[9.8813,11.3995],[9.8791,11.386],[9.8791,11.3792],[9.8768,11.3748],[9.8768,11.3725],[9.8768,11.368],[9.8791,11.3658],[9.8836,11.359],[9.8858,11.3568],[9.897,11.3478],[9.906,11.3456],[9.9083,11.3456],[9.9128,11.3478],[9.915,11.3478],[9.9173,11.3478],[9.9195,11.3478],[9.9217,11.3456],[9.924,11.3433],[9.9262,11.3388],[9.9307,11.3343],[9.9442,11.3253],[9.9532,11.3209],[9.9554,11.3141],[9.9577,11.3096],[9.9667,11.2962],[9.9734,11.2894],[9.9756,11.2827],[9.9779,11.2804],[9.9801,11.2737],[9.9914,11.2512],[9.9981,11.2467],[10.0004,11.2467],[10.0026,11.249],[10.0048,11.249],[10.0071,11.2512],[10.0138,11.2535],[10.0318,11.2602],[10.0363,11.2625],[10.0498,11.2625],[10.0565,11.2625],[10.061,11.2625],[10.0632,11.2602],[10.0767,11.258],[10.0879,11.258],[10.0992,11.2535],[10.1081,11.249],[10.1171,11.2445],[10.1284,11.24],[10.1328,11.24],[10.1373,11.24],[10.1418,11.24],[10.1486,11.24],[10.1508,11.2378],[10.1598,11.231],[10.1643,11.2288],[10.1755,11.2243],[10.189,11.222],[10.1957,11.2243],[10.2002,11.2265],[10.2092,11.2265],[10.2137,11.2265],[10.2294,11.2243],[10.2362,11.2243],[10.2384,11.222],[10.2474,11.2198],[10.2609,11.2131],[10.2653,11.2131],[10.2698,11.2131],[10.2878,11.2086],[10.299,11.2063],[10.3192,11.2041],[10.3305,11.2063],[10.3395,11.2063],[10.3462,11.2086],[10.3529,11.2086],[10.3574,11.2086],[10.3642,11.2063],[10.3664,11.2063],[10.3664,11.2018],[10.3664,11.1951],[10.3642,11.1794],[10.3619,11.1749],[10.3552,11.1704],[10.3507,11.1659],[10.3395,11.1524],[10.3395,11.1502],[10.335,11.1434],[10.335,11.1389],[10.3327,11.1345],[10.3305,11.1322],[10.3282,11.13],[10.3237,11.13],[10.3192,11.1345],[10.317,11.1367],[10.3125,11.1367],[10.3058,11.1345],[10.2945,11.1277],[10.2856,11.1187],[10.2766,11.1142],[10.2676,11.103],[10.2676,11.1008],[10.2653,11.0985],[10.2631,11.0963],[10.2609,11.094],[10.2564,11.094],[10.2429,11.094],[10.2339,11.0963],[10.2294,11.1008],[10.2294,11.103],[10.2182,11.103],[10.2159,11.103],[10.207,11.103],[10.2025,11.1008],[10.198,11.1008],[10.1935,11.094],[10.189,11.0895],[10.18,11.0806],[10.1778,11.0783],[10.1755,11.0738],[10.1688,11.0671],[10.1665,11.0626],[10.162,11.0559],[10.1598,11.0536],[10.1531,11.0424],[10.1531,11.0401],[10.1486,11.0334],[10.1418,11.0177],[10.1441,11.0064],[10.1531,10.993],[10.1553,10.9907],[10.1576,10.9862],[10.1643,10.9817],[10.1665,10.9817],[10.1755,10.9773],[10.18,10.9773],[10.1867,10.9728],[10.1935,10.9683],[10.1957,10.9638],[10.1957,10.9615],[10.1957,10.9593],[10.1935,10.9526],[10.1935,10.9503],[10.1912,10.9481],[10.1867,10.9436],[10.1823,10.9436],[10.1755,10.9413],[10.1733,10.9413],[10.1598,10.9436],[10.1441,10.9458],[10.1351,10.9481],[10.1261,10.9503],[10.1194,10.9548],[10.1149,10.9593],[10.1104,10.9638],[10.1081,10.9683],[10.1059,10.975],[10.1059,10.9773],[10.1037,10.9817],[10.1014,10.9817],[10.0857,10.9862],[10.079,10.9885],[10.0767,10.9885],[10.0722,10.9885],[10.0677,10.9862],[10.0587,10.9862],[10.052,10.9885],[10.0295,10.9862],[10.0206,10.9817],[10.0183,10.9773],[10.0093,10.9683],[10.0026,10.966],[9.9936,10.966],[9.9846,10.966],[9.9734,10.9638],[9.9689,10.9615],[9.9667,10.9615],[9.9577,10.9615],[9.9532,10.9615],[9.9509,10.9638],[9.9397,10.9683],[9.9217,10.975],[9.9083,10.9817],[9.9015,10.984],[9.8881,10.993],[9.8746,10.9975],[9.8656,10.9997],[9.8589,11.0154],[9.8589,11.0199],[9.8544,11.0379],[9.8544,11.0401],[9.8544,11.0446],[9.8544,11.0514],[9.8544,11.0536],[9.8521,11.0648],[9.8521,11.0671],[9.8544,11.0716],[9.8544,11.0761],[9.8544,11.0895],[9.8544,11.1008],[9.8544,11.1098],[9.8566,11.1187],[9.8589,11.121],[9.8634,11.1277],[9.8656,11.13],[9.8723,11.1345],[9.8791,11.1412],[9.8903,11.1524],[9.8926,11.1547],[9.8926,11.1592],[9.8926,11.1614],[9.8881,11.1659],[9.8813,11.1704],[9.8791,11.1726],[9.8768,11.1726],[9.8701,11.1794],[9.8656,11.1861],[9.8634,11.1928],[9.8611,11.1951],[9.8566,11.2108],[9.8499,11.2265],[9.8454,11.2355],[9.8431,11.24],[9.8387,11.2445],[9.8364,11.2467],[9.8342,11.2512],[9.8319,11.2602],[9.8252,11.2737],[9.8252,11.2782],[9.8252,11.2827],[9.8229,11.2827],[9.8184,11.2849],[9.8095,11.2849],[9.8005,11.2849],[9.7848,11.2759],[9.7601,11.2647],[9.7488,11.2625],[9.7466,11.2625],[9.7376,11.2647],[9.7241,11.2647],[9.7084,11.2602],[9.6927,11.258],[9.6702,11.2557],[9.6545,11.2535],[9.65,11.2535],[9.6253,11.2535],[9.6163,11.2557],[9.6141,11.2557],[9.6029,11.258],[9.5961,11.2602],[9.5894,11.2602],[9.5849,11.258],[9.5826,11.2602],[9.5759,11.2714],[9.5759,11.2759],[9.5759,11.2804],[9.5759,11.2827],[9.5781,11.2872],[9.5759,11.2984],[9.5759,11.3096],[9.5737,11.3164],[9.5714,11.3209],[9.5714,11.3231],[9.5669,11.3276],[9.5579,11.3343],[9.5557,11.3343],[9.5467,11.3388],[9.5422,11.3388],[9.5355,11.3411],[9.5287,11.3411],[9.5243,11.3388],[9.5153,11.3366],[9.5063,11.3343],[9.4995,11.3343],[9.4951,11.3298],[9.4861,11.3209],[9.4748,11.3096],[9.4659,11.3074],[9.4546,11.3074],[9.4456,11.3074],[9.4344,11.3119],[9.4277,11.3119],[9.4232,11.3141],[9.4165,11.3164],[9.4007,11.3231],[9.3918,11.3298],[9.3805,11.3366],[9.3626,11.3456],[9.3491,11.35],[9.3356,11.359],[9.3311,11.359],[9.3131,11.3703],[9.2997,11.3703],[9.2795,11.3725],[9.239,11.368],[9.2256,11.3658],[9.1941,11.35],[9.1604,11.3321],[9.1559,11.3298],[9.1492,11.3276],[9.1447,11.3298],[9.1425,11.3321],[9.1425,11.3276],[9.1335,11.3186],[9.1268,11.3141],[9.12,11.3096],[9.111,11.3051],[9.1088,11.3029],[9.1065,11.2984],[9.1043,11.2962],[9.0976,11.2917],[9.0908,11.2894],[9.0773,11.2849],[9.0684,11.2804],[9.0549,11.2714],[9.0459,11.2647],[9.0324,11.2557],[9.0234,11.2445],[9.0234,11.24],[9.0212,11.2378],[9.0145,11.2288],[9.0122,11.2243],[9.0032,11.2153],[8.9943,11.2086],[8.983,11.1951],[8.9763,11.1906],[8.9695,11.1884],[8.9628,11.1839],[8.9561,11.1771],[8.9471,11.1726],[8.9404,11.1614],[8.9314,11.1502],[8.9269,11.1412],[8.9246,11.1367],[8.9201,11.1322],[8.9157,11.1277],[8.9089,11.1165],[8.9067,11.112],[8.8954,11.1008],[8.8887,11.0985],[8.8842,11.0963],[8.8752,11.0895],[8.8662,11.0895],[8.8573,11.0918],[8.8438,11.0963],[8.837,11.0985],[8.8281,11.1008],[8.8236,11.0985],[8.8213,11.0985],[8.8168,11.0963],[8.8101,11.0895],[8.8056,11.0851],[8.8011,11.0783],[8.7966,11.0671],[8.7921,11.0603],[8.7876,11.0491],[8.7832,11.0379],[8.7809,11.0222],[8.7787,11.0109],[8.7787,11.0042],[8.7809,10.9862],[8.7832,10.975],[8.7876,10.9638],[8.7876,10.9548],[8.7899,10.9481],[8.7876,10.9413],[8.7876,10.9368],[8.7854,10.9278],[8.7809,10.9189],[8.7764,10.9121],[8.7719,10.9031],[8.7719,10.8964],[8.7697,10.8852],[8.7674,10.8739],[8.7652,10.865],[8.7652,10.8605],[8.7674,10.838],[8.7697,10.829],[8.7787,10.8088],[8.7854,10.7976],[8.7899,10.7931],[8.7921,10.7909],[8.7966,10.7864],[8.8079,10.7796],[8.8213,10.7684],[8.8281,10.7572],[8.8326,10.7527],[8.8348,10.7437],[8.837,10.7347],[8.846,10.7235],[8.8505,10.719],[8.855,10.7078],[8.855,10.6965],[8.8528,10.6853],[8.8483,10.6763],[8.846,10.6673],[8.8415,10.6561],[8.8393,10.6516],[8.8348,10.6404],[8.8303,10.6314],[8.8213,10.6134],[8.8168,10.6045],[8.8011,10.582],[8.7921,10.573],[8.7787,10.5618],[8.7764,10.5551],[8.7742,10.5438],[8.7742,10.5393],[8.7719,10.5259],[8.7652,10.4989],[8.7629,10.4922],[8.7584,10.4854],[8.754,10.4809],[8.745,10.4742],[8.736,10.4652],[8.7293,10.4562],[8.7293,10.4517],[8.7337,10.436]]]}},{"type":"Feature","properties":{"id":"taraba","name":"Taraba"},"geometry":{"type":"Polygon","coordinates":[[[9.12,7.7928],[9.1312,7.7883],[9.1559,7.7973],[9.1896,7.8107],[9.2256,7.8175],[9.2727,7.822],[9.3154,7.8354],[9.3783,7.8444],[9.3873,7.8444],[9.4995,7.8422],[9.5624,7.8377],[9.6006,7.8287],[9.6433,7.7995],[9.6702,7.7636],[9.7017,7.7097],[9.7466,7.6558],[9.7982,7.6154],[9.8095,7.6064],[9.8162,7.5974],[9.8207,7.5951],[9.8409,7.5794],[9.8454,7.5749],[9.8701,7.5412],[9.8836,7.5076],[9.8881,7.4626],[9.8836,7.4132],[9.8656,7.3638],[9.8566,7.3257],[9.8409,7.2807],[9.8274,7.2583],[9.8252,7.2538],[9.8297,7.2358],[9.8342,7.2179],[9.8342,7.1999],[9.8229,7.1729],[9.7623,7.1011],[9.7376,7.0786],[9.6994,7.0112],[9.6882,6.9865],[9.6635,6.9349],[9.6455,6.8945],[9.641,6.8675],[9.6433,6.8428],[9.6478,6.8001],[9.6455,6.7395],[9.6365,6.7126],[9.6231,6.6632],[9.6073,6.5711],[9.6029,6.5374],[9.6029,6.5307],[9.6029,6.5284],[9.6051,6.5284],[9.6073,6.5262],[9.6096,6.5262],[9.6096,6.5239],[9.6118,6.5239],[9.6141,6.5239],[9.6163,6.5239],[9.6186,6.5239],[9.6208,6.5239],[9.6231,6.5239],[9.6253,6.5239],[9.6253,6.5217],[9.6276,6.5217],[9.6298,6.5194],[9.632,6.5194],[9.6343,6.5194],[9.6365,6.5217],[9.641,6.5217],[9.6433,6.5217],[9.6455,6.5217],[9.6478,6.5217],[9.6478,6.5239],[9.65,6.5239],[9.65,6.5262],[9.65,6.5284],[9.65,6.5307],[9.6523,6.5284],[9.6545,6.5262],[9.6545,6.5239],[9.6545,6.5217],[9.6567,6.5217],[9.6567,6.5194],[9.659,6.5194],[9.6612,6.5194],[9.6612,6.5172],[9.6612,6.5149],[9.6635,6.5127],[9.6635,6.5104],[9.6657,6.5104],[9.668,6.5104],[9.6702,6.5104],[9.6725,6.5104],[9.6725,6.5127],[9.6747,6.5127],[9.677,6.5127],[9.6792,6.5127],[9.6815,6.5104],[9.6859,6.5127],[9.6882,6.5127],[9.6882,6.5149],[9.6904,6.5149],[9.6927,6.5149],[9.6927,6.5127],[9.6949,6.5104],[9.6972,6.5104],[9.6972,6.5082],[9.6994,6.5082],[9.7039,6.5104],[9.7062,6.5127],[9.7084,6.5172],[9.7084,6.5194],[9.7084,6.5217],[9.7084,6.5239],[9.7084,6.5284],[9.7106,6.5329],[9.7106,6.5374],[9.7129,6.5396],[9.7129,6.5419],[9.7129,6.5441],[9.7129,6.5464],[9.7151,6.5464],[9.7151,6.5486],[9.7151,6.5509],[9.7151,6.5531],[9.7151,6.5554],[9.7174,6.5599],[9.7196,6.5643],[9.7196,6.5666],[9.7196,6.5688],[9.7196,6.5711],[9.7219,6.5733],[9.7219,6.5756],[9.7219,6.5778],[9.7241,6.5846],[9.7264,6.5913],[9.7264,6.5935],[9.7264,6.5958],[9.7286,6.5958],[9.7286,6.598],[9.7309,6.6003],[9.7309,6.6048],[9.7309,6.607],[9.7309,6.6093],[9.7331,6.6115],[9.7331,6.6138],[9.7354,6.6138],[9.7376,6.6205],[9.7398,6.6227],[9.7398,6.625],[9.7398,6.6272],[9.7398,6.6295],[9.7421,6.6317],[9.7421,6.6362],[9.7443,6.6407],[9.7466,6.6452],[9.7443,6.6452],[9.7443,6.6474],[9.7466,6.6497],[9.7488,6.6497],[9.7511,6.6519],[9.7533,6.6542],[9.7533,6.6564],[9.7533,6.6609],[9.7533,6.6632],[9.7533,6.6654],[9.7533,6.6676],[9.7533,6.6699],[9.7533,6.6721],[9.7533,6.6744],[9.7511,6.6766],[9.7511,6.6789],[9.7533,6.6789],[9.7556,6.6789],[9.7601,6.6789],[9.7623,6.6789],[9.7645,6.6789],[9.7668,6.6856],[9.7645,6.6901],[9.7645,6.6924],[9.7623,6.6924],[9.7601,6.6924],[9.7578,6.6946],[9.7556,6.6946],[9.7578,6.6968],[9.7578,6.6991],[9.7601,6.6991],[9.7601,6.7013],[9.7601,6.7036],[9.7601,6.7058],[9.7623,6.7081],[9.7623,6.7103],[9.7623,6.7126],[9.7601,6.7148],[9.7601,6.7171],[9.7623,6.7193],[9.7645,6.7238],[9.7645,6.7305],[9.7668,6.7305],[9.7668,6.7328],[9.7645,6.735],[9.7645,6.7373],[9.7645,6.7395],[9.7668,6.7395],[9.7668,6.7418],[9.769,6.7485],[9.769,6.7507],[9.769,6.753],[9.769,6.7552],[9.769,6.7575],[9.7668,6.7575],[9.7645,6.7575],[9.7645,6.7597],[9.7645,6.762],[9.7668,6.762],[9.769,6.7665],[9.7713,6.7665],[9.7713,6.7687],[9.7713,6.771],[9.7713,6.7754],[9.7735,6.7799],[9.7735,6.7822],[9.7735,6.7844],[9.7758,6.7889],[9.778,6.7934],[9.7803,6.7957],[9.7803,6.7934],[9.7825,6.7934],[9.7825,6.7912],[9.7848,6.7912],[9.7848,6.7889],[9.787,6.7889],[9.7892,6.7889],[9.7915,6.7889],[9.7937,6.7889],[9.7937,6.7867],[9.7982,6.7844],[9.8005,6.7844],[9.8027,6.7844],[9.8027,6.7867],[9.8027,6.7889],[9.805,6.7889],[9.805,6.7912],[9.8072,6.7912],[9.8072,6.7889],[9.8095,6.7867],[9.8117,6.7844],[9.814,6.7822],[9.8162,6.7822],[9.8184,6.7822],[9.8252,6.7822],[9.8297,6.7822],[9.8364,6.7822],[9.8409,6.7799],[9.8454,6.7799],[9.8499,6.7799],[9.8521,6.7799],[9.8589,6.7777],[9.8611,6.7777],[9.8634,6.7732],[9.8656,6.771],[9.8679,6.7732],[9.8723,6.7777],[9.8881,6.7934],[9.8903,6.7979],[9.8926,6.8001],[9.897,6.8046],[9.9038,6.8114],[9.9083,6.8159],[9.915,6.8204],[9.9195,6.8249],[9.9262,6.8293],[9.9262,6.8316],[9.9285,6.8316],[9.9307,6.8338],[9.9352,6.8383],[9.9397,6.8428],[9.9397,6.8451],[9.9442,6.8496],[9.9509,6.8563],[9.9554,6.8608],[9.9599,6.8675],[9.9667,6.872],[9.9712,6.8765],[9.9779,6.8832],[9.9846,6.8877],[9.9891,6.8945],[9.9959,6.899],[10.0026,6.9012],[10.0071,6.9012],[10.0138,6.9035],[10.0183,6.9079],[10.0228,6.9147],[10.0273,6.9192],[10.034,6.9259],[10.0408,6.9304],[10.0453,6.9371],[10.0475,6.9394],[10.0498,6.9394],[10.0655,6.9551],[10.07,6.9596],[10.0745,6.9663],[10.0767,6.9663],[10.0812,6.9708],[10.0857,6.9753],[10.0902,6.9821],[10.0969,6.9865],[10.1014,6.991],[10.1059,6.9955],[10.1171,7.0068],[10.1239,7.0112],[10.1306,7.018],[10.1351,7.0225],[10.1396,7.0247],[10.1463,7.0337],[10.1508,7.036],[10.1508,7.0382],[10.1531,7.0382],[10.1553,7.0382],[10.1598,7.0382],[10.162,7.0382],[10.162,7.036],[10.162,7.0337],[10.162,7.0292],[10.1598,7.0247],[10.1576,7.0225],[10.1576,7.0202],[10.1598,7.0202],[10.171,7.0157],[10.1733,7.0157],[10.1755,7.0157],[10.1755,7.0135],[10.1755,7.0112],[10.1733,7.0112],[10.171,7.009],[10.1688,7.0068],[10.1665,7.0023],[10.1665,7.0],[10.1688,6.9955],[10.1688,6.991],[10.1733,6.9865],[10.1755,6.9865],[10.1778,6.9865],[10.18,6.9865],[10.18,6.9843],[10.1778,6.9843],[10.1778,6.9821],[10.1778,6.9798],[10.1778,6.9776],[10.1778,6.9731],[10.1778,6.9708],[10.18,6.9686],[10.18,6.9596],[10.1778,6.9529],[10.1733,6.9439],[10.1733,6.9416],[10.1778,6.9349],[10.1845,6.9282],[10.189,6.9214],[10.1957,6.9124],[10.2002,6.9057],[10.207,6.899],[10.2115,6.8922],[10.2159,6.8855],[10.2249,6.8855],[10.2339,6.8855],[10.2429,6.8832],[10.2519,6.8832],[10.2609,6.8832],[10.2698,6.8832],[10.2788,6.8832],[10.2878,6.881],[10.2968,6.881],[10.3058,6.881],[10.3148,6.881],[10.3237,6.881],[10.3327,6.8787],[10.3417,6.8787],[10.3507,6.8787],[10.3597,6.8787],[10.3687,6.8787],[10.3776,6.8765],[10.3866,6.8765],[10.3956,6.8765],[10.4046,6.8765],[10.4136,6.8765],[10.4203,6.8765],[10.4226,6.8765],[10.4226,6.8743],[10.427,6.8743],[10.4315,6.8743],[10.4405,6.8743],[10.4495,6.8743],[10.4585,6.8743],[10.4675,6.8743],[10.4765,6.872],[10.4854,6.872],[10.4944,6.872],[10.4944,6.8765],[10.4922,6.881],[10.4922,6.8855],[10.4922,6.89],[10.4899,6.8922],[10.4922,6.8967],[10.4922,6.9035],[10.4922,6.9079],[10.4944,6.9102],[10.4944,6.9124],[10.4944,6.9147],[10.4967,6.9147],[10.4967,6.9169],[10.4989,6.9169],[10.4989,6.9147],[10.5012,6.9147],[10.5012,6.9169],[10.5034,6.9169],[10.5056,6.9192],[10.5124,6.9214],[10.5169,6.9237],[10.5191,6.9237],[10.5214,6.9237],[10.5236,6.9237],[10.5259,6.9237],[10.5303,6.9259],[10.5303,6.9282],[10.5303,6.9304],[10.5326,6.9326],[10.5348,6.9371],[10.5348,6.9394],[10.5371,6.9394],[10.5393,6.9394],[10.5393,6.9371],[10.5416,6.9371],[10.5416,6.9394],[10.5416,6.9416],[10.5416,6.9439],[10.5416,6.9574],[10.5416,6.9596],[10.5438,6.9686],[10.5461,6.9731],[10.5483,6.9731],[10.5506,6.9753],[10.5506,6.9776],[10.5528,6.9776],[10.5528,6.9798],[10.5528,6.9865],[10.5528,6.9888],[10.5528,6.9933],[10.5551,6.9955],[10.5573,7.0045],[10.5551,7.0045],[10.5551,7.0068],[10.5551,7.0135],[10.5551,7.0157],[10.5573,7.018],[10.5595,7.0292],[10.5595,7.036],[10.5595,7.0382],[10.5595,7.0404],[10.5573,7.0427],[10.5573,7.0472],[10.5573,7.0539],[10.5595,7.0562],[10.5595,7.0607],[10.5595,7.0651],[10.5595,7.0674],[10.5595,7.0696],[10.5595,7.0764],[10.5595,7.0831],[10.5595,7.0854],[10.5618,7.0854],[10.5618,7.0876],[10.564,7.0876],[10.5618,7.0899],[10.5618,7.0921],[10.5618,7.0943],[10.564,7.0966],[10.564,7.1011],[10.564,7.1033],[10.564,7.1123],[10.564,7.119],[10.564,7.1213],[10.5663,7.1235],[10.5663,7.128],[10.5663,7.1348],[10.5663,7.1393],[10.5663,7.1415],[10.5663,7.1437],[10.5663,7.146],[10.5663,7.1482],[10.5663,7.1505],[10.5663,7.1527],[10.5685,7.155],[10.5685,7.1572],[10.5708,7.1595],[10.5708,7.1617],[10.5775,7.1595],[10.5798,7.1572],[10.582,7.1572],[10.582,7.155],[10.5842,7.1527],[10.5842,7.1505],[10.5865,7.1482],[10.5887,7.1482],[10.591,7.1482],[10.5932,7.1482],[10.5955,7.1482],[10.5955,7.146],[10.5977,7.1393],[10.6,7.1393],[10.6,7.1325],[10.6,7.1303],[10.6,7.128],[10.6,7.1258],[10.6,7.1235],[10.6,7.1213],[10.6,7.119],[10.6,7.1168],[10.6,7.1146],[10.6022,7.1123],[10.6045,7.1101],[10.6045,7.1078],[10.6067,7.1056],[10.6045,7.1056],[10.6045,7.1033],[10.6045,7.1011],[10.6045,7.0988],[10.6045,7.0966],[10.6045,7.0943],[10.6022,7.0943],[10.6022,7.0921],[10.6022,7.0899],[10.6022,7.0876],[10.6,7.0876],[10.6,7.0854],[10.5977,7.0854],[10.5977,7.0831],[10.5955,7.0786],[10.5955,7.0764],[10.5977,7.0764],[10.5977,7.0741],[10.6,7.0741],[10.6022,7.0719],[10.6045,7.0719],[10.6045,7.0696],[10.6067,7.0674],[10.609,7.0629],[10.6112,7.0629],[10.6157,7.0562],[10.6247,7.0494],[10.6269,7.0494],[10.6292,7.0494],[10.6314,7.0494],[10.6337,7.0472],[10.6359,7.0472],[10.6381,7.0472],[10.6404,7.0472],[10.6426,7.0472],[10.6426,7.0449],[10.6449,7.0449],[10.6471,7.0449],[10.6516,7.0427],[10.6539,7.0427],[10.6539,7.0449],[10.6561,7.0449],[10.6561,7.0472],[10.6561,7.0494],[10.6561,7.0517],[10.6584,7.0517],[10.6651,7.0472],[10.6718,7.0427],[10.6786,7.0404],[10.6786,7.0382],[10.6808,7.0382],[10.6808,7.036],[10.6786,7.0292],[10.6786,7.0247],[10.6786,7.0225],[10.6808,7.0225],[10.6831,7.0225],[10.6831,7.0202],[10.6831,7.018],[10.6831,7.0157],[10.6853,7.0157],[10.6876,7.0157],[10.6898,7.0157],[10.692,7.0157],[10.6988,7.0135],[10.701,7.0135],[10.7033,7.009],[10.7033,7.0068],[10.7055,7.0068],[10.7055,7.0045],[10.7078,7.0],[10.7078,6.9978],[10.71,6.9978],[10.7145,6.9955],[10.7167,6.9933],[10.7167,6.991],[10.719,6.991],[10.719,6.9888],[10.7212,6.9888],[10.728,6.9888],[10.7302,6.9888],[10.7325,6.991],[10.7347,6.991],[10.7392,6.9888],[10.7392,6.9865],[10.7392,6.9843],[10.7437,6.9798],[10.7459,6.9776],[10.7482,6.9753],[10.7482,6.9731],[10.7459,6.9708],[10.7482,6.9708],[10.7482,6.9686],[10.7504,6.9686],[10.7527,6.9663],[10.7549,6.9663],[10.7572,6.9641],[10.7594,6.9641],[10.7594,6.9618],[10.7617,6.9596],[10.7617,6.9574],[10.7639,6.9551],[10.7662,6.9551],[10.7684,6.9574],[10.7684,6.9596],[10.7706,6.9618],[10.7706,6.9641],[10.7751,6.9663],[10.7774,6.9663],[10.7796,6.9663],[10.7841,6.9663],[10.7841,6.9641],[10.7864,6.9641],[10.7864,6.9618],[10.7886,6.9596],[10.7909,6.9596],[10.7953,6.9618],[10.7976,6.9618],[10.7998,6.9618],[10.7998,6.9596],[10.8021,6.9574],[10.8066,6.9529],[10.8088,6.9506],[10.8111,6.9484],[10.8133,6.9484],[10.8156,6.9484],[10.8178,6.9461],[10.8201,6.9461],[10.8223,6.9461],[10.8268,6.9439],[10.8335,6.9394],[10.8358,6.9394],[10.838,6.9394],[10.838,6.9371],[10.8403,6.9326],[10.8403,6.9304],[10.8403,6.9259],[10.8403,6.9237],[10.8403,6.9214],[10.838,6.9214],[10.8358,6.9192],[10.8358,6.9169],[10.8358,6.9147],[10.8335,6.9079],[10.8313,6.9012],[10.8313,6.899],[10.8268,6.8922],[10.8268,6.89],[10.8245,6.8877],[10.8245,6.8855],[10.8245,6.8832],[10.8245,6.881],[10.8223,6.8787],[10.8223,6.8765],[10.8201,6.8743],[10.8201,6.872],[10.8223,6.8698],[10.8223,6.8675],[10.8223,6.8653],[10.8201,6.8653],[10.8178,6.8653],[10.8178,6.863],[10.8133,6.8563],[10.8133,6.854],[10.8156,6.854],[10.8156,6.8518],[10.8178,6.8518],[10.8201,6.8518],[10.8201,6.8496],[10.8178,6.8473],[10.8156,6.8451],[10.8156,6.8428],[10.8178,6.8428],[10.8201,6.8406],[10.8201,6.8383],[10.8223,6.8338],[10.8223,6.8316],[10.8223,6.8293],[10.8245,6.8293],[10.8245,6.8271],[10.8268,6.8271],[10.829,6.8226],[10.8335,6.8159],[10.8358,6.8159],[10.8358,6.8136],[10.838,6.8114],[10.8403,6.8114],[10.847,6.8091],[10.8492,6.8069],[10.8515,6.8091],[10.8537,6.8091],[10.856,6.8091],[10.8582,6.8069],[10.8605,6.8046],[10.8627,6.8046],[10.8627,6.8024],[10.865,6.8024],[10.8672,6.8024],[10.8695,6.8001],[10.8717,6.8001],[10.8762,6.7957],[10.8829,6.7844],[10.8852,6.7799],[10.8852,6.7777],[10.8852,6.7754],[10.8852,6.7732],[10.8874,6.771],[10.8919,6.7665],[10.8964,6.762],[10.8987,6.762],[10.8987,6.7642],[10.9009,6.7642],[10.9009,6.7665],[10.9009,6.7687],[10.9009,6.771],[10.9009,6.7732],[10.9031,6.7732],[10.9031,6.771],[10.9099,6.7665],[10.9121,6.7642],[10.9144,6.7575],[10.9144,6.753],[10.9121,6.7485],[10.9121,6.7463],[10.9121,6.744],[10.9099,6.7395],[10.9121,6.7373],[10.9121,6.735],[10.9121,6.7305],[10.9121,6.7283],[10.9121,6.726],[10.9121,6.7238],[10.9121,6.7215],[10.9144,6.7215],[10.9144,6.7193],[10.9166,6.7103],[10.9166,6.7081],[10.9189,6.7081],[10.9211,6.7058],[10.9256,6.7036],[10.9278,6.7036],[10.9278,6.7013],[10.9301,6.6991],[10.9323,6.6991],[10.9323,6.6968],[10.9391,6.6924],[10.9413,6.6924],[10.9413,6.6901],[10.9458,6.6879],[10.9481,6.6879],[10.9481,6.6901],[10.9481,6.6924],[10.9481,6.6946],[10.9503,6.6946],[10.9526,6.6924],[10.957,6.6924],[10.9593,6.6924],[10.9615,6.6924],[10.9638,6.6901],[10.966,6.6901],[10.966,6.6879],[10.9705,6.6879],[10.9728,6.6901],[10.975,6.6901],[10.975,6.6924],[10.9773,6.6901],[10.9795,6.6901],[10.9862,6.6879],[10.9862,6.6856],[10.9907,6.6879],[10.993,6.6879],[10.9975,6.6901],[10.9997,6.6924],[11.002,6.6924],[11.0042,6.6924],[11.0064,6.6946],[11.0087,6.6968],[11.0154,6.7013],[11.0177,6.7036],[11.0177,6.7058],[11.0199,6.7058],[11.0199,6.7081],[11.0222,6.7103],[11.0289,6.7148],[11.0334,6.7126],[11.0356,6.7126],[11.0356,6.7103],[11.0379,6.7103],[11.0401,6.7103],[11.0424,6.7103],[11.0446,6.7103],[11.0469,6.7081],[11.0491,6.7081],[11.0514,6.7081],[11.0536,6.7081],[11.0536,6.7103],[11.0536,6.7126],[11.0536,6.7148],[11.0559,6.7148],[11.0581,6.7148],[11.0603,6.7126],[11.0671,6.7081],[11.0693,6.7058],[11.0716,6.7036],[11.0738,6.6991],[11.0783,6.6946],[11.0828,6.6901],[11.0873,6.6856],[11.0895,6.6834],[11.0918,6.6811],[11.094,6.6811],[11.094,6.6789],[11.0963,6.6721],[11.0963,6.6699],[11.094,6.6676],[11.0918,6.6587],[11.0918,6.6542],[11.0918,6.6497],[11.0918,6.6429],[11.0918,6.6362],[11.0918,6.634],[11.0918,6.6227],[11.0918,6.6138],[11.0918,6.6115],[11.094,6.6048],[11.094,6.598],[11.094,6.5958],[11.094,6.5935],[11.0963,6.5913],[11.0963,6.5868],[11.0963,6.5823],[11.0963,6.5801],[11.094,6.5756],[11.094,6.5733],[11.094,6.5711],[11.094,6.5688],[11.0963,6.5666],[11.0963,6.5576],[11.0963,6.5509],[11.0963,6.5486],[11.0963,6.5374],[11.0963,6.5329],[11.0963,6.5307],[11.0963,6.5239],[11.0985,6.5194],[11.1008,6.5194],[11.103,6.5194],[11.1075,6.5172],[11.1098,6.5172],[11.112,6.5149],[11.1165,6.5149],[11.1232,6.5172],[11.1255,6.5194],[11.1277,6.5217],[11.1277,6.5239],[11.13,6.5284],[11.1322,6.5284],[11.1345,6.5307],[11.1367,6.5307],[11.1389,6.5307],[11.1389,6.5284],[11.1389,6.5262],[11.1389,6.5217],[11.1389,6.5194],[11.1389,6.5172],[11.1389,6.5127],[11.1389,6.5104],[11.1412,6.5082],[11.1434,6.506],[11.1457,6.506],[11.1479,6.5037],[11.1502,6.5037],[11.1569,6.5037],[11.1614,6.5015],[11.1681,6.4992],[11.1681,6.5037],[11.1726,6.5037],[11.1749,6.5037],[11.1794,6.506],[11.1839,6.5082],[11.1861,6.5082],[11.1884,6.5082],[11.1973,6.5104],[11.1996,6.5127],[11.1996,6.5149],[11.1996,6.5172],[11.1973,6.5194],[11.1973,6.5217],[11.1973,6.5239],[11.1973,6.5262],[11.1973,6.5284],[11.1951,6.5284],[11.1951,6.5307],[11.1951,6.5329],[11.1951,6.5351],[11.1951,6.5374],[11.1973,6.5374],[11.1996,6.5374],[11.2086,6.5351],[11.2108,6.5351],[11.2108,6.5374],[11.2131,6.5374],[11.2153,6.5374],[11.2175,6.5374],[11.222,6.5374],[11.2243,6.5351],[11.2243,6.5329],[11.2288,6.5329],[11.231,6.5329],[11.2355,6.5329],[11.2378,6.5307],[11.24,6.5307],[11.2467,6.5262],[11.249,6.5262],[11.249,6.5284],[11.2512,6.5284],[11.2535,6.5284],[11.2557,6.5284],[11.258,6.5284],[11.2602,6.5307],[11.2625,6.5329],[11.2647,6.5351],[11.2714,6.5374],[11.2782,6.5374],[11.2804,6.5374],[11.2827,6.5374],[11.2827,6.5351],[11.2827,6.5329],[11.2849,6.5329],[11.2849,6.5307],[11.2872,6.5307],[11.2894,6.5307],[11.2917,6.5307],[11.2939,6.5284],[11.2962,6.5284],[11.2984,6.5262],[11.3029,6.5217],[11.3051,6.5217],[11.3074,6.5172],[11.3096,6.5172],[11.3096,6.5149],[11.3119,6.5104],[11.3164,6.506],[11.3186,6.506],[11.3209,6.506],[11.3231,6.506],[11.3253,6.506],[11.3276,6.506],[11.3276,6.5037],[11.3298,6.5037],[11.3321,6.5037],[11.3343,6.506],[11.3343,6.5082],[11.3366,6.5082],[11.3388,6.5082],[11.3388,6.506],[11.3411,6.506],[11.3411,6.5037],[11.3411,6.5015],[11.3433,6.5015],[11.3456,6.5015],[11.35,6.4992],[11.3545,6.5015],[11.359,6.5015],[11.359,6.5037],[11.3568,6.506],[11.3545,6.5104],[11.3523,6.5104],[11.35,6.5104],[11.35,6.5127],[11.35,6.5149],[11.3523,6.5172],[11.3545,6.5239],[11.3568,6.5262],[11.3568,6.5239],[11.359,6.5239],[11.3613,6.5239],[11.3635,6.5239],[11.3635,6.5262],[11.3658,6.5262],[11.368,6.5262],[11.3703,6.5262],[11.3703,6.5239],[11.3725,6.5239],[11.377,6.5239],[11.3792,6.5239],[11.3815,6.5239],[11.3815,6.5262],[11.386,6.5284],[11.3882,6.5284],[11.3927,6.5307],[11.395,6.5307],[11.3995,6.5307],[11.3995,6.5284],[11.4017,6.5284],[11.4084,6.5307],[11.4107,6.5307],[11.4107,6.5329],[11.4129,6.5329],[11.4174,6.5307],[11.4242,6.5307],[11.4264,6.5307],[11.4264,6.5329],[11.4287,6.5329],[11.4264,6.5351],[11.4242,6.5351],[11.4219,6.5351],[11.4197,6.5351],[11.4197,6.5374],[11.4174,6.5374],[11.4174,6.5396],[11.4174,6.5419],[11.4197,6.5419],[11.4219,6.5419],[11.4242,6.5441],[11.4309,6.5441],[11.4309,6.5464],[11.4331,6.5464],[11.4331,6.5486],[11.4331,6.5531],[11.4331,6.5554],[11.4309,6.5554],[11.4287,6.5554],[11.4287,6.5576],[11.4287,6.5599],[11.4287,6.5643],[11.4287,6.5666],[11.4264,6.5711],[11.4264,6.5733],[11.4264,6.5778],[11.4242,6.5846],[11.4219,6.5868],[11.4197,6.5868],[11.4174,6.5868],[11.4174,6.589],[11.4152,6.589],[11.4152,6.5913],[11.4129,6.5913],[11.4129,6.5958],[11.4129,6.598],[11.4152,6.598],[11.4174,6.598],[11.4197,6.598],[11.4219,6.598],[11.4242,6.598],[11.4242,6.6003],[11.4264,6.6025],[11.4287,6.6025],[11.4309,6.6025],[11.4309,6.6003],[11.4331,6.6003],[11.4354,6.6003],[11.4376,6.6025],[11.4399,6.6025],[11.4421,6.6025],[11.4444,6.6025],[11.4444,6.6003],[11.4466,6.6003],[11.4489,6.6003],[11.4511,6.6025],[11.4511,6.6048],[11.4601,6.6115],[11.4623,6.6115],[11.4646,6.6093],[11.4668,6.607],[11.4691,6.6048],[11.4713,6.6048],[11.4713,6.6025],[11.4736,6.6025],[11.4758,6.6025],[11.4758,6.6048],[11.4781,6.6048],[11.4781,6.6025],[11.4803,6.6025],[11.4825,6.6003],[11.4825,6.598],[11.4848,6.598],[11.496,6.6003],[11.496,6.6025],[11.4983,6.6025],[11.5005,6.6048],[11.5028,6.6093],[11.505,6.6093],[11.5073,6.6115],[11.5073,6.6138],[11.5117,6.6182],[11.5162,6.625],[11.5185,6.6272],[11.5185,6.6295],[11.5207,6.6317],[11.5207,6.634],[11.523,6.634],[11.523,6.6362],[11.5252,6.6362],[11.523,6.6385],[11.523,6.6407],[11.523,6.6429],[11.5252,6.6452],[11.5275,6.6452],[11.5297,6.6452],[11.5342,6.6474],[11.5342,6.6497],[11.5342,6.6519],[11.532,6.6519],[11.532,6.6542],[11.532,6.6564],[11.5342,6.6564],[11.5409,6.6609],[11.5432,6.6609],[11.5454,6.6632],[11.5477,6.6632],[11.5499,6.6632],[11.5522,6.6632],[11.5544,6.6654],[11.5544,6.6676],[11.5544,6.6699],[11.5522,6.6721],[11.5499,6.6721],[11.5499,6.6744],[11.5477,6.6766],[11.5477,6.6789],[11.5499,6.6789],[11.5499,6.6811],[11.5522,6.6811],[11.5522,6.6834],[11.5522,6.6856],[11.5522,6.6879],[11.5499,6.6879],[11.5499,6.6901],[11.5477,6.6901],[11.5477,6.6924],[11.5477,6.6946],[11.5454,6.7013],[11.5477,6.7036],[11.5499,6.7058],[11.5499,6.7126],[11.5499,6.7148],[11.5522,6.7171],[11.5544,6.7215],[11.5567,6.7215],[11.5567,6.7238],[11.5589,6.7238],[11.5612,6.7238],[11.5634,6.7238],[11.5656,6.7238],[11.5679,6.7238],[11.5701,6.726],[11.5701,6.7283],[11.5701,6.7305],[11.5724,6.7305],[11.5724,6.7328],[11.5746,6.7328],[11.5769,6.7328],[11.5814,6.7328],[11.5836,6.7328],[11.5836,6.735],[11.5836,6.7373],[11.5859,6.7373],[11.5859,6.7395],[11.5836,6.744],[11.5814,6.7507],[11.5814,6.7552],[11.5791,6.7552],[11.5769,6.7597],[11.5746,6.7642],[11.5724,6.7665],[11.5701,6.771],[11.5701,6.7732],[11.5701,6.7754],[11.5701,6.7799],[11.5701,6.7822],[11.5724,6.7822],[11.5724,6.7844],[11.5746,6.7889],[11.5746,6.7912],[11.5769,6.7912],[11.5791,6.7934],[11.5836,6.7957],[11.5859,6.7957],[11.5881,6.7979],[11.5903,6.7979],[11.5903,6.8001],[11.5903,6.8024],[11.5903,6.8046],[11.5859,6.8091],[11.5859,6.8114],[11.5859,6.8136],[11.5814,6.8159],[11.5791,6.8159],[11.5791,6.8181],[11.5791,6.8204],[11.5791,6.8226],[11.5791,6.8249],[11.5791,6.8271],[11.5814,6.8271],[11.5814,6.8316],[11.5814,6.8338],[11.5791,6.8406],[11.5791,6.8428],[11.5769,6.8428],[11.5746,6.8428],[11.5746,6.8451],[11.5724,6.8451],[11.5724,6.8473],[11.5701,6.8473],[11.5701,6.8496],[11.5679,6.8496],[11.5656,6.8518],[11.5612,6.8518],[11.5612,6.8496],[11.5589,6.8496],[11.5589,6.8518],[11.5567,6.8518],[11.5544,6.8518],[11.5544,6.854],[11.5544,6.8585],[11.5567,6.8653],[11.5589,6.8653],[11.5612,6.8698],[11.5656,6.8743],[11.5656,6.8765],[11.5634,6.8787],[11.5634,6.881],[11.5634,6.8832],[11.5634,6.8855],[11.5656,6.8855],[11.5656,6.8877],[11.5679,6.8877],[11.5679,6.89],[11.5701,6.8922],[11.5724,6.8967],[11.5746,6.899],[11.5769,6.9035],[11.5814,6.9057],[11.5814,6.9079],[11.5836,6.9079],[11.5859,6.9079],[11.5926,6.9057],[11.5948,6.9057],[11.5993,6.9057],[11.5993,6.9079],[11.6038,6.9079],[11.6038,6.9102],[11.6083,6.9124],[11.6083,6.9147],[11.6083,6.9169],[11.6083,6.9192],[11.6083,6.9214],[11.6083,6.9237],[11.6061,6.9237],[11.6061,6.9259],[11.6038,6.9304],[11.6038,6.9326],[11.6038,6.9349],[11.6061,6.9371],[11.6106,6.9416],[11.615,6.9416],[11.615,6.9439],[11.6195,6.9461],[11.6218,6.9484],[11.624,6.9506],[11.624,6.9529],[11.624,6.9551],[11.6218,6.9596],[11.6218,6.9708],[11.6218,6.9731],[11.624,6.9776],[11.624,6.9798],[11.6308,6.9888],[11.6353,6.9888],[11.6487,6.9888],[11.651,6.9888],[11.6532,6.9888],[11.6555,6.9888],[11.6555,6.9865],[11.6577,6.9865],[11.6577,6.9888],[11.66,6.9888],[11.66,6.991],[11.6577,6.991],[11.6577,6.9933],[11.6577,6.9955],[11.6577,6.9978],[11.66,6.9978],[11.6622,6.9978],[11.6645,6.9978],[11.6689,6.9978],[11.6689,7.0],[11.6712,7.0],[11.6712,7.0023],[11.6712,7.0045],[11.6734,7.0045],[11.6757,7.0045],[11.6779,7.0045],[11.6779,7.0068],[11.6802,7.0068],[11.6802,7.009],[11.6802,7.0112],[11.6802,7.0135],[11.6779,7.0135],[11.6779,7.0157],[11.6802,7.0157],[11.6869,7.0225],[11.6959,7.027],[11.7004,7.027],[11.7026,7.0292],[11.7071,7.0315],[11.7094,7.0315],[11.7094,7.0337],[11.7116,7.0315],[11.7139,7.0315],[11.7139,7.0337],[11.7139,7.036],[11.7139,7.0382],[11.7116,7.0382],[11.7116,7.0404],[11.7139,7.0427],[11.7184,7.0449],[11.7184,7.0472],[11.7228,7.0494],[11.7296,7.0494],[11.7318,7.0494],[11.7341,7.0494],[11.7363,7.0494],[11.7386,7.0494],[11.7408,7.0494],[11.7431,7.0472],[11.7453,7.0472],[11.7475,7.0472],[11.7498,7.0472],[11.752,7.0472],[11.7543,7.0472],[11.7565,7.0449],[11.7588,7.0449],[11.7633,7.0427],[11.7655,7.0427],[11.7678,7.0427],[11.77,7.0427],[11.7723,7.0427],[11.7745,7.0427],[11.779,7.0449],[11.779,7.0472],[11.7857,7.0607],[11.7857,7.0629],[11.7857,7.0651],[11.7857,7.0674],[11.788,7.0674],[11.788,7.0696],[11.7902,7.0696],[11.7925,7.0696],[11.7947,7.0719],[11.797,7.0719],[11.7992,7.0764],[11.8014,7.0786],[11.8014,7.0809],[11.8037,7.0809],[11.8037,7.0831],[11.8082,7.0809],[11.8104,7.0809],[11.8104,7.0786],[11.8127,7.0786],[11.8127,7.0764],[11.8194,7.0741],[11.8239,7.0696],[11.8261,7.0674],[11.8284,7.0674],[11.8329,7.0741],[11.8329,7.0764],[11.8329,7.0786],[11.8306,7.0786],[11.8306,7.0809],[11.8329,7.0831],[11.8351,7.0854],[11.8374,7.0876],[11.8396,7.0854],[11.8419,7.0854],[11.8441,7.0854],[11.8441,7.0876],[11.8464,7.0876],[11.8486,7.0876],[11.8486,7.0854],[11.8486,7.0831],[11.8486,7.0809],[11.8509,7.0809],[11.8531,7.0809],[11.8553,7.0809],[11.8576,7.0809],[11.8598,7.0809],[11.8621,7.0786],[11.8621,7.0764],[11.8666,7.0764],[11.8666,7.0786],[11.8688,7.0854],[11.8688,7.0876],[11.8688,7.0899],[11.8688,7.0921],[11.8711,7.0943],[11.8733,7.0943],[11.8756,7.0966],[11.8778,7.0966],[11.8778,7.0988],[11.88,7.0988],[11.88,7.1011],[11.8778,7.1011],[11.8778,7.1033],[11.88,7.1056],[11.88,7.1078],[11.88,7.1101],[11.88,7.1123],[11.8778,7.1123],[11.8733,7.1168],[11.8733,7.119],[11.8711,7.1213],[11.8711,7.1235],[11.8711,7.1258],[11.8688,7.1258],[11.8666,7.1258],[11.8666,7.128],[11.8643,7.1303],[11.8621,7.1393],[11.8598,7.1415],[11.8598,7.1437],[11.8621,7.1505],[11.8621,7.1527],[11.8643,7.1527],[11.8643,7.155],[11.8643,7.1572],[11.8643,7.1595],[11.8621,7.1595],[11.8621,7.1617],[11.8598,7.1617],[11.8576,7.1662],[11.8576,7.1685],[11.8576,7.1729],[11.8598,7.1752],[11.8598,7.1774],[11.8621,7.1774],[11.8643,7.1797],[11.8643,7.1819],[11.8643,7.1842],[11.8643,7.1864],[11.8621,7.1864],[11.8621,7.1887],[11.8598,7.1887],[11.8576,7.1909],[11.8553,7.1909],[11.8553,7.1932],[11.8576,7.1999],[11.8576,7.2021],[11.8598,7.2021],[11.8598,7.2044],[11.8598,7.2066],[11.8576,7.2089],[11.8576,7.2156],[11.8598,7.2179],[11.8643,7.2179],[11.8643,7.2201],[11.8666,7.2201],[11.8666,7.2224],[11.8666,7.2291],[11.8688,7.2336],[11.8711,7.2358],[11.8733,7.2381],[11.8756,7.2381],[11.88,7.2426],[11.88,7.2448],[11.8823,7.2448],[11.8823,7.2471],[11.88,7.2471],[11.88,7.2493],[11.8778,7.2493],[11.8733,7.2493],[11.8711,7.2493],[11.8643,7.2515],[11.8621,7.2515],[11.8598,7.2515],[11.8576,7.2515],[11.8576,7.2538],[11.8553,7.2538],[11.8531,7.2538],[11.8509,7.2538],[11.8486,7.2538],[11.8464,7.2538],[11.8441,7.2605],[11.8419,7.2673],[11.8419,7.2695],[11.8441,7.2718],[11.8464,7.274],[11.8509,7.2762],[11.8531,7.2762],[11.8553,7.2785],[11.8576,7.2852],[11.8576,7.2875],[11.8598,7.292],[11.8598,7.2942],[11.8621,7.2987],[11.8643,7.2987],[11.8643,7.301],[11.8688,7.3054],[11.8711,7.3077],[11.8733,7.3077],[11.8733,7.3099],[11.8778,7.3167],[11.8823,7.3234],[11.8868,7.3301],[11.889,7.3324],[11.8531,7.3773],[11.8509,7.3863],[11.8441,7.3975],[11.8329,7.4177],[11.8104,7.4424],[11.8037,7.4469],[11.8014,7.4492],[11.7767,7.4806],[11.7723,7.4873],[11.7678,7.5121],[11.7633,7.5412],[11.7633,7.548],[11.7633,7.5592],[11.7655,7.5682],[11.7655,7.5749],[11.7678,7.5817],[11.7678,7.5907],[11.7678,7.5974],[11.7655,7.6041],[11.7655,7.6154],[11.77,7.6266],[11.7723,7.6513],[11.7723,7.6648],[11.77,7.6827],[11.7655,7.694],[11.7588,7.7254],[11.7543,7.7321],[11.7475,7.7434],[11.7341,7.7591],[11.7139,7.7748],[11.7116,7.7771],[11.7049,7.786],[11.6869,7.795],[11.6824,7.8018],[11.6802,7.8107],[11.6757,7.8197],[11.6712,7.8287],[11.6577,7.8467],[11.651,7.8579],[11.6465,7.8669],[11.6353,7.8759],[11.624,7.8848],[11.5948,7.8983],[11.5791,7.9051],[11.5701,7.9051],[11.5634,7.9051],[11.5522,7.9028],[11.5499,7.9028],[11.5454,7.8961],[11.5409,7.8916],[11.5387,7.8871],[11.5387,7.8826],[11.5342,7.8736],[11.532,7.8669],[11.5275,7.8534],[11.5252,7.8444],[11.5162,7.8242],[11.514,7.8152],[11.5073,7.8062],[11.5005,7.7995],[11.4938,7.7995],[11.4893,7.7995],[11.4825,7.8107],[11.4736,7.8152],[11.4646,7.8287],[11.4534,7.8422],[11.4354,7.8669],[11.4264,7.8759],[11.4197,7.8871],[11.4107,7.8983],[11.3995,7.923],[11.3927,7.9387],[11.3837,7.95],[11.3725,7.9657],[11.3658,7.9747],[11.3658,7.9769],[11.3635,7.9837],[11.359,7.9904],[11.3568,7.9926],[11.3545,7.9971],[11.3523,8.0016],[11.35,8.0129],[11.3411,8.0196],[11.3411,8.0218],[11.3433,8.0286],[11.3478,8.0308],[11.35,8.0286],[11.3545,8.0263],[11.3545,8.0331],[11.3523,8.0353],[11.3478,8.0353],[11.3456,8.0376],[11.3456,8.0421],[11.3523,8.0465],[11.3568,8.0555],[11.3635,8.0645],[11.377,8.078],[11.3792,8.0825],[11.3837,8.087],[11.3905,8.0937],[11.4017,8.1004],[11.4084,8.1072],[11.4264,8.1229],[11.4399,8.1364],[11.4623,8.1566],[11.4781,8.1701],[11.496,8.1858],[11.505,8.1948],[11.514,8.206],[11.523,8.215],[11.5387,8.2352],[11.5454,8.2464],[11.5499,8.2509],[11.5544,8.2599],[11.5612,8.2734],[11.5656,8.2846],[11.5724,8.2981],[11.5769,8.3048],[11.5859,8.3205],[11.5903,8.3318],[11.6016,8.352],[11.615,8.3699],[11.6195,8.3722],[11.6218,8.3767],[11.6285,8.3857],[11.633,8.3924],[11.6375,8.4036],[11.6465,8.4171],[11.651,8.4261],[11.6555,8.4306],[11.6622,8.4351],[11.6689,8.4418],[11.6734,8.4485],[11.6847,8.453],[11.6892,8.4575],[11.6981,8.4598],[11.7094,8.4643],[11.7161,8.4643],[11.7296,8.471],[11.7498,8.489],[11.7655,8.5047],[11.7812,8.5137],[11.7857,8.5226],[11.7902,8.5316],[11.797,8.5473],[11.7925,8.5631],[11.7902,8.5698],[11.7857,8.5788],[11.779,8.5968],[11.779,8.6057],[11.779,8.6102],[11.7812,8.617],[11.7835,8.6304],[11.788,8.6417],[11.7902,8.6439],[11.7902,8.6507],[11.797,8.6641],[11.8104,8.6798],[11.8127,8.6888],[11.8172,8.7023],[11.8261,8.7203],[11.8284,8.727],[11.8306,8.7405],[11.8621,8.8034],[11.8733,8.8146],[11.8778,8.8213],[11.8913,8.8438],[11.9003,8.8573],[11.9025,8.8707],[11.9025,8.8909],[11.9025,8.9022],[11.9003,8.9157],[11.898,8.9269],[11.8958,8.9336],[11.8935,8.9448],[11.8845,8.9561],[11.88,8.9673],[11.8756,8.9763],[11.8643,8.992],[11.8576,9.0032],[11.8486,9.0055],[11.8441,9.0055],[11.8306,9.0077],[11.8194,9.0122],[11.8037,9.0145],[11.7925,9.019],[11.7767,9.0279],[11.7678,9.0347],[11.7588,9.0437],[11.752,9.0504],[11.7498,9.0504],[11.7431,9.0526],[11.7341,9.0526],[11.7296,9.0616],[11.7228,9.0639],[11.7161,9.0684],[11.7094,9.0706],[11.7071,9.0751],[11.6981,9.0953],[11.6959,9.1065],[11.6959,9.1133],[11.6959,9.12],[11.6959,9.1268],[11.6959,9.1335],[11.6981,9.1447],[11.7004,9.1492],[11.7026,9.1604],[11.7026,9.1762],[11.7026,9.1806],[11.7004,9.1896],[11.6981,9.1986],[11.6981,9.2031],[11.7004,9.2098],[11.6937,9.2188],[11.6869,9.2301],[11.6779,9.2435],[11.6712,9.2525],[11.6667,9.266],[11.6622,9.2727],[11.66,9.2772],[11.6555,9.2862],[11.6532,9.2907],[11.651,9.2952],[11.6487,9.2974],[11.6487,9.3064],[11.6353,9.3221],[11.6285,9.3289],[11.6218,9.3379],[11.6128,9.3513],[11.6038,9.367],[11.6016,9.3715],[11.5971,9.3783],[11.5769,9.3805],[11.5567,9.3805],[11.5499,9.385],[11.5409,9.3918],[11.5364,9.3985],[11.5342,9.403],[11.5252,9.4075],[11.5162,9.4209],[11.5117,9.4277],[11.5073,9.4344],[11.4983,9.4412],[11.4938,9.4501],[11.4848,9.4636],[11.4781,9.4659],[11.4691,9.4771],[11.4578,9.4951],[11.4511,9.5063],[11.4421,9.5287],[11.4354,9.54],[11.4287,9.549],[11.4197,9.5467],[11.4062,9.5445],[11.3815,9.5467],[11.3748,9.5467],[11.368,9.5467],[11.3456,9.549],[11.3388,9.549],[11.3209,9.549],[11.2984,9.549],[11.2939,9.549],[11.2782,9.5467],[11.2692,9.549],[11.2557,9.5534],[11.2445,9.5624],[11.2265,9.5692],[11.222,9.5692],[11.2108,9.5647],[11.1996,9.5602],[11.1928,9.5579],[11.1816,9.5557],[11.1704,9.5534],[11.1614,9.5512],[11.1502,9.5512],[11.1389,9.5512],[11.1255,9.5512],[11.0985,9.5512],[11.0716,9.5512],[11.0626,9.5512],[11.0356,9.549],[11.0267,9.549],[11.0199,9.549],[11.0087,9.5512],[10.993,9.5602],[10.984,9.5647],[10.9795,9.5714],[10.9773,9.5737],[10.975,9.5939],[10.9728,9.5916],[10.9458,9.5939],[10.9323,9.5984],[10.9256,9.6006],[10.9144,9.6051],[10.9054,9.6073],[10.9009,9.6118],[10.8874,9.6163],[10.8762,9.6163],[10.856,9.6186],[10.838,9.6186],[10.8201,9.6163],[10.7998,9.6141],[10.7841,9.6118],[10.7796,9.6096],[10.7706,9.6051],[10.7617,9.5984],[10.7572,9.5916],[10.7504,9.5849],[10.7437,9.5804],[10.7302,9.5647],[10.7235,9.5624],[10.7167,9.5602],[10.71,9.5557],[10.7055,9.5512],[10.6853,9.5422],[10.6786,9.54],[10.6718,9.54],[10.6561,9.5445],[10.6247,9.5557],[10.609,9.5624],[10.6022,9.5624],[10.5887,9.5647],[10.5798,9.5602],[10.5685,9.5534],[10.5528,9.5422],[10.5483,9.5377],[10.5416,9.5332],[10.5371,9.5265],[10.5214,9.5175],[10.5169,9.5108],[10.5191,9.504],[10.5326,9.4928],[10.5483,9.4771],[10.5573,9.4726],[10.5663,9.4659],[10.5775,9.4456],[10.5798,9.4389],[10.5798,9.4187],[10.5775,9.4097],[10.5708,9.4007],[10.5685,9.4007],[10.564,9.3962],[10.5595,9.3895],[10.5595,9.3828],[10.564,9.3783],[10.5663,9.3715],[10.5618,9.3626],[10.5595,9.3513],[10.5708,9.3379],[10.573,9.3334],[10.5775,9.3334],[10.5798,9.3266],[10.582,9.3131],[10.5798,9.3064],[10.5775,9.2974],[10.5775,9.2907],[10.5798,9.2458],[10.5887,9.239],[10.5932,9.2323],[10.5977,9.2233],[10.5977,9.2098],[10.6,9.1964],[10.6112,9.1896],[10.6134,9.1829],[10.6112,9.1762],[10.6112,9.1672],[10.6134,9.1649],[10.6134,9.1492],[10.6179,9.1402],[10.6247,9.138],[10.6292,9.1335],[10.6337,9.1312],[10.6359,9.1268],[10.6359,9.12],[10.6337,9.111],[10.6247,9.102],[10.6247,9.0998],[10.6224,9.0931],[10.6269,9.0908],[10.6337,9.0863],[10.6381,9.0818],[10.6404,9.0729],[10.6381,9.0549],[10.6337,9.0437],[10.6292,9.0302],[10.6269,9.019],[10.6202,9.0077],[10.6134,9.0032],[10.6067,8.992],[10.6022,8.9853],[10.5977,8.9763],[10.5887,8.974],[10.5663,8.9695],[10.5551,8.9695],[10.5438,8.9695],[10.5393,8.9695],[10.5303,8.9695],[10.5191,8.9673],[10.5101,8.9695],[10.4989,8.9651],[10.4899,8.9651],[10.4697,8.9628],[10.463,8.9628],[10.445,8.9561],[10.427,8.9471],[10.4203,8.9448],[10.4068,8.9336],[10.4001,8.9269],[10.3889,8.9201],[10.3799,8.9134],[10.3754,8.9089],[10.3731,8.9044],[10.3687,8.9022],[10.3619,8.8954],[10.3574,8.8932],[10.3507,8.8887],[10.3417,8.8797],[10.335,8.8707],[10.3305,8.864],[10.326,8.8573],[10.3058,8.846],[10.299,8.8393],[10.2766,8.8258],[10.2676,8.8191],[10.2564,8.8146],[10.2496,8.8079],[10.2451,8.8034],[10.2362,8.7921],[10.2294,8.7876],[10.2249,8.7854],[10.2137,8.7742],[10.207,8.7652],[10.1957,8.754],[10.189,8.7495],[10.1845,8.7405],[10.18,8.7315],[10.1778,8.7293],[10.162,8.7158],[10.1486,8.7023],[10.1239,8.6776],[10.1171,8.6731],[10.1081,8.6619],[10.1037,8.6551],[10.0969,8.6462],[10.0857,8.6349],[10.0655,8.6125],[10.061,8.6057],[10.052,8.5923],[10.043,8.5855],[10.0318,8.5743],[10.0251,8.5698],[10.0228,8.5653],[10.0116,8.5563],[10.0071,8.5541],[10.0048,8.5496],[9.9981,8.5406],[9.9936,8.5361],[9.9824,8.5294],[9.9712,8.5204],[9.9622,8.5137],[9.9577,8.5069],[9.9532,8.5024],[9.9509,8.4979],[9.933,8.4867],[9.9262,8.4845],[9.9195,8.4777],[9.915,8.4732],[9.9083,8.4665],[9.8903,8.4485],[9.8791,8.4396],[9.8701,8.4306],[9.8634,8.4283],[9.8566,8.4261],[9.8409,8.4171],[9.8364,8.4126],[9.8252,8.4059],[9.8095,8.3969],[9.796,8.3901],[9.7735,8.3789],[9.7623,8.3699],[9.7556,8.3677],[9.7331,8.3699],[9.7106,8.3722],[9.6927,8.3767],[9.668,8.3812],[9.6478,8.3857],[9.6388,8.3857],[9.6276,8.3879],[9.6208,8.3879],[9.6231,8.3834],[9.6186,8.3767],[9.6141,8.3609],[9.6118,8.3497],[9.6118,8.3407],[9.6118,8.3295],[9.6141,8.3183],[9.6186,8.3026],[9.6163,8.2958],[9.6096,8.2913],[9.6006,8.2936],[9.5849,8.2981],[9.5624,8.3026],[9.5467,8.3048],[9.5355,8.3026],[9.5243,8.3026],[9.513,8.3026],[9.4928,8.3048],[9.4838,8.3071],[9.4659,8.3115],[9.4524,8.3183],[9.4322,8.3273],[9.4209,8.3318],[9.4075,8.3385],[9.4007,8.343],[9.3895,8.3497],[9.3828,8.3497],[9.376,8.3497],[9.367,8.343],[9.3626,8.3407],[9.3603,8.334],[9.3558,8.3273],[9.3536,8.316],[9.3491,8.3026],[9.3423,8.2846],[9.3356,8.2756],[9.3311,8.2689],[9.3266,8.2644],[9.3244,8.2532],[9.3266,8.2464],[9.3289,8.2374],[9.3468,8.2262],[9.3536,8.224],[9.3581,8.2217],[9.3715,8.215],[9.3805,8.2082],[9.3895,8.2015],[9.3985,8.197],[9.4052,8.188],[9.412,8.1768],[9.4052,8.1656],[9.4007,8.1588],[9.3918,8.1566],[9.3873,8.1498],[9.3918,8.1319],[9.3918,8.1184],[9.3918,8.1027],[9.394,8.0937],[9.3985,8.087],[9.403,8.0802],[9.4142,8.0712],[9.4165,8.0623],[9.4052,8.0465],[9.3873,8.0331],[9.3783,8.0286],[9.3693,8.0173],[9.3603,8.0129],[9.3513,8.0061],[9.3468,8.0016],[9.3401,7.9904],[9.3356,7.9859],[9.3064,7.9679],[9.2817,7.9567],[9.2503,7.9455],[9.2211,7.9275],[9.1784,7.9073],[9.1806,7.9028],[9.1829,7.8961],[9.1829,7.8916],[9.1784,7.8893],[9.1739,7.8871],[9.1717,7.8871],[9.1694,7.8826],[9.1627,7.8691],[9.1492,7.8601],[9.1402,7.8489],[9.1245,7.8265],[9.1155,7.8085],[9.12,7.7928]]]}},{"type":"Feature","properties":{"id":"adamawa","name":"Adamawa"},"geometry":{"type":"Polygon","coordinates":[[[12.8547,9.3715],[12.857,9.3693],[12.8592,9.3693],[12.8614,9.3693],[12.8682,9.3693],[12.8682,9.3715],[12.8682,9.376],[12.8682,9.3783],[12.8682,9.3805],[12.8704,9.3828],[12.8727,9.3828],[12.8749,9.3828],[12.8749,9.385],[12.8772,9.3873],[12.8772,9.3895],[12.8772,9.3918],[12.8794,9.394],[12.8817,9.394],[12.8839,9.3962],[12.8884,9.3985],[12.8884,9.3962],[12.8906,9.3962],[12.8974,9.3962],[12.9041,9.3985],[12.9041,9.4007],[12.9064,9.4007],[12.9064,9.403],[12.9108,9.4052],[12.9131,9.4052],[12.9153,9.4075],[12.9176,9.4097],[12.9198,9.4097],[12.9221,9.4097],[12.9243,9.4097],[12.9243,9.4075],[12.9288,9.4097],[12.9288,9.412],[12.9311,9.412],[12.9311,9.4142],[12.9333,9.4142],[12.9356,9.4142],[12.9378,9.4142],[12.94,9.4142],[12.94,9.4165],[12.9445,9.4209],[12.9445,9.4232],[12.9445,9.4254],[12.9445,9.4277],[12.9468,9.4299],[12.9513,9.4367],[12.9513,9.4389],[12.9535,9.4389],[12.9558,9.4389],[12.958,9.4389],[12.9603,9.4389],[12.9603,9.4412],[12.9625,9.4412],[12.967,9.4479],[12.9692,9.4501],[12.9715,9.4524],[12.9737,9.4546],[12.9737,9.4569],[12.9737,9.4614],[12.9737,9.4681],[12.976,9.4681],[12.976,9.4704],[12.9782,9.4704],[12.9782,9.4681],[12.9805,9.4659],[12.9827,9.4659],[12.985,9.4659],[12.985,9.4681],[12.9872,9.4681],[12.9872,9.4704],[12.9895,9.4726],[12.9917,9.4748],[12.9939,9.4748],[12.9962,9.4748],[13.0029,9.4793],[13.0052,9.4816],[13.0074,9.4816],[13.0097,9.4861],[13.0097,9.4883],[13.0097,9.4906],[13.0119,9.4906],[13.0164,9.4928],[13.0186,9.4928],[13.0209,9.4951],[13.0231,9.4951],[13.0254,9.4973],[13.0276,9.4995],[13.0299,9.5018],[13.0321,9.504],[13.0344,9.504],[13.0344,9.5063],[13.0366,9.5063],[13.0389,9.5063],[13.0456,9.504],[13.0478,9.504],[13.0501,9.5063],[13.0591,9.5108],[13.0613,9.513],[13.0613,9.5153],[13.0681,9.5153],[13.0703,9.5153],[13.0703,9.513],[13.0725,9.513],[13.0793,9.5108],[13.0815,9.5108],[13.0838,9.5108],[13.086,9.5108],[13.0883,9.5108],[13.0883,9.513],[13.0883,9.5175],[13.0883,9.5198],[13.0905,9.522],[13.0928,9.5243],[13.095,9.5243],[13.095,9.5265],[13.0972,9.5265],[13.1017,9.5243],[13.104,9.5243],[13.104,9.522],[13.1062,9.522],[13.1107,9.5243],[13.113,9.5265],[13.1197,9.5265],[13.122,9.5265],[13.1242,9.5265],[13.1264,9.5265],[13.1309,9.5287],[13.1309,9.531],[13.1377,9.5332],[13.1377,9.5355],[13.1399,9.5355],[13.1489,9.5377],[13.1534,9.54],[13.1556,9.54],[13.1579,9.54],[13.1579,9.5377],[13.1601,9.5377],[13.1624,9.5377],[13.1646,9.5377],[13.1646,9.54],[13.1646,9.5422],[13.1669,9.5422],[13.1691,9.5422],[13.1714,9.5422],[13.1736,9.5422],[13.1758,9.5445],[13.1826,9.549],[13.1848,9.549],[13.1871,9.5534],[13.1871,9.5557],[13.1893,9.5557],[13.1893,9.5579],[13.1916,9.5579],[13.1938,9.5602],[13.1938,9.5579],[13.1961,9.5579],[13.1961,9.5557],[13.1983,9.5557],[13.2006,9.5557],[13.205,9.5557],[13.2073,9.5557],[13.2095,9.5557],[13.2095,9.5579],[13.214,9.5624],[13.2163,9.5669],[13.2208,9.5737],[13.2208,9.5759],[13.223,9.5759],[13.2253,9.5781],[13.2253,9.5804],[13.2275,9.5826],[13.2275,9.5849],[13.2275,9.5871],[13.2275,9.5894],[13.2275,9.5916],[13.2275,9.5939],[13.2253,9.5939],[13.2253,9.5961],[13.2253,9.5984],[13.2253,9.6006],[13.2275,9.6051],[13.2297,9.6073],[13.2297,9.6096],[13.232,9.6096],[13.232,9.6118],[13.2342,9.6141],[13.2342,9.6163],[13.2365,9.6208],[13.2342,9.6231],[13.2342,9.6253],[13.232,9.6253],[13.232,9.6276],[13.2297,9.6365],[13.2297,9.6388],[13.2297,9.6433],[13.232,9.6433],[13.2297,9.6478],[13.2275,9.6478],[13.2275,9.65],[13.2297,9.65],[13.232,9.6567],[13.2342,9.6567],[13.2365,9.659],[13.2365,9.6612],[13.2365,9.668],[13.2365,9.6702],[13.2342,9.6702],[13.2342,9.6725],[13.232,9.6725],[13.232,9.6747],[13.2297,9.6747],[13.232,9.6815],[13.232,9.6859],[13.2342,9.6859],[13.2342,9.6882],[13.2365,9.6882],[13.2387,9.6882],[13.241,9.6882],[13.2455,9.6904],[13.2477,9.6904],[13.2477,9.6927],[13.2477,9.6949],[13.2477,9.6972],[13.25,9.6972],[13.2522,9.6972],[13.2522,9.6994],[13.2522,9.7017],[13.2522,9.7039],[13.25,9.7039],[13.25,9.7084],[13.2477,9.7084],[13.2477,9.7106],[13.2477,9.7129],[13.25,9.7151],[13.25,9.7174],[13.25,9.7196],[13.25,9.7219],[13.25,9.7241],[13.2522,9.7241],[13.2522,9.7264],[13.2545,9.7264],[13.2545,9.7286],[13.2567,9.7286],[13.2567,9.7309],[13.2589,9.7376],[13.2589,9.7398],[13.2589,9.7421],[13.2589,9.7466],[13.2567,9.7466],[13.2567,9.7488],[13.2567,9.7511],[13.2567,9.7578],[13.2567,9.7601],[13.2589,9.7645],[13.2612,9.7645],[13.2612,9.7668],[13.2612,9.769],[13.2589,9.7713],[13.2589,9.7735],[13.2634,9.7803],[13.2747,9.7937],[13.2814,9.7982],[13.2836,9.8005],[13.2859,9.8005],[13.2859,9.8027],[13.2881,9.8027],[13.2881,9.805],[13.2881,9.8072],[13.2904,9.8095],[13.2904,9.8117],[13.2904,9.814],[13.2926,9.814],[13.2949,9.8162],[13.2971,9.8184],[13.2994,9.8184],[13.2994,9.8207],[13.2994,9.8229],[13.3016,9.8229],[13.3016,9.8252],[13.3016,9.8274],[13.2994,9.8319],[13.2971,9.8342],[13.2926,9.8342],[13.2926,9.8364],[13.2904,9.8364],[13.2904,9.8387],[13.2904,9.8409],[13.2881,9.8409],[13.2836,9.8431],[13.2814,9.8454],[13.2792,9.8454],[13.2769,9.8454],[13.2769,9.8476],[13.2747,9.8476],[13.2747,9.8499],[13.2702,9.8521],[13.2679,9.8521],[13.2679,9.8499],[13.2657,9.8499],[13.2634,9.8521],[13.2612,9.8521],[13.2612,9.8544],[13.2589,9.8544],[13.2589,9.8566],[13.2567,9.8566],[13.2522,9.8589],[13.2477,9.8611],[13.2455,9.8611],[13.2455,9.8634],[13.2432,9.8634],[13.2432,9.8656],[13.2455,9.8701],[13.2455,9.8723],[13.2432,9.8791],[13.2432,9.8813],[13.241,9.8813],[13.2387,9.8836],[13.2365,9.8858],[13.2365,9.8926],[13.2365,9.8948],[13.2365,9.897],[13.2365,9.8993],[13.2365,9.9038],[13.2365,9.906],[13.2342,9.906],[13.2365,9.9105],[13.241,9.915],[13.2455,9.9217],[13.2477,9.9262],[13.2522,9.9285],[13.2612,9.9285],[13.2657,9.9262],[13.2702,9.9285],[13.2702,9.933],[13.2747,9.9352],[13.2747,9.9375],[13.2769,9.9375],[13.2792,9.9375],[13.2814,9.9375],[13.2814,9.9397],[13.2792,9.942],[13.2769,9.942],[13.2769,9.9442],[13.2769,9.9465],[13.2792,9.9465],[13.2814,9.9465],[13.2836,9.9487],[13.2836,9.9509],[13.2859,9.9554],[13.2859,9.9577],[13.2859,9.9599],[13.2881,9.9622],[13.2859,9.9622],[13.2859,9.9644],[13.2859,9.9689],[13.2859,9.9712],[13.2881,9.9712],[13.2881,9.9734],[13.2881,9.9779],[13.2881,9.9801],[13.2859,9.9801],[13.2836,9.9846],[13.2769,9.9891],[13.2769,9.9914],[13.2702,9.9914],[13.2679,9.9914],[13.2657,9.9914],[13.2634,9.9936],[13.2612,9.9936],[13.2567,9.9959],[13.2545,9.9959],[13.2522,9.9959],[13.2477,10.0026],[13.2477,10.0048],[13.2477,10.0116],[13.25,10.0138],[13.25,10.0183],[13.2477,10.0183],[13.2477,10.0206],[13.2477,10.0251],[13.2477,10.0273],[13.25,10.0273],[13.25,10.0295],[13.25,10.0318],[13.2477,10.034],[13.2477,10.0363],[13.25,10.0363],[13.2567,10.034],[13.2657,10.034],[13.2679,10.034],[13.2679,10.0318],[13.2702,10.0318],[13.2724,10.0318],[13.2724,10.034],[13.2747,10.034],[13.2792,10.0363],[13.2814,10.0363],[13.2904,10.0475],[13.2949,10.0542],[13.2971,10.0587],[13.2971,10.061],[13.2949,10.07],[13.2949,10.0722],[13.2949,10.0745],[13.2971,10.0834],[13.2971,10.0857],[13.2994,10.0879],[13.3016,10.0879],[13.3039,10.0924],[13.3061,10.0924],[13.3061,10.0969],[13.3061,10.0992],[13.3061,10.1014],[13.3083,10.1037],[13.3083,10.1059],[13.3106,10.1059],[13.3128,10.1059],[13.3151,10.1059],[13.3173,10.1059],[13.3196,10.1059],[13.3218,10.1081],[13.3286,10.1104],[13.3308,10.1126],[13.3331,10.1149],[13.3398,10.1171],[13.342,10.1171],[13.3443,10.1171],[13.3443,10.1149],[13.3443,10.1126],[13.3443,10.1104],[13.3443,10.1081],[13.3465,10.1081],[13.3488,10.1081],[13.351,10.1081],[13.3555,10.1081],[13.3578,10.1081],[13.36,10.1081],[13.3645,10.1126],[13.3645,10.1149],[13.3645,10.1171],[13.3667,10.1171],[13.3735,10.1171],[13.3757,10.1171],[13.378,10.1171],[13.3869,10.1171],[13.3892,10.1171],[13.3914,10.1149],[13.3937,10.1149],[13.3959,10.1126],[13.3982,10.1126],[13.4004,10.1126],[13.4004,10.1149],[13.4004,10.1171],[13.4004,10.1194],[13.4004,10.1216],[13.4004,10.1239],[13.3982,10.1239],[13.3959,10.1239],[13.3959,10.1261],[13.3937,10.1261],[13.3937,10.1284],[13.3959,10.1351],[13.3982,10.1351],[13.4004,10.1351],[13.4049,10.1306],[13.4072,10.1284],[13.4139,10.1261],[13.4161,10.1239],[13.4184,10.1216],[13.4206,10.1216],[13.4296,10.1194],[13.4319,10.1194],[13.4341,10.1216],[13.4341,10.1239],[13.4341,10.1261],[13.4341,10.1306],[13.4341,10.1351],[13.4364,10.1373],[13.4364,10.1396],[13.4386,10.1396],[13.4386,10.1418],[13.4386,10.1441],[13.4364,10.1441],[13.4364,10.1463],[13.4341,10.1486],[13.4319,10.1486],[13.4296,10.1486],[13.4251,10.1508],[13.4229,10.1531],[13.4229,10.1553],[13.4229,10.1576],[13.4251,10.1576],[13.4274,10.1576],[13.4296,10.1598],[13.4319,10.1598],[13.4341,10.1576],[13.4408,10.1598],[13.4453,10.1598],[13.4521,10.162],[13.4521,10.1643],[13.4521,10.1665],[13.4521,10.1688],[13.4543,10.1688],[13.4543,10.171],[13.4566,10.171],[13.4566,10.1688],[13.4588,10.1688],[13.4588,10.1665],[13.4611,10.1665],[13.4633,10.1688],[13.4678,10.1733],[13.4678,10.1755],[13.4678,10.1778],[13.47,10.1823],[13.4678,10.1845],[13.4678,10.1867],[13.4678,10.1912],[13.47,10.1912],[13.47,10.1935],[13.4723,10.1912],[13.4745,10.1912],[13.4768,10.1912],[13.479,10.189],[13.4835,10.1935],[13.4858,10.1957],[13.488,10.198],[13.4903,10.198],[13.4925,10.2002],[13.497,10.2047],[13.4992,10.2047],[13.4992,10.207],[13.5037,10.2204],[13.5037,10.2227],[13.5037,10.2249],[13.4992,10.2317],[13.4992,10.2339],[13.5015,10.2339],[13.5015,10.2362],[13.4992,10.2362],[13.4992,10.2384],[13.497,10.2451],[13.497,10.2474],[13.497,10.2496],[13.4992,10.2496],[13.4992,10.2519],[13.506,10.2564],[13.5082,10.2586],[13.5082,10.2609],[13.5105,10.2609],[13.5105,10.2631],[13.5127,10.2631],[13.515,10.2631],[13.5172,10.2631],[13.5172,10.2653],[13.5194,10.2653],[13.5194,10.2676],[13.5217,10.2698],[13.5217,10.2721],[13.5217,10.2743],[13.5217,10.2766],[13.5217,10.2788],[13.5217,10.2811],[13.5217,10.2833],[13.5194,10.2856],[13.5194,10.2878],[13.5194,10.2901],[13.5194,10.2923],[13.5217,10.2968],[13.5217,10.299],[13.5239,10.3013],[13.5239,10.3035],[13.5262,10.308],[13.5284,10.3103],[13.5284,10.3125],[13.5307,10.3125],[13.5307,10.3148],[13.5329,10.3148],[13.5329,10.317],[13.5352,10.3192],[13.5352,10.3215],[13.5352,10.3237],[13.5352,10.326],[13.5374,10.3305],[13.5397,10.344],[13.5397,10.3462],[13.5419,10.3619],[13.5419,10.3664],[13.5419,10.3709],[13.5419,10.3731],[13.5419,10.3754],[13.5397,10.3754],[13.5397,10.3799],[13.5374,10.3821],[13.5374,10.3844],[13.5352,10.3866],[13.5329,10.3889],[13.5329,10.3911],[13.5307,10.3934],[13.5284,10.3956],[13.5262,10.3978],[13.5262,10.4001],[13.5262,10.4023],[13.5239,10.4068],[13.5239,10.4136],[13.5217,10.4181],[13.5217,10.4248],[13.5217,10.4315],[13.5194,10.4405],[13.5194,10.4428],[13.5194,10.445],[13.5194,10.4473],[13.5194,10.4495],[13.5194,10.4517],[13.5194,10.454],[13.5217,10.454],[13.5217,10.4562],[13.5239,10.4585],[13.5284,10.463],[13.5284,10.4652],[13.5284,10.4697],[13.5284,10.472],[13.5284,10.4742],[13.5284,10.4765],[13.5307,10.4765],[13.5329,10.4765],[13.5352,10.4765],[13.5374,10.4765],[13.5374,10.4787],[13.5374,10.4809],[13.5397,10.4809],[13.5397,10.4832],[13.5397,10.4854],[13.5397,10.4922],[13.5397,10.4944],[13.5374,10.4944],[13.5374,10.4967],[13.5374,10.5034],[13.5374,10.5056],[13.5397,10.5146],[13.5419,10.5146],[13.5442,10.5124],[13.5464,10.5101],[13.5509,10.5101],[13.5531,10.5101],[13.5554,10.5124],[13.5576,10.5124],[13.5576,10.5146],[13.5599,10.5146],[13.5599,10.5169],[13.5621,10.5169],[13.5644,10.5146],[13.5666,10.5124],[13.5666,10.5101],[13.5733,10.5056],[13.5756,10.5056],[13.5756,10.5079],[13.5756,10.5101],[13.5778,10.5101],[13.5868,10.5146],[13.5913,10.5169],[13.5936,10.5169],[13.5936,10.5191],[13.5958,10.5236],[13.5958,10.5281],[13.5936,10.5281],[13.5936,10.5303],[13.5913,10.5303],[13.5913,10.5326],[13.5891,10.5348],[13.5846,10.5438],[13.5846,10.5483],[13.5823,10.5506],[13.5823,10.5528],[13.5778,10.5528],[13.5756,10.5528],[13.5733,10.5528],[13.5733,10.5506],[13.5711,10.5506],[13.5689,10.5506],[13.5689,10.5528],[13.5666,10.5573],[13.5666,10.5595],[13.5666,10.5618],[13.5689,10.5618],[13.5689,10.564],[13.5689,10.5663],[13.5666,10.5685],[13.5666,10.5708],[13.5689,10.573],[13.5711,10.5775],[13.5711,10.5798],[13.5733,10.5842],[13.5733,10.5865],[13.5711,10.591],[13.5689,10.5932],[13.5666,10.6045],[13.5644,10.6067],[13.5644,10.609],[13.5666,10.609],[13.5666,10.6112],[13.5689,10.6112],[13.5689,10.6134],[13.5666,10.6134],[13.5666,10.6157],[13.5644,10.6157],[13.5644,10.6179],[13.5644,10.6202],[13.5644,10.6224],[13.5711,10.6224],[13.5733,10.6202],[13.5733,10.6179],[13.5756,10.6179],[13.5756,10.6157],[13.5778,10.6157],[13.5778,10.6179],[13.5801,10.6202],[13.5801,10.6269],[13.5801,10.6292],[13.5801,10.6314],[13.5801,10.6359],[13.5801,10.6381],[13.5801,10.6404],[13.5801,10.6426],[13.5801,10.6471],[13.5778,10.6539],[13.5778,10.6561],[13.5801,10.6561],[13.5846,10.6584],[13.5868,10.6606],[13.5891,10.6606],[13.5891,10.6628],[13.5891,10.6651],[13.5891,10.6696],[13.5891,10.6718],[13.5891,10.6741],[13.5891,10.6763],[13.5868,10.6763],[13.5846,10.6763],[13.5823,10.6786],[13.5823,10.6808],[13.5801,10.6831],[13.5801,10.6876],[13.5846,10.692],[13.5868,10.692],[13.5891,10.692],[13.5913,10.692],[13.5936,10.692],[13.5958,10.692],[13.5958,10.6943],[13.5981,10.6943],[13.6003,10.6943],[13.6003,10.692],[13.6048,10.692],[13.607,10.6943],[13.6093,10.6965],[13.6093,10.6988],[13.6115,10.6988],[13.6115,10.701],[13.6115,10.7033],[13.6115,10.7055],[13.6138,10.7055],[13.6183,10.7078],[13.6205,10.7078],[13.6228,10.7078],[13.625,10.7078],[13.6272,10.7078],[13.6272,10.71],[13.6272,10.7123],[13.6272,10.7145],[13.6272,10.7167],[13.6272,10.719],[13.6272,10.728],[13.6295,10.7325],[13.6295,10.7347],[13.6317,10.7414],[13.6317,10.7459],[13.6317,10.7482],[13.6317,10.7504],[13.634,10.7504],[13.6362,10.7504],[13.6385,10.7504],[13.6385,10.7527],[13.6407,10.7527],[13.6407,10.7549],[13.6407,10.7572],[13.6407,10.7594],[13.6407,10.7617],[13.6407,10.7639],[13.643,10.7639],[13.643,10.7662],[13.6452,10.7662],[13.6497,10.7684],[13.6564,10.7751],[13.6587,10.7774],[13.6587,10.7796],[13.6564,10.7796],[13.6564,10.7819],[13.6542,10.7841],[13.6519,10.7864],[13.6475,10.7886],[13.643,10.7909],[13.643,10.7931],[13.643,10.7953],[13.6452,10.7998],[13.6452,10.8021],[13.6475,10.8021],[13.6497,10.8066],[13.6519,10.8088],[13.6519,10.8111],[13.6542,10.8111],[13.6564,10.8111],[13.6587,10.8111],[13.6677,10.8111],[13.6699,10.8111],[13.6699,10.8133],[13.6744,10.8156],[13.6744,10.8178],[13.6722,10.8201],[13.6722,10.8223],[13.6744,10.8223],[13.6744,10.8268],[13.6767,10.829],[13.6767,10.8313],[13.6789,10.8358],[13.6789,10.8403],[13.6811,10.8403],[13.6811,10.8425],[13.6834,10.8448],[13.6834,10.847],[13.6856,10.847],[13.6879,10.847],[13.6879,10.8448],[13.6901,10.8448],[13.6924,10.8448],[13.7014,10.8492],[13.7014,10.8537],[13.7014,10.856],[13.7014,10.8582],[13.7036,10.8582],[13.7058,10.8582],[13.7081,10.8582],[13.7103,10.8582],[13.7126,10.8605],[13.7148,10.8605],[13.7171,10.8627],[13.7193,10.865],[13.7193,10.8717],[13.7193,10.8762],[13.7216,10.8807],[13.7238,10.8852],[13.7216,10.8919],[13.7216,10.8964],[13.7216,10.8987],[13.7216,10.9009],[13.7216,10.9031],[13.7238,10.9031],[13.7261,10.9054],[13.7283,10.9054],[13.7283,10.9076],[13.7306,10.9121],[13.7328,10.9121],[13.7328,10.9144],[13.7328,10.9166],[13.7328,10.9189],[13.7328,10.9211],[13.7328,10.9234],[13.7328,10.9256],[13.7328,10.9278],[13.7306,10.9278],[13.7261,10.9301],[13.7238,10.9323],[13.7216,10.9368],[13.7193,10.9368],[13.7171,10.9368],[13.7171,10.9391],[13.7148,10.9391],[13.7148,10.9413],[13.7126,10.9436],[13.6924,10.9458],[13.6879,10.9436],[13.6632,10.9458],[13.6587,10.9458],[13.6407,10.9458],[13.6295,10.9481],[13.6205,10.9481],[13.6138,10.9503],[13.6048,10.9503],[13.5846,10.9503],[13.5778,10.9481],[13.5733,10.9458],[13.5644,10.9413],[13.5554,10.9368],[13.5486,10.9323],[13.5464,10.9278],[13.5419,10.9256],[13.5352,10.9234],[13.5284,10.9211],[13.5172,10.9189],[13.5127,10.9144],[13.5015,10.9099],[13.4835,10.9054],[13.4745,10.9031],[13.4296,10.9031],[13.4229,10.9031],[13.4139,10.9076],[13.3982,10.9144],[13.3892,10.9189],[13.378,10.9211],[13.3622,10.9278],[13.3578,10.9301],[13.3555,10.9301],[13.351,10.9323],[13.3465,10.9301],[13.342,10.9256],[13.3375,10.9211],[13.3353,10.9144],[13.3353,10.8897],[13.3353,10.8852],[13.3353,10.8807],[13.3353,10.8784],[13.3353,10.8739],[13.3353,10.8695],[13.3353,10.8582],[13.3353,10.8492],[13.3353,10.8425],[13.3353,10.8358],[13.3353,10.8335],[13.3353,10.829],[13.3353,10.8223],[13.3353,10.8156],[13.3353,10.8066],[13.3331,10.7909],[13.3286,10.7751],[13.3263,10.7662],[13.3218,10.7527],[13.3196,10.737],[13.3173,10.7302],[13.3151,10.7257],[13.3106,10.7145],[13.3039,10.6988],[13.3016,10.6943],[13.2971,10.6876],[13.2904,10.6808],[13.2881,10.6763],[13.2836,10.6673],[13.2769,10.6516],[13.2702,10.6359],[13.2657,10.6247],[13.2634,10.6202],[13.2612,10.6179],[13.2477,10.5932],[13.2455,10.5865],[13.2432,10.5798],[13.2387,10.5685],[13.2365,10.5551],[13.2365,10.5483],[13.2342,10.5393],[13.2297,10.5303],[13.2253,10.5169],[13.2253,10.5056],[13.2208,10.4877],[13.2185,10.4809],[13.2185,10.4765],[13.214,10.454],[13.214,10.4428],[13.214,10.4383],[13.2118,10.436],[13.2073,10.4338],[13.1916,10.4315],[13.1714,10.427],[13.1669,10.427],[13.1601,10.427],[13.1556,10.4293],[13.1489,10.4315],[13.1399,10.436],[13.1332,10.4383],[13.1287,10.4405],[13.122,10.4428],[13.1152,10.445],[13.1085,10.4473],[13.0972,10.4495],[13.0883,10.454],[13.0793,10.4562],[13.0658,10.4607],[13.0523,10.4652],[13.0456,10.4697],[13.0344,10.4809],[13.0254,10.4922],[13.0186,10.5012],[13.0097,10.5146],[13.0029,10.5214],[12.9872,10.5326],[12.9827,10.5348],[12.9647,10.5438],[12.958,10.5483],[12.94,10.5551],[12.9176,10.5618],[12.9086,10.564],[12.8884,10.5708],[12.8749,10.573],[12.8637,10.5753],[12.8547,10.5753],[12.848,10.5753],[12.8457,10.5753],[12.8322,10.5753],[12.8165,10.5753],[12.8098,10.5753],[12.7986,10.5753],[12.7806,10.5775],[12.7649,10.582],[12.7604,10.582],[12.7447,10.5798],[12.7402,10.5775],[12.7357,10.5753],[12.7312,10.573],[12.7289,10.5685],[12.7222,10.5595],[12.7177,10.5506],[12.7042,10.5371],[12.702,10.5326],[12.6975,10.5236],[12.6953,10.5191],[12.6863,10.4989],[12.6818,10.4967],[12.6795,10.4922],[12.6728,10.4854],[12.6728,10.4809],[12.6706,10.4765],[12.6706,10.472],[12.6683,10.4652],[12.6661,10.4585],[12.6571,10.445],[12.6526,10.4383],[12.6391,10.4383],[12.6369,10.4428],[12.6279,10.4517],[12.6256,10.4517],[12.6122,10.4495],[12.5964,10.4428],[12.592,10.4405],[12.583,10.436],[12.5672,10.4226],[12.565,10.4203],[12.5628,10.4068],[12.5605,10.3934],[12.5605,10.3844],[12.5605,10.3754],[12.556,10.3709],[12.5448,10.3642],[12.5134,10.3462],[12.5066,10.3417],[12.4999,10.3395],[12.4931,10.3372],[12.4842,10.335],[12.4729,10.3305],[12.4684,10.3282],[12.4595,10.3237],[12.4527,10.3215],[12.4437,10.317],[12.4347,10.317],[12.4235,10.317],[12.4213,10.317],[12.4123,10.3192],[12.4033,10.3192],[12.3966,10.3192],[12.3943,10.3192],[12.3606,10.317],[12.3449,10.3192],[12.3359,10.3192],[12.3292,10.3192],[12.3202,10.3148],[12.3135,10.3148],[12.3022,10.3125],[12.2955,10.308],[12.2888,10.3013],[12.2865,10.2968],[12.2798,10.2878],[12.2708,10.2788],[12.2641,10.2676],[12.2641,10.2631],[12.2641,10.2609],[12.2618,10.2541],[12.2596,10.2451],[12.2573,10.2384],[12.2484,10.2204],[12.2439,10.2159],[12.2371,10.2115],[12.2304,10.2092],[12.2259,10.2092],[12.2214,10.207],[12.2102,10.2002],[12.1967,10.1957],[12.1945,10.1935],[12.1832,10.1823],[12.172,10.171],[12.163,10.162],[12.1585,10.1553],[12.1495,10.1486],[12.145,10.1418],[12.1338,10.1284],[12.1293,10.1171],[12.1271,10.1126],[12.1226,10.1037],[12.1159,10.0969],[12.1091,10.0834],[12.1069,10.0745],[12.1069,10.0677],[12.1069,10.061],[12.1046,10.0542],[12.0979,10.0475],[12.0934,10.043],[12.0844,10.0385],[12.0799,10.0363],[12.0687,10.0363],[12.062,10.0385],[12.0485,10.0385],[12.044,10.0363],[12.0283,10.0318],[12.0058,10.0251],[12.0036,10.0251],[12.0036,10.0228],[11.9946,10.0228],[11.9654,10.0273],[11.9429,10.0295],[11.9115,10.034],[11.8913,10.0408],[11.8778,10.043],[11.8666,10.0453],[11.8621,10.0453],[11.8464,10.0453],[11.8441,10.0453],[11.8441,10.0363],[11.8441,10.0318],[11.8464,10.0273],[11.8486,10.0228],[11.8531,10.0093],[11.8553,10.0048],[11.8531,9.9959],[11.8509,9.9846],[11.8509,9.9801],[11.8509,9.9756],[11.8509,9.9667],[11.8531,9.9599],[11.8531,9.9532],[11.8553,9.9262],[11.8509,9.9105],[11.8509,9.9083],[11.8464,9.897],[11.8441,9.8903],[11.8396,9.8836],[11.8351,9.8679],[11.8351,9.8589],[11.8374,9.8544],[11.8396,9.8409],[11.8486,9.8274],[11.8531,9.8184],[11.8553,9.814],[11.8576,9.7982],[11.8576,9.796],[11.8576,9.7937],[11.8509,9.787],[11.8396,9.7758],[11.8351,9.7735],[11.8284,9.769],[11.8127,9.7601],[11.797,9.7511],[11.7857,9.7398],[11.7745,9.7331],[11.7678,9.7286],[11.7633,9.7264],[11.7588,9.7219],[11.7565,9.7196],[11.7565,9.7174],[11.7498,9.7084],[11.7453,9.7062],[11.7386,9.6994],[11.7071,9.677],[11.6959,9.668],[11.6892,9.6635],[11.6847,9.6635],[11.6712,9.6545],[11.6645,9.6478],[11.66,9.6433],[11.6555,9.6365],[11.6442,9.632],[11.633,9.6253],[11.615,9.6163],[11.5993,9.6096],[11.5791,9.6073],[11.5701,9.6073],[11.5634,9.6051],[11.5454,9.6051],[11.5275,9.6073],[11.5073,9.6073],[11.4848,9.6051],[11.4736,9.6006],[11.4691,9.5984],[11.4601,9.5939],[11.4534,9.5849],[11.4444,9.5759],[11.4421,9.5692],[11.4421,9.5602],[11.4331,9.5512],[11.4287,9.549],[11.4354,9.54],[11.4421,9.5287],[11.4511,9.5063],[11.4578,9.4951],[11.4691,9.4771],[11.4781,9.4659],[11.4848,9.4636],[11.4938,9.4501],[11.4983,9.4412],[11.5073,9.4344],[11.5117,9.4277],[11.5162,9.4209],[11.5252,9.4075],[11.5342,9.403],[11.5364,9.3985],[11.5409,9.3918],[11.5499,9.385],[11.5567,9.3805],[11.5769,9.3805],[11.5971,9.3783],[11.6016,9.3715],[11.6038,9.367],[11.6128,9.3513],[11.6218,9.3379],[11.6285,9.3289],[11.6353,9.3221],[11.6487,9.3064],[11.6487,9.2974],[11.651,9.2952],[11.6532,9.2907],[11.6555,9.2862],[11.66,9.2772],[11.6622,9.2727],[11.6667,9.266],[11.6712,9.2525],[11.6779,9.2435],[11.6869,9.2301],[11.6937,9.2188],[11.7004,9.2098],[11.6981,9.2031],[11.6981,9.1986],[11.7004,9.1896],[11.7026,9.1806],[11.7026,9.1762],[11.7026,9.1604],[11.7004,9.1492],[11.6981,9.1447],[11.6959,9.1335],[11.6959,9.1268],[11.6959,9.12],[11.6959,9.1133],[11.6959,9.1065],[11.6981,9.0953],[11.7071,9.0751],[11.7094,9.0706],[11.7161,9.0684],[11.7228,9.0639],[11.7296,9.0616],[11.7341,9.0526],[11.7431,9.0526],[11.7498,9.0504],[11.752,9.0504],[11.7588,9.0437],[11.7678,9.0347],[11.7767,9.0279],[11.7925,9.019],[11.8037,9.0145],[11.8194,9.0122],[11.8306,9.0077],[11.8441,9.0055],[11.8486,9.0055],[11.8576,9.0032],[11.8643,8.992],[11.8756,8.9763],[11.88,8.9673],[11.8845,8.9561],[11.8935,8.9448],[11.8958,8.9336],[11.898,8.9269],[11.9003,8.9157],[11.9025,8.9022],[11.9025,8.8909],[11.9025,8.8707],[11.9003,8.8573],[11.8913,8.8438],[11.8778,8.8213],[11.8733,8.8146],[11.8621,8.8034],[11.8306,8.7405],[11.8284,8.727],[11.8261,8.7203],[11.8172,8.7023],[11.8127,8.6888],[11.8104,8.6798],[11.797,8.6641],[11.7902,8.6507],[11.7902,8.6439],[11.788,8.6417],[11.7835,8.6304],[11.7812,8.617],[11.779,8.6102],[11.779,8.6057],[11.779,8.5968],[11.7857,8.5788],[11.7902,8.5698],[11.7925,8.5631],[11.797,8.5473],[11.7902,8.5316],[11.7857,8.5226],[11.7812,8.5137],[11.7655,8.5047],[11.7498,8.489],[11.7296,8.471],[11.7161,8.4643],[11.7094,8.4643],[11.6981,8.4598],[11.6892,8.4575],[11.6847,8.453],[11.6734,8.4485],[11.6689,8.4418],[11.6622,8.4351],[11.6555,8.4306],[11.651,8.4261],[11.6465,8.4171],[11.6375,8.4036],[11.633,8.3924],[11.6285,8.3857],[11.6218,8.3767],[11.6195,8.3722],[11.615,8.3699],[11.6016,8.352],[11.5903,8.3318],[11.5859,8.3205],[11.5769,8.3048],[11.5724,8.2981],[11.5656,8.2846],[11.5612,8.2734],[11.5544,8.2599],[11.5499,8.2509],[11.5454,8.2464],[11.5387,8.2352],[11.523,8.215],[11.514,8.206],[11.505,8.1948],[11.496,8.1858],[11.4781,8.1701],[11.4623,8.1566],[11.4399,8.1364],[11.4264,8.1229],[11.4084,8.1072],[11.4017,8.1004],[11.3905,8.0937],[11.3837,8.087],[11.3792,8.0825],[11.377,8.078],[11.3635,8.0645],[11.3568,8.0555],[11.3523,8.0465],[11.3456,8.0421],[11.3456,8.0376],[11.3478,8.0353],[11.3523,8.0353],[11.3545,8.0331],[11.3545,8.0263],[11.35,8.0286],[11.3478,8.0308],[11.3433,8.0286],[11.3411,8.0218],[11.3411,8.0196],[11.35,8.0129],[11.3523,8.0016],[11.3545,7.9971],[11.3568,7.9926],[11.359,7.9904],[11.3635,7.9837],[11.3658,7.9769],[11.3658,7.9747],[11.3725,7.9657],[11.3837,7.95],[11.3927,7.9387],[11.3995,7.923],[11.4107,7.8983],[11.4197,7.8871],[11.4264,7.8759],[11.4354,7.8669],[11.4534,7.8422],[11.4646,7.8287],[11.4736,7.8152],[11.4825,7.8107],[11.4893,7.7995],[11.4938,7.7995],[11.5005,7.7995],[11.5073,7.8062],[11.514,7.8152],[11.5162,7.8242],[11.5252,7.8444],[11.5275,7.8534],[11.532,7.8669],[11.5342,7.8736],[11.5387,7.8826],[11.5387,7.8871],[11.5409,7.8916],[11.5454,7.8961],[11.5499,7.9028],[11.5522,7.9028],[11.5634,7.9051],[11.5701,7.9051],[11.5791,7.9051],[11.5948,7.8983],[11.624,7.8848],[11.6353,7.8759],[11.6465,7.8669],[11.651,7.8579],[11.6577,7.8467],[11.6712,7.8287],[11.6757,7.8197],[11.6802,7.8107],[11.6824,7.8018],[11.6869,7.795],[11.7049,7.786],[11.7116,7.7771],[11.7139,7.7748],[11.7341,7.7591],[11.7475,7.7434],[11.7543,7.7321],[11.7588,7.7254],[11.7655,7.694],[11.77,7.6827],[11.7723,7.6648],[11.7723,7.6513],[11.77,7.6266],[11.7655,7.6154],[11.7655,7.6041],[11.7678,7.5974],[11.7678,7.5907],[11.7678,7.5817],[11.7655,7.5749],[11.7655,7.5682],[11.7633,7.5592],[11.7633,7.548],[11.7633,7.5412],[11.7678,7.5121],[11.7723,7.4873],[11.7767,7.4806],[11.8014,7.4492],[11.8037,7.4469],[11.8104,7.4424],[11.8329,7.4177],[11.8441,7.3975],[11.8509,7.3863],[11.8531,7.3773],[11.889,7.3324],[11.8913,7.3369],[11.8935,7.3414],[11.8958,7.3436],[11.9003,7.3504],[11.9048,7.3593],[11.9092,7.3661],[11.9137,7.3706],[11.9137,7.3728],[11.9182,7.3796],[11.9227,7.384],[11.9227,7.3863],[11.925,7.3908],[11.925,7.393],[11.9272,7.393],[11.9272,7.3953],[11.9272,7.3998],[11.9272,7.4043],[11.9272,7.4087],[11.9272,7.4155],[11.9272,7.42],[11.9272,7.4222],[11.925,7.4222],[11.925,7.4245],[11.925,7.4267],[11.9272,7.429],[11.9317,7.4357],[11.9317,7.4379],[11.9295,7.4402],[11.925,7.4447],[11.9227,7.4469],[11.9205,7.4469],[11.9182,7.4469],[11.916,7.4514],[11.916,7.4537],[11.9137,7.4626],[11.9137,7.4649],[11.9137,7.4671],[11.916,7.4671],[11.9182,7.4694],[11.9205,7.4716],[11.9227,7.4739],[11.9227,7.4761],[11.9227,7.4784],[11.925,7.4784],[11.9317,7.4851],[11.9339,7.4873],[11.9362,7.4873],[11.9407,7.4873],[11.9429,7.4873],[11.9474,7.4873],[11.9497,7.4873],[11.9542,7.4873],[11.9564,7.4873],[11.9586,7.4873],[11.9586,7.4896],[11.9586,7.4918],[11.9609,7.4941],[11.9631,7.4941],[11.9631,7.4963],[11.9654,7.4963],[11.9676,7.4963],[11.9699,7.4986],[11.9699,7.5008],[11.9721,7.5008],[11.9766,7.5053],[11.9789,7.5053],[11.9856,7.5076],[11.9878,7.5076],[11.9901,7.5076],[11.9901,7.5098],[11.9923,7.5098],[11.9968,7.5098],[11.9991,7.5121],[12.0013,7.5143],[12.0036,7.5143],[12.0081,7.5188],[12.0103,7.521],[12.0103,7.5233],[12.0125,7.5233],[12.017,7.5233],[12.0193,7.5233],[12.0238,7.5278],[12.026,7.5278],[12.0238,7.53],[12.0193,7.5323],[12.017,7.5368],[12.0148,7.5368],[12.0103,7.5457],[12.0103,7.548],[12.0103,7.5502],[12.0125,7.5547],[12.0125,7.5592],[12.0081,7.5592],[12.0058,7.5615],[12.0058,7.5637],[12.0081,7.5637],[12.0081,7.566],[12.0103,7.566],[12.0103,7.5682],[12.0103,7.5727],[12.0081,7.5727],[12.0081,7.5749],[12.0058,7.5749],[12.0058,7.5794],[12.0036,7.5794],[12.0036,7.5817],[12.0058,7.5817],[12.0058,7.5839],[12.0081,7.5839],[12.0081,7.5862],[12.0103,7.5862],[12.0103,7.5884],[12.0103,7.5907],[12.0125,7.5907],[12.0125,7.5929],[12.0125,7.5951],[12.0081,7.5996],[12.0058,7.6019],[12.0058,7.6041],[12.0081,7.6109],[12.0081,7.6131],[12.0103,7.6131],[12.0103,7.6154],[12.0103,7.6176],[12.0103,7.6198],[12.0081,7.6221],[12.0103,7.6266],[12.0103,7.6288],[12.0125,7.6311],[12.0103,7.6311],[12.0081,7.6333],[12.0058,7.6356],[12.0036,7.6378],[12.0036,7.6401],[12.0036,7.6423],[12.0036,7.6446],[12.0058,7.6446],[12.0058,7.6468],[12.0081,7.6468],[12.0081,7.649],[12.0058,7.649],[12.0058,7.6513],[12.0058,7.6535],[12.0036,7.6558],[12.0036,7.658],[12.0013,7.658],[11.9991,7.6648],[11.9968,7.6648],[11.9968,7.667],[11.9968,7.6737],[11.9991,7.676],[11.9991,7.6782],[12.0013,7.6782],[12.0036,7.6782],[12.0058,7.676],[12.0148,7.6782],[12.017,7.6827],[12.017,7.685],[12.017,7.6872],[12.017,7.6895],[12.0193,7.6962],[12.0215,7.6985],[12.026,7.7029],[12.0283,7.7074],[12.0283,7.7097],[12.0283,7.7119],[12.0305,7.7119],[12.0305,7.7142],[12.0305,7.7164],[12.0328,7.7164],[12.0328,7.7187],[12.035,7.7187],[12.0373,7.7187],[12.0373,7.7209],[12.0395,7.7254],[12.0373,7.7276],[12.0373,7.7299],[12.0395,7.7321],[12.0417,7.7344],[12.0462,7.7344],[12.0507,7.7366],[12.053,7.7366],[12.053,7.7389],[12.0552,7.7434],[12.0552,7.7456],[12.0575,7.7456],[12.0575,7.7479],[12.0597,7.7523],[12.062,7.7546],[12.062,7.7568],[12.062,7.7591],[12.062,7.7613],[12.0597,7.7658],[12.0597,7.7681],[12.0597,7.7726],[12.0642,7.7771],[12.0664,7.7815],[12.0664,7.7838],[12.0687,7.786],[12.0687,7.7883],[12.0687,7.7928],[12.0709,7.795],[12.0732,7.7995],[12.0754,7.7995],[12.0777,7.7995],[12.0822,7.8062],[12.0844,7.8085],[12.0889,7.813],[12.0934,7.8197],[12.0979,7.8265],[12.1046,7.8332],[12.1091,7.8399],[12.1159,7.8444],[12.1203,7.8512],[12.1248,7.8579],[12.1271,7.8601],[12.1316,7.8646],[12.1361,7.8714],[12.1428,7.8781],[12.1473,7.8848],[12.1518,7.8916],[12.154,7.8938],[12.1563,7.8961],[12.1585,7.8983],[12.1585,7.9006],[12.163,7.9028],[12.163,7.9096],[12.1653,7.914],[12.1698,7.9185],[12.1698,7.9208],[12.1698,7.923],[12.172,7.923],[12.172,7.9253],[12.1742,7.9275],[12.1765,7.9275],[12.1765,7.9298],[12.1787,7.9298],[12.181,7.9298],[12.1832,7.9343],[12.1832,7.9365],[12.1855,7.9365],[12.1877,7.9365],[12.19,7.9387],[12.1945,7.941],[12.1945,7.9432],[12.1922,7.9455],[12.1922,7.9477],[12.1922,7.95],[12.1945,7.95],[12.1945,7.9522],[12.1945,7.9545],[12.1922,7.9545],[12.19,7.9567],[12.1922,7.959],[12.1945,7.9612],[12.1989,7.9612],[12.2012,7.9634],[12.2034,7.9657],[12.2057,7.9657],[12.2057,7.9679],[12.2079,7.9702],[12.2079,7.9724],[12.2102,7.9724],[12.2102,7.9747],[12.2102,7.9769],[12.2102,7.9792],[12.2102,7.9814],[12.2124,7.9814],[12.2102,7.9859],[12.2102,7.9882],[12.2079,7.9904],[12.2034,7.9971],[12.2012,7.9994],[12.2012,8.0016],[12.1989,8.0084],[12.1989,8.0106],[12.1989,8.0129],[12.1989,8.0151],[12.1989,8.0196],[12.1989,8.0218],[12.2012,8.0241],[12.1989,8.0263],[12.1989,8.0286],[12.1989,8.0308],[12.1989,8.0331],[12.1989,8.0353],[12.1989,8.0443],[12.1989,8.051],[12.2012,8.0555],[12.2012,8.06],[12.1989,8.0623],[12.1967,8.0668],[12.1967,8.069],[12.1945,8.0712],[12.1945,8.0735],[12.1945,8.078],[12.1922,8.087],[12.1922,8.0892],[12.19,8.0937],[12.19,8.0959],[12.1922,8.1072],[12.1922,8.1094],[12.1922,8.1117],[12.1945,8.1139],[12.1967,8.1162],[12.1967,8.1184],[12.2012,8.1251],[12.2012,8.1274],[12.2034,8.1296],[12.2034,8.1319],[12.2057,8.1319],[12.2079,8.1341],[12.2102,8.1364],[12.2124,8.1386],[12.2169,8.1409],[12.2214,8.1431],[12.2259,8.1431],[12.2281,8.1476],[12.2326,8.1543],[12.2326,8.1588],[12.2349,8.1633],[12.2349,8.1723],[12.2349,8.1746],[12.2349,8.1768],[12.2349,8.1813],[12.2349,8.1858],[12.2349,8.1903],[12.2349,8.1925],[12.2349,8.197],[12.2349,8.1993],[12.2349,8.2082],[12.2371,8.2172],[12.2371,8.2195],[12.2371,8.2217],[12.2371,8.224],[12.2371,8.2329],[12.2371,8.2419],[12.2371,8.2442],[12.2371,8.2464],[12.2371,8.2509],[12.2371,8.2599],[12.2371,8.2689],[12.2394,8.2779],[12.2394,8.2846],[12.2394,8.2868],[12.2394,8.2958],[12.2394,8.3048],[12.2394,8.3071],[12.2394,8.3115],[12.2394,8.3138],[12.2394,8.3183],[12.2394,8.3228],[12.2394,8.3273],[12.2394,8.3318],[12.2416,8.3407],[12.2416,8.343],[12.2416,8.3497],[12.2416,8.3587],[12.2416,8.3677],[12.2439,8.3744],[12.2439,8.3834],[12.2439,8.3857],[12.2461,8.3879],[12.2461,8.3901],[12.2484,8.3924],[12.2484,8.3991],[12.2506,8.4014],[12.2506,8.4104],[12.2528,8.4148],[12.2528,8.4171],[12.2551,8.4216],[12.2573,8.4238],[12.2596,8.4238],[12.2618,8.4261],[12.2618,8.4283],[12.2618,8.4306],[12.2596,8.4328],[12.2596,8.4351],[12.2596,8.4396],[12.2596,8.4418],[12.2596,8.444],[12.2641,8.4463],[12.2663,8.4485],[12.2686,8.4485],[12.2708,8.4485],[12.2753,8.4485],[12.2775,8.4463],[12.2798,8.4463],[12.2843,8.4463],[12.291,8.444],[12.2933,8.4463],[12.2955,8.444],[12.3,8.4418],[12.3022,8.4418],[12.3022,8.4396],[12.3045,8.4328],[12.3067,8.4306],[12.309,8.4283],[12.3112,8.4261],[12.3135,8.4261],[12.3157,8.4261],[12.3202,8.4283],[12.3225,8.4283],[12.3292,8.4283],[12.3314,8.4306],[12.3337,8.4306],[12.3359,8.4306],[12.3382,8.4306],[12.3404,8.4306],[12.3427,8.4306],[12.3449,8.4283],[12.3472,8.4261],[12.3494,8.4261],[12.3561,8.4238],[12.3606,8.4216],[12.3629,8.4216],[12.3651,8.4216],[12.3651,8.4193],[12.3674,8.4216],[12.4056,8.4687],[12.4078,8.4755],[12.4078,8.4777],[12.4033,8.4822],[12.4011,8.4822],[12.4011,8.4845],[12.3988,8.4867],[12.3988,8.489],[12.3966,8.4912],[12.3966,8.4934],[12.3943,8.4934],[12.3943,8.4957],[12.3988,8.5114],[12.3988,8.5137],[12.4011,8.5137],[12.4011,8.5159],[12.4033,8.5159],[12.4056,8.5182],[12.4078,8.5226],[12.4078,8.5249],[12.41,8.5339],[12.41,8.5361],[12.4123,8.5384],[12.4123,8.5406],[12.4145,8.5429],[12.4168,8.5429],[12.419,8.5451],[12.4213,8.5451],[12.428,8.5451],[12.437,8.5451],[12.4392,8.5451],[12.4415,8.5451],[12.4437,8.5473],[12.4437,8.5496],[12.446,8.5518],[12.4527,8.5518],[12.455,8.5518],[12.4572,8.5541],[12.4572,8.5563],[12.455,8.5631],[12.455,8.5676],[12.4527,8.5676],[12.4527,8.5698],[12.4505,8.5698],[12.4482,8.5698],[12.446,8.5698],[12.446,8.5788],[12.446,8.581],[12.446,8.5878],[12.446,8.59],[12.446,8.5945],[12.446,8.5968],[12.446,8.6012],[12.446,8.6035],[12.4437,8.6035],[12.4437,8.6057],[12.4415,8.6057],[12.437,8.6102],[12.4325,8.617],[12.4325,8.6192],[12.4347,8.6215],[12.4347,8.6192],[12.437,8.6192],[12.4392,8.6192],[12.446,8.6192],[12.4482,8.6192],[12.4527,8.6215],[12.455,8.6215],[12.4572,8.6215],[12.4595,8.6215],[12.4617,8.6215],[12.4639,8.6215],[12.4662,8.6237],[12.4662,8.6259],[12.4684,8.6259],[12.4684,8.6282],[12.4707,8.6282],[12.4707,8.6304],[12.4729,8.6304],[12.4752,8.6304],[12.4842,8.6327],[12.4864,8.6349],[12.4909,8.6394],[12.4931,8.6417],[12.4954,8.6417],[12.4976,8.6417],[12.5044,8.6417],[12.5066,8.6417],[12.5111,8.6372],[12.5134,8.6372],[12.5156,8.6349],[12.5178,8.6349],[12.5178,8.6327],[12.5223,8.6304],[12.5246,8.6304],[12.5291,8.6304],[12.5313,8.6304],[12.5336,8.6327],[12.5381,8.6327],[12.5381,8.6304],[12.5403,8.6304],[12.5403,8.6282],[12.5425,8.6282],[12.5425,8.6259],[12.5448,8.6237],[12.547,8.6215],[12.547,8.6192],[12.547,8.617],[12.547,8.6147],[12.547,8.6125],[12.5493,8.6125],[12.5515,8.6125],[12.5538,8.6125],[12.556,8.6125],[12.556,8.6102],[12.5583,8.6102],[12.5583,8.608],[12.5605,8.608],[12.5628,8.608],[12.565,8.608],[12.5672,8.6057],[12.5695,8.6035],[12.574,8.6012],[12.583,8.599],[12.5875,8.599],[12.5897,8.599],[12.592,8.599],[12.592,8.5968],[12.5942,8.5968],[12.5942,8.5945],[12.5942,8.5923],[12.5942,8.59],[12.5964,8.59],[12.5987,8.59],[12.5987,8.5923],[12.6009,8.5945],[12.6032,8.599],[12.6054,8.599],[12.6077,8.599],[12.6099,8.599],[12.6122,8.599],[12.6144,8.599],[12.6167,8.599],[12.6167,8.6012],[12.6189,8.6012],[12.6189,8.6035],[12.6144,8.608],[12.6122,8.608],[12.6099,8.608],[12.6099,8.6057],[12.6077,8.6057],[12.6054,8.6057],[12.6032,8.6057],[12.6032,8.608],[12.6009,8.608],[12.6009,8.6102],[12.6009,8.6125],[12.6032,8.6125],[12.6032,8.6147],[12.6054,8.617],[12.6054,8.6215],[12.6054,8.6237],[12.6054,8.6259],[12.6054,8.6282],[12.6077,8.6327],[12.6077,8.6349],[12.6099,8.6372],[12.6122,8.6394],[12.6144,8.6394],[12.6167,8.6394],[12.6167,8.6372],[12.6189,8.6372],[12.6211,8.6372],[12.6279,8.6372],[12.6301,8.6372],[12.6324,8.6372],[12.6346,8.6394],[12.6346,8.6417],[12.6346,8.6439],[12.6324,8.6439],[12.6324,8.6462],[12.6346,8.6462],[12.6346,8.6484],[12.6369,8.6484],[12.6391,8.6484],[12.6391,8.6462],[12.6414,8.6462],[12.6436,8.6462],[12.6481,8.6484],[12.6503,8.6484],[12.6503,8.6507],[12.6526,8.6529],[12.6548,8.6529],[12.6593,8.6529],[12.6616,8.6529],[12.6638,8.6529],[12.6638,8.6507],[12.6661,8.6507],[12.6683,8.6484],[12.6706,8.6484],[12.6728,8.6484],[12.675,8.6484],[12.6818,8.6507],[12.684,8.6529],[12.6863,8.6529],[12.6863,8.6551],[12.6885,8.6574],[12.6885,8.6596],[12.6885,8.6619],[12.6908,8.6619],[12.693,8.6664],[12.6953,8.6686],[12.6975,8.6686],[12.6997,8.6686],[12.6997,8.6709],[12.702,8.6709],[12.6997,8.6731],[12.6997,8.6754],[12.6975,8.6754],[12.6975,8.6776],[12.6975,8.6798],[12.6997,8.6798],[12.6997,8.6821],[12.702,8.6821],[12.702,8.6843],[12.702,8.6866],[12.7042,8.6866],[12.7042,8.6888],[12.702,8.6888],[12.702,8.6911],[12.7065,8.6978],[12.7087,8.7001],[12.7087,8.7023],[12.711,8.7023],[12.711,8.7045],[12.7087,8.7068],[12.7087,8.709],[12.7065,8.7113],[12.7087,8.718],[12.7087,8.7203],[12.7087,8.7225],[12.711,8.727],[12.711,8.7337],[12.7087,8.736],[12.7087,8.7382],[12.7087,8.7405],[12.711,8.7405],[12.7132,8.7427],[12.7132,8.745],[12.7155,8.7472],[12.7155,8.7517],[12.7155,8.754],[12.7155,8.7562],[12.7155,8.7584],[12.7177,8.7584],[12.72,8.7607],[12.72,8.7629],[12.7222,8.7629],[12.7245,8.7629],[12.7289,8.7629],[12.7312,8.7607],[12.7334,8.7607],[12.7334,8.7584],[12.7357,8.7584],[12.7379,8.7584],[12.7402,8.7584],[12.7424,8.7584],[12.7469,8.7607],[12.7492,8.7629],[12.7514,8.7652],[12.7536,8.7652],[12.7581,8.7629],[12.7581,8.7607],[12.7581,8.7584],[12.7581,8.7562],[12.7604,8.7562],[12.7626,8.754],[12.7626,8.7517],[12.7649,8.7517],[12.7694,8.7517],[12.7761,8.7472],[12.7784,8.7472],[12.7784,8.745],[12.7806,8.745],[12.7828,8.745],[12.7851,8.745],[12.7851,8.7472],[12.7851,8.7495],[12.7873,8.7517],[12.7873,8.754],[12.7873,8.7562],[12.7896,8.7562],[12.7896,8.7584],[12.7918,8.7697],[12.7918,8.7742],[12.7918,8.7764],[12.7918,8.7787],[12.7896,8.7787],[12.7873,8.7787],[12.7873,8.7809],[12.7873,8.7832],[12.7896,8.7876],[12.7918,8.7876],[12.7941,8.7876],[12.7963,8.7876],[12.7986,8.7899],[12.8008,8.7899],[12.8031,8.7921],[12.8031,8.7944],[12.8075,8.7944],[12.8098,8.7966],[12.8098,8.7989],[12.812,8.7989],[12.812,8.8011],[12.812,8.8034],[12.8098,8.8056],[12.8098,8.8101],[12.8098,8.8123],[12.8098,8.8146],[12.8098,8.8168],[12.8098,8.8191],[12.812,8.8191],[12.812,8.8213],[12.8143,8.8213],[12.8143,8.8236],[12.8188,8.8303],[12.8188,8.8326],[12.8188,8.8348],[12.8165,8.8348],[12.8165,8.837],[12.8143,8.837],[12.812,8.837],[12.8098,8.837],[12.8098,8.8393],[12.8053,8.8438],[12.8053,8.846],[12.8031,8.8505],[12.8008,8.855],[12.8008,8.8573],[12.8031,8.8618],[12.8031,8.864],[12.8053,8.864],[12.8075,8.864],[12.8098,8.864],[12.812,8.864],[12.812,8.8662],[12.812,8.8685],[12.812,8.8707],[12.8098,8.873],[12.8075,8.873],[12.8075,8.8752],[12.8075,8.8775],[12.8075,8.882],[12.8075,8.8842],[12.8075,8.8865],[12.8075,8.8887],[12.8098,8.8887],[12.812,8.8887],[12.8143,8.8909],[12.8165,8.8932],[12.8165,8.8954],[12.8188,8.8954],[12.8188,8.8977],[12.8188,8.8999],[12.8188,8.9022],[12.8165,8.9044],[12.8143,8.9044],[12.812,8.9044],[12.8098,8.9044],[12.8075,8.9022],[12.8075,8.9044],[12.8053,8.9044],[12.8053,8.9067],[12.8031,8.9089],[12.8031,8.9112],[12.8031,8.9134],[12.8031,8.9157],[12.8075,8.9201],[12.8098,8.9224],[12.812,8.9246],[12.8143,8.9246],[12.8165,8.9291],[12.8165,8.9314],[12.8188,8.9381],[12.8188,8.9471],[12.8188,8.9493],[12.821,8.9561],[12.821,8.9628],[12.8233,8.9718],[12.8278,8.9763],[12.8278,8.9785],[12.8345,8.9853],[12.8412,8.992],[12.848,8.9987],[12.8525,9.0055],[12.8592,9.01],[12.8659,9.0167],[12.8884,9.0729],[12.8861,9.0729],[12.8861,9.0751],[12.8861,9.0818],[12.8861,9.0841],[12.8884,9.0863],[12.8906,9.0863],[12.8906,9.0886],[12.8906,9.0908],[12.8906,9.0953],[12.8906,9.0976],[12.8884,9.0998],[12.8884,9.102],[12.8929,9.111],[12.8951,9.111],[12.8974,9.111],[12.8996,9.1133],[12.9019,9.1155],[12.8996,9.1155],[12.8996,9.1178],[12.8974,9.1223],[12.8951,9.1223],[12.8951,9.1245],[12.8951,9.129],[12.8951,9.1312],[12.8974,9.1335],[12.8974,9.1357],[12.8951,9.1357],[12.8951,9.138],[12.8929,9.138],[12.8906,9.1447],[12.8884,9.1447],[12.8884,9.147],[12.8861,9.147],[12.8839,9.147],[12.8839,9.1492],[12.8861,9.1515],[12.8861,9.1537],[12.8884,9.1537],[12.8861,9.1559],[12.8861,9.1582],[12.8861,9.1604],[12.8861,9.1627],[12.8884,9.1627],[12.8884,9.1649],[12.8906,9.1649],[12.8906,9.1694],[12.8929,9.1694],[12.8929,9.1739],[12.8929,9.1762],[12.8906,9.1762],[12.8884,9.1762],[12.8884,9.1784],[12.8884,9.1806],[12.8906,9.1806],[12.8906,9.1829],[12.8929,9.1874],[12.8929,9.1896],[12.8929,9.1919],[12.8951,9.1919],[12.8974,9.1919],[12.8974,9.1941],[12.8996,9.1941],[12.8996,9.1964],[12.8996,9.1986],[12.8996,9.2009],[12.9019,9.2031],[12.9019,9.2054],[12.9019,9.2076],[12.8996,9.2076],[12.8996,9.2188],[12.8996,9.2211],[12.9019,9.2211],[12.9041,9.2211],[12.9064,9.2211],[12.9064,9.2233],[12.9064,9.2256],[12.9064,9.2278],[12.9086,9.2278],[12.9086,9.2301],[12.9108,9.2301],[12.9108,9.2323],[12.9108,9.2345],[12.9108,9.2368],[12.9131,9.2413],[12.9131,9.2435],[12.9131,9.2458],[12.9153,9.2458],[12.9153,9.248],[12.9176,9.248],[12.9176,9.2503],[12.9176,9.2525],[12.9153,9.2525],[12.9131,9.2525],[12.9131,9.2548],[12.9131,9.257],[12.9108,9.2615],[12.9108,9.266],[12.9108,9.2682],[12.9108,9.2705],[12.9131,9.2705],[12.9131,9.2727],[12.9153,9.2727],[12.9176,9.2727],[12.9176,9.275],[12.9176,9.2772],[12.9176,9.2795],[12.9176,9.2817],[12.9176,9.284],[12.9176,9.2862],[12.9153,9.2862],[12.9131,9.2862],[12.9131,9.2884],[12.9108,9.2907],[12.9108,9.2997],[12.9108,9.3019],[12.9108,9.3042],[12.9131,9.3042],[12.9131,9.3064],[12.9131,9.3087],[12.9108,9.3109],[12.9108,9.3131],[12.9108,9.3154],[12.9131,9.3176],[12.9131,9.3199],[12.9153,9.3199],[12.9176,9.3221],[12.9198,9.3221],[12.9198,9.3244],[12.9198,9.3266],[12.9198,9.3289],[12.9198,9.3311],[12.9221,9.3334],[12.9243,9.3334],[12.9266,9.3356],[12.9243,9.3379],[12.9243,9.3401],[12.9198,9.3468],[12.9176,9.3468],[12.9176,9.3491],[12.9153,9.3513],[12.9131,9.3513],[12.9108,9.3536],[12.9086,9.3536],[12.9019,9.3558],[12.8996,9.3558],[12.8974,9.3558],[12.8906,9.3536],[12.8884,9.3513],[12.8861,9.3513],[12.8861,9.3491],[12.8839,9.3468],[12.8817,9.3468],[12.8794,9.3468],[12.8772,9.3468],[12.8749,9.3468],[12.8659,9.3513],[12.8637,9.3536],[12.8637,9.3558],[12.8637,9.3581],[12.857,9.367],[12.8547,9.367],[12.8525,9.3693],[12.8525,9.3715],[12.8547,9.3715]],[[12.8525,9.3715],[12.8525,9.3738],[12.8502,9.3715],[12.8525,9.3715]]]}},{"type":"Feature","properties":{"id":"anambra","name":"Anambra"},"geometry":{"type":"Polygon","coordinates":[[[6.6519,5.7244],[6.6654,5.7222],[6.6676,5.7222],[6.6721,5.7267],[6.6744,5.7312],[6.6789,5.7334],[6.6879,5.7424],[6.7058,5.7559],[6.7148,5.7604],[6.7215,5.7649],[6.7238,5.7671],[6.735,5.7716],[6.7395,5.7761],[6.744,5.7783],[6.7463,5.7783],[6.7485,5.7806],[6.7552,5.7828],[6.7597,5.7851],[6.762,5.7851],[6.7665,5.7873],[6.7799,5.7896],[6.7912,5.7896],[6.7957,5.7896],[6.7979,5.7896],[6.8114,5.7873],[6.8136,5.7873],[6.8159,5.7851],[6.8204,5.7828],[6.8226,5.7828],[6.8249,5.7806],[6.8249,5.7783],[6.8316,5.7738],[6.8338,5.7738],[6.8383,5.7716],[6.8406,5.7693],[6.8428,5.7671],[6.8473,5.7649],[6.8496,5.7649],[6.8518,5.7626],[6.8585,5.7536],[6.8608,5.7536],[6.8608,5.7514],[6.863,5.7491],[6.8653,5.7469],[6.8675,5.7469],[6.872,5.7446],[6.8743,5.7446],[6.8765,5.7446],[6.8787,5.7446],[6.8832,5.7514],[6.8832,5.7536],[6.8832,5.7649],[6.8855,5.7873],[6.8855,5.7918],[6.89,5.8053],[6.8922,5.8098],[6.8967,5.812],[6.9012,5.8165],[6.9147,5.8232],[6.9237,5.8277],[6.9326,5.83],[6.9416,5.8345],[6.9439,5.8345],[6.9461,5.8367],[6.9484,5.839],[6.9529,5.8435],[6.9529,5.8457],[6.9551,5.8479],[6.9551,5.8502],[6.9574,5.8524],[6.9663,5.8614],[6.9753,5.8704],[6.9798,5.8749],[6.9821,5.8794],[6.9955,5.8974],[7.0023,5.9041],[7.009,5.9086],[7.0135,5.9086],[7.0202,5.9086],[7.0247,5.9108],[7.0315,5.9131],[7.0337,5.9153],[7.036,5.9153],[7.0382,5.9176],[7.0404,5.9198],[7.0404,5.9221],[7.0472,5.9265],[7.0539,5.9288],[7.0562,5.931],[7.0607,5.931],[7.0629,5.931],[7.0809,5.9288],[7.0988,5.9265],[7.1168,5.9221],[7.1325,5.9198],[7.1393,5.9198],[7.1437,5.9176],[7.146,5.9176],[7.1482,5.9176],[7.164,5.9108],[7.1729,5.9063],[7.1752,5.9063],[7.1774,5.9041],[7.1797,5.9041],[7.1819,5.9018],[7.1864,5.8996],[7.1887,5.8996],[7.1909,5.8996],[7.1932,5.9018],[7.1954,5.9041],[7.1954,5.9086],[7.1999,5.9176],[7.2021,5.9221],[7.2089,5.9265],[7.2111,5.9288],[7.2156,5.931],[7.2179,5.931],[7.2201,5.931],[7.2224,5.9333],[7.2291,5.9333],[7.2313,5.9333],[7.2358,5.9333],[7.2381,5.931],[7.2403,5.931],[7.2448,5.931],[7.2493,5.931],[7.2515,5.9333],[7.2538,5.9333],[7.256,5.9355],[7.2583,5.9355],[7.2605,5.94],[7.256,5.9513],[7.2538,5.9647],[7.265,5.9917],[7.2718,5.9984],[7.283,5.9984],[7.301,5.9984],[7.3189,5.9984],[7.3234,6.0029],[7.3324,6.0321],[7.3391,6.0366],[7.3391,6.0411],[7.3279,6.0433],[7.3099,6.0456],[7.301,6.0456],[7.2897,6.0478],[7.274,6.0568],[7.2695,6.0613],[7.2628,6.0703],[7.2605,6.0882],[7.2538,6.104],[7.2493,6.1085],[7.2403,6.1152],[7.2291,6.1287],[7.2246,6.1421],[7.2224,6.1579],[7.2246,6.1781],[7.2246,6.1915],[7.2179,6.196],[7.2089,6.2028],[7.2044,6.2095],[7.2044,6.2185],[7.1999,6.2342],[7.1887,6.2387],[7.1729,6.2342],[7.1572,6.2297],[7.1505,6.232],[7.1482,6.2432],[7.146,6.2454],[7.146,6.2522],[7.1482,6.2634],[7.146,6.2746],[7.1415,6.2881],[7.1505,6.2971],[7.1595,6.3038],[7.1617,6.3038],[7.1595,6.3151],[7.155,6.3218],[7.1505,6.3353],[7.1415,6.36],[7.1348,6.3735],[7.128,6.3869],[7.1146,6.4004],[7.0966,6.4229],[7.0899,6.4296],[7.0651,6.4363],[7.0382,6.4408],[7.027,6.4431],[7.0292,6.4476],[7.0337,6.4565],[7.0337,6.4678],[7.036,6.4745],[7.0449,6.4723],[7.0494,6.4745],[7.0494,6.4857],[7.0472,6.5015],[7.0472,6.5127],[7.0494,6.5284],[7.0562,6.5464],[7.0629,6.5554],[7.0786,6.5576],[7.0831,6.5621],[7.0876,6.5688],[7.0921,6.5756],[7.1101,6.5935],[7.1146,6.6025],[7.1168,6.616],[7.1258,6.625],[7.128,6.6362],[7.1325,6.6429],[7.1325,6.6519],[7.128,6.6587],[7.1011,6.6766],[7.0899,6.6766],[7.0696,6.6856],[7.0607,6.6834],[7.0517,6.6834],[7.0472,6.6879],[7.0315,6.6968],[7.0157,6.7058],[7.0068,6.7081],[6.991,6.7126],[6.9821,6.7126],[6.9574,6.7103],[6.9439,6.7058],[6.9326,6.6991],[6.9326,6.7103],[6.9326,6.7215],[6.9326,6.735],[6.9326,6.7687],[6.9304,6.7889],[6.9237,6.8024],[6.9124,6.8001],[6.8967,6.7934],[6.8855,6.7732],[6.8832,6.7687],[6.8787,6.7597],[6.8675,6.7552],[6.8608,6.753],[6.854,6.744],[6.8428,6.7305],[6.8338,6.7215],[6.8204,6.7126],[6.8069,6.7036],[6.8001,6.6924],[6.7979,6.6789],[6.8001,6.6699],[6.8024,6.6564],[6.8046,6.6362],[6.8091,6.616],[6.8091,6.598],[6.8091,6.5801],[6.7934,6.5733],[6.7642,6.5643],[6.744,6.5576],[6.7171,6.5509],[6.6834,6.5441],[6.6654,6.5329],[6.6699,6.5015],[6.6721,6.4857],[6.6744,6.4678],[6.6811,6.4565],[6.6879,6.4318],[6.6924,6.4184],[6.6946,6.4071],[6.6968,6.3937],[6.6991,6.3824],[6.7081,6.369],[6.7126,6.3532],[6.7171,6.324],[6.7193,6.3128],[6.7193,6.2993],[6.7238,6.2746],[6.726,6.2657],[6.726,6.2589],[6.7305,6.2387],[6.735,6.2252],[6.7418,6.2095],[6.753,6.1938],[6.762,6.1848],[6.7665,6.1826],[6.7687,6.1691],[6.7665,6.1579],[6.7642,6.1556],[6.7597,6.1489],[6.7575,6.1354],[6.7552,6.1264],[6.7552,6.1242],[6.7552,6.1197],[6.7485,6.1129],[6.7373,6.1062],[6.7215,6.0972],[6.7126,6.086],[6.7103,6.077],[6.7171,6.0613],[6.726,6.0456],[6.726,6.0299],[6.7238,6.0119],[6.7193,5.9917],[6.7171,5.9804],[6.7148,5.9692],[6.7126,5.9557],[6.7081,5.94],[6.7036,5.9265],[6.6968,5.9131],[6.6879,5.8974],[6.6789,5.8884],[6.6744,5.8749],[6.6609,5.8569],[6.6587,5.8412],[6.6497,5.8165],[6.6519,5.7985],[6.6542,5.7783],[6.6542,5.7716],[6.6429,5.7469],[6.634,5.7289],[6.6519,5.7244]]]}},{"type":"Feature","properties":{"id":"kaduna","name":"Kaduna"},"geometry":{"type":"Polygon","coordinates":[[[6.0905,10.4809],[6.0905,10.4765],[6.095,10.4742],[6.0972,10.4697],[6.0995,10.463],[6.104,10.4562],[6.1129,10.4585],[6.1174,10.4607],[6.1287,10.463],[6.1332,10.463],[6.1399,10.4585],[6.1466,10.4517],[6.1489,10.4495],[6.1511,10.4428],[6.1511,10.436],[6.1534,10.4226],[6.1534,10.4091],[6.1579,10.4001],[6.1691,10.3844],[6.1915,10.3866],[6.2005,10.3866],[6.214,10.3934],[6.2163,10.3956],[6.2275,10.4091],[6.2297,10.4181],[6.2387,10.4203],[6.241,10.4226],[6.2499,10.4226],[6.2499,10.4248],[6.2522,10.4338],[6.2544,10.4428],[6.2634,10.4562],[6.2769,10.4607],[6.2836,10.463],[6.2859,10.463],[6.2993,10.4697],[6.2993,10.4742],[6.3038,10.4809],[6.3061,10.4899],[6.3263,10.5056],[6.3443,10.5169],[6.3645,10.5303],[6.369,10.5326],[6.3735,10.5371],[6.3869,10.5528],[6.3892,10.5551],[6.3959,10.5685],[6.3959,10.573],[6.4026,10.573],[6.4184,10.5775],[6.4274,10.5842],[6.4296,10.5865],[6.4386,10.5932],[6.4498,10.5955],[6.47,10.6022],[6.479,10.609],[6.4813,10.6112],[6.4947,10.6134],[6.5037,10.6112],[6.506,10.609],[6.5149,10.6045],[6.5194,10.6],[6.5239,10.5955],[6.5217,10.5842],[6.5217,10.582],[6.5217,10.573],[6.5262,10.564],[6.5329,10.5528],[6.5396,10.5461],[6.5486,10.5461],[6.5509,10.5461],[6.5554,10.5461],[6.5688,10.5551],[6.5778,10.5618],[6.5823,10.5685],[6.5823,10.5708],[6.5868,10.573],[6.625,10.5865],[6.6474,10.5932],[6.6676,10.591],[6.6856,10.591],[6.7013,10.5887],[6.7103,10.5865],[6.726,10.5887],[6.7305,10.5977],[6.7305,10.6022],[6.726,10.6134],[6.7193,10.6247],[6.7148,10.6337],[6.7148,10.6381],[6.7171,10.6404],[6.7215,10.6449],[6.726,10.6471],[6.7283,10.6494],[6.744,10.6471],[6.7507,10.6471],[6.7597,10.6449],[6.7665,10.6426],[6.7754,10.6404],[6.7822,10.6404],[6.7844,10.6381],[6.7957,10.6404],[6.8001,10.6426],[6.8024,10.6426],[6.8136,10.6381],[6.8159,10.6381],[6.8293,10.6247],[6.8293,10.6157],[6.8293,10.6112],[6.8293,10.6045],[6.8361,10.5955],[6.8383,10.5842],[6.8428,10.573],[6.8406,10.5663],[6.8406,10.5573],[6.8406,10.5483],[6.8361,10.5371],[6.8406,10.5326],[6.8451,10.5281],[6.8496,10.5303],[6.8563,10.5371],[6.8608,10.5506],[6.863,10.5528],[6.8698,10.5551],[6.881,10.5506],[6.89,10.5461],[6.9012,10.5416],[6.9057,10.5416],[6.9124,10.5371],[6.9147,10.5371],[6.9192,10.5303],[6.9282,10.5169],[6.9282,10.5124],[6.9349,10.5012],[6.9484,10.4922],[6.9529,10.4832],[6.9551,10.463],[6.9506,10.4562],[6.9484,10.454],[6.9461,10.4495],[6.9394,10.4338],[6.9282,10.4023],[6.9237,10.3821],[6.9259,10.3709],[6.9304,10.3664],[6.9349,10.3619],[6.9484,10.3597],[6.9506,10.3619],[6.9618,10.3619],[6.9641,10.3619],[6.9776,10.3642],[6.9888,10.3597],[7.0,10.3574],[7.0023,10.3574],[7.0202,10.3529],[7.0247,10.3507],[7.0337,10.344],[7.0472,10.3215],[7.0517,10.317],[7.0494,10.3013],[7.0449,10.2923],[7.0404,10.2901],[7.0315,10.2878],[7.0202,10.2743],[7.009,10.2474],[6.991,10.2406],[6.9843,10.2406],[6.9821,10.2429],[6.9708,10.2317],[6.9663,10.2227],[6.9596,10.2025],[6.9551,10.1912],[6.9416,10.18],[6.9394,10.18],[6.9371,10.18],[6.9282,10.18],[6.9282,10.1867],[6.9214,10.1912],[6.9147,10.189],[6.9102,10.18],[6.9057,10.171],[6.9035,10.1688],[6.8945,10.1576],[6.8877,10.1531],[6.8855,10.1508],[6.881,10.1171],[6.8922,10.0924],[6.9012,10.0767],[6.9035,10.079],[6.9057,10.079],[6.9147,10.079],[6.9259,10.0677],[6.9394,10.061],[6.9529,10.0475],[6.9618,10.0475],[6.9843,10.0453],[7.0068,10.0453],[7.018,10.0385],[7.0337,10.0453],[7.0651,10.043],[7.0854,10.0363],[7.1011,10.0295],[7.1056,10.0273],[7.1123,10.0273],[7.1235,10.0295],[7.1258,10.034],[7.1393,10.0363],[7.1505,10.034],[7.1662,10.034],[7.1797,10.0273],[7.1887,10.0273],[7.1932,10.0295],[7.1999,10.034],[7.2066,10.0408],[7.2134,10.0408],[7.2291,10.0385],[7.2403,10.0408],[7.2538,10.0385],[7.2583,10.0363],[7.2695,10.0273],[7.274,10.0228],[7.2785,10.0161],[7.2807,10.0004],[7.2807,9.9936],[7.2807,9.9891],[7.2807,9.9846],[7.2807,9.9734],[7.2807,9.9644],[7.283,9.9599],[7.2852,9.9577],[7.2852,9.9509],[7.2852,9.942],[7.2852,9.9352],[7.2852,9.933],[7.2875,9.9262],[7.2875,9.924],[7.2942,9.9083],[7.2987,9.8993],[7.2965,9.8881],[7.2965,9.8791],[7.2965,9.8723],[7.2965,9.8701],[7.301,9.8634],[7.2987,9.8566],[7.2942,9.8521],[7.292,9.8521],[7.2897,9.8409],[7.292,9.8297],[7.292,9.8229],[7.292,9.8117],[7.292,9.8005],[7.2852,9.7892],[7.274,9.7825],[7.2673,9.7825],[7.2605,9.787],[7.256,9.7892],[7.2515,9.7937],[7.2313,9.7915],[7.2246,9.787],[7.2201,9.787],[7.2111,9.7803],[7.2066,9.7668],[7.2044,9.7578],[7.2156,9.7488],[7.2246,9.7398],[7.2448,9.7331],[7.2695,9.7331],[7.2718,9.7331],[7.2807,9.7241],[7.2852,9.7129],[7.2897,9.7062],[7.2875,9.7017],[7.283,9.6949],[7.283,9.6927],[7.283,9.6837],[7.2897,9.6815],[7.2987,9.677],[7.3122,9.668],[7.3144,9.6635],[7.3167,9.659],[7.3279,9.65],[7.3436,9.632],[7.3481,9.6208],[7.3459,9.6096],[7.3369,9.6029],[7.3301,9.6006],[7.3212,9.5984],[7.3144,9.5961],[7.3099,9.5939],[7.2942,9.5849],[7.292,9.5714],[7.2875,9.5557],[7.283,9.5512],[7.2673,9.5355],[7.2628,9.5287],[7.2605,9.5265],[7.2538,9.5243],[7.2471,9.522],[7.2381,9.5175],[7.2336,9.5085],[7.2268,9.4951],[7.2201,9.4951],[7.2156,9.504],[7.2111,9.5018],[7.2134,9.4928],[7.2134,9.4883],[7.2134,9.4861],[7.2156,9.4816],[7.2179,9.4748],[7.2201,9.4704],[7.2224,9.4681],[7.2246,9.4614],[7.2224,9.4524],[7.2224,9.4479],[7.2268,9.4434],[7.2381,9.4367],[7.2403,9.4367],[7.2471,9.4389],[7.2583,9.4412],[7.274,9.4412],[7.2897,9.4254],[7.2897,9.412],[7.2897,9.4097],[7.2852,9.4052],[7.283,9.403],[7.2695,9.3918],[7.2583,9.3805],[7.256,9.376],[7.256,9.3648],[7.2538,9.3626],[7.2583,9.3603],[7.2605,9.3558],[7.265,9.3536],[7.2673,9.3513],[7.2695,9.3491],[7.2807,9.3513],[7.283,9.3513],[7.2987,9.3581],[7.3077,9.3626],[7.3144,9.3648],[7.3212,9.367],[7.3279,9.3648],[7.3436,9.3626],[7.3459,9.3648],[7.3593,9.367],[7.3773,9.3626],[7.3885,9.3491],[7.393,9.3536],[7.3975,9.3581],[7.4177,9.367],[7.4447,9.3693],[7.4626,9.3693],[7.4761,9.3715],[7.4963,9.3626],[7.5098,9.3603],[7.5907,9.4322],[7.6715,9.412],[7.7299,9.3311],[7.7479,9.3221],[7.7523,9.3131],[7.7591,9.3019],[7.7636,9.2952],[7.7703,9.2929],[7.7883,9.2817],[7.7928,9.275],[7.7995,9.2682],[7.8085,9.266],[7.8242,9.2705],[7.8265,9.2772],[7.8332,9.2884],[7.8422,9.3042],[7.8489,9.3109],[7.8512,9.3154],[7.8579,9.3244],[7.8669,9.3379],[7.8781,9.3558],[7.8893,9.3738],[7.9006,9.3895],[7.9028,9.3918],[7.914,9.4007],[7.9208,9.4052],[7.9387,9.403],[7.9432,9.3985],[7.9814,9.3715],[7.9882,9.3648],[7.9926,9.3603],[7.9994,9.3536],[8.0016,9.3401],[7.9994,9.3289],[7.9971,9.3244],[7.9971,9.3176],[7.9971,9.3154],[8.0016,9.3064],[8.0398,9.2817],[8.0465,9.2772],[8.06,9.2727],[8.0623,9.2727],[8.0735,9.257],[8.078,9.2503],[8.078,9.2458],[8.0825,9.2368],[8.0892,9.2278],[8.0937,9.2166],[8.0959,9.2121],[8.1027,9.1964],[8.1049,9.1762],[8.1004,9.1672],[8.0982,9.1627],[8.0982,9.1515],[8.0982,9.147],[8.1004,9.1245],[8.1004,9.0953],[8.1004,9.0863],[8.1004,9.0818],[8.1004,9.0751],[8.1027,9.0639],[8.1072,9.0526],[8.1274,9.0481],[8.1364,9.0526],[8.1409,9.0526],[8.1431,9.0549],[8.1498,9.0594],[8.1611,9.0661],[8.1813,9.0863],[8.1858,9.0908],[8.2015,9.1043],[8.215,9.12],[8.2307,9.1335],[8.2397,9.1447],[8.2419,9.1492],[8.2442,9.1559],[8.2509,9.1627],[8.2554,9.1784],[8.2487,9.1829],[8.2509,9.1919],[8.2689,9.1964],[8.2801,9.1986],[8.2891,9.1986],[8.3003,9.1941],[8.3048,9.1941],[8.3183,9.1874],[8.3273,9.1806],[8.3362,9.1784],[8.3475,9.1784],[8.3587,9.1784],[8.3812,9.1784],[8.3879,9.1762],[8.3924,9.1672],[8.3946,9.1627],[8.4126,9.1447],[8.4306,9.1268],[8.4373,9.12],[8.4418,9.1155],[8.4463,9.1133],[8.4732,9.0729],[8.4755,9.0706],[8.4755,9.0549],[8.48,9.0526],[8.4867,9.0437],[8.4912,9.0369],[8.4934,9.0234],[8.4979,9.0122],[8.5047,9.001],[8.5092,9.001],[8.5137,9.001],[8.5226,9.001],[8.5339,9.0055],[8.5473,9.0145],[8.5541,9.0212],[8.5586,9.0279],[8.5631,9.0414],[8.5631,9.0526],[8.5676,9.0616],[8.5698,9.0639],[8.581,9.0751],[8.5855,9.0818],[8.5945,9.0908],[8.6057,9.0998],[8.6102,9.1043],[8.6215,9.1155],[8.6282,9.1335],[8.6417,9.1582],[8.6462,9.1649],[8.6484,9.1717],[8.6551,9.1874],[8.6574,9.1964],[8.6574,9.2076],[8.6574,9.2098],[8.6574,9.2166],[8.6574,9.2188],[8.6596,9.2233],[8.6507,9.2345],[8.6462,9.2368],[8.6417,9.2368],[8.6372,9.2413],[8.6349,9.248],[8.6439,9.2593],[8.6484,9.2637],[8.6574,9.2682],[8.6664,9.2682],[8.6709,9.2682],[8.6798,9.275],[8.6843,9.284],[8.6866,9.2997],[8.6933,9.3131],[8.6978,9.3199],[8.6933,9.3221],[8.6933,9.3266],[8.6911,9.3401],[8.6888,9.3423],[8.6911,9.3558],[8.6933,9.3581],[8.6956,9.3693],[8.6956,9.3738],[8.6956,9.3783],[8.6911,9.385],[8.6866,9.3873],[8.6686,9.3962],[8.6641,9.394],[8.6551,9.394],[8.6484,9.3962],[8.6417,9.4007],[8.6372,9.4075],[8.6372,9.4097],[8.6327,9.4209],[8.6237,9.4299],[8.6192,9.4322],[8.6125,9.4479],[8.6057,9.4659],[8.6035,9.4726],[8.5945,9.4793],[8.5855,9.4816],[8.581,9.4861],[8.5698,9.4973],[8.5676,9.504],[8.5608,9.5265],[8.5586,9.5355],[8.5586,9.54],[8.5563,9.5467],[8.5563,9.5534],[8.5541,9.5692],[8.5541,9.5804],[8.5608,9.5894],[8.5631,9.5916],[8.5653,9.5961],[8.5676,9.6073],[8.5676,9.6208],[8.5653,9.6276],[8.5541,9.6523],[8.5541,9.6635],[8.5631,9.6702],[8.5653,9.6702],[8.5765,9.668],[8.581,9.6657],[8.5878,9.668],[8.5923,9.6747],[8.5968,9.6837],[8.599,9.6904],[8.5968,9.6994],[8.5945,9.7106],[8.5923,9.7219],[8.5945,9.7309],[8.599,9.7376],[8.6147,9.7421],[8.6215,9.7511],[8.6237,9.7533],[8.6304,9.7601],[8.6304,9.7623],[8.6304,9.7713],[8.6282,9.778],[8.6259,9.7892],[8.6282,9.8027],[8.6282,9.814],[8.6304,9.8297],[8.6304,9.8454],[8.6282,9.8544],[8.6282,9.8589],[8.6259,9.8679],[8.6215,9.8768],[8.6192,9.8836],[8.6192,9.8926],[8.6282,9.9083],[8.6349,9.9173],[8.6349,9.924],[8.6327,9.9307],[8.6237,9.9465],[8.617,9.9532],[8.6102,9.9577],[8.6102,9.9644],[8.617,9.9756],[8.6237,9.9779],[8.6349,9.9801],[8.6417,9.9779],[8.6529,9.9779],[8.6619,9.9801],[8.6731,9.9869],[8.6776,9.9936],[8.6798,10.0048],[8.6798,10.0138],[8.6754,10.0318],[8.6731,10.0385],[8.6686,10.0453],[8.6619,10.0542],[8.6507,10.0722],[8.6484,10.0812],[8.6462,10.0902],[8.6417,10.0947],[8.6349,10.0969],[8.6304,10.1037],[8.6282,10.1126],[8.6282,10.1216],[8.6282,10.1239],[8.6304,10.1351],[8.6327,10.1441],[8.6394,10.1508],[8.6439,10.1576],[8.6462,10.162],[8.6462,10.1688],[8.6462,10.1823],[8.6462,10.1957],[8.6484,10.2047],[8.6551,10.2115],[8.6619,10.2182],[8.6709,10.2249],[8.6888,10.2406],[8.6978,10.2496],[8.7023,10.2541],[8.7113,10.2609],[8.718,10.2631],[8.7248,10.2676],[8.7293,10.2721],[8.7382,10.2788],[8.7472,10.2811],[8.754,10.2878],[8.7652,10.299],[8.7674,10.3035],[8.7719,10.3148],[8.7697,10.3237],[8.7652,10.3282],[8.7629,10.3305],[8.7629,10.3372],[8.7652,10.344],[8.7742,10.3597],[8.7742,10.3642],[8.7764,10.3731],[8.7764,10.3799],[8.7742,10.3844],[8.7719,10.3889],[8.7719,10.3934],[8.7742,10.3956],[8.7787,10.3934],[8.7899,10.3889],[8.7944,10.3844],[8.7989,10.3821],[8.8056,10.3821],[8.8101,10.3844],[8.8168,10.3866],[8.8236,10.3844],[8.8213,10.3911],[8.8168,10.3956],[8.8123,10.4023],[8.8056,10.4091],[8.7966,10.4158],[8.7832,10.4226],[8.7719,10.4248],[8.7629,10.4248],[8.754,10.427],[8.7472,10.427],[8.7405,10.4293],[8.7337,10.436],[8.7293,10.4517],[8.7293,10.4562],[8.736,10.4652],[8.745,10.4742],[8.754,10.4809],[8.7584,10.4854],[8.7629,10.4922],[8.7652,10.4989],[8.7719,10.5259],[8.7742,10.5393],[8.7742,10.5438],[8.7764,10.5551],[8.7787,10.5618],[8.7742,10.5663],[8.7674,10.5618],[8.7652,10.5573],[8.7607,10.5551],[8.7562,10.5506],[8.7495,10.5483],[8.736,10.5483],[8.7293,10.5506],[8.718,10.5528],[8.7001,10.5595],[8.6888,10.5663],[8.6866,10.5708],[8.6821,10.5753],[8.6776,10.5842],[8.6754,10.591],[8.6731,10.5977],[8.6641,10.6067],[8.6619,10.6134],[8.6596,10.6247],[8.6574,10.6314],[8.6529,10.6359],[8.6462,10.6404],[8.6394,10.6426],[8.6282,10.6471],[8.6125,10.6494],[8.608,10.6471],[8.6012,10.6449],[8.5968,10.6381],[8.5878,10.6337],[8.5833,10.6314],[8.5765,10.6314],[8.5631,10.6269],[8.5541,10.6292],[8.5473,10.6314],[8.5361,10.6337],[8.5249,10.6404],[8.5159,10.6539],[8.5114,10.6718],[8.5092,10.6943],[8.5114,10.6965],[8.5204,10.7033],[8.5182,10.7055],[8.5271,10.7123],[8.5339,10.7123],[8.5406,10.7123],[8.5496,10.71],[8.5563,10.7078],[8.5608,10.71],[8.5765,10.7123],[8.5878,10.7145],[8.5878,10.719],[8.5855,10.728],[8.581,10.7392],[8.5765,10.7706],[8.5765,10.7909],[8.5743,10.8021],[8.5743,10.8111],[8.5743,10.8245],[8.5743,10.8335],[8.572,10.8537],[8.5698,10.8627],[8.5676,10.8717],[8.5676,10.8784],[8.5698,10.8942],[8.5676,10.9076],[8.5698,10.9166],[8.572,10.9211],[8.5743,10.9301],[8.5765,10.9368],[8.581,10.9413],[8.5855,10.957],[8.5945,10.9817],[8.5968,10.9885],[8.599,10.993],[8.599,11.002],[8.599,11.0222],[8.5968,11.0603],[8.5923,11.0693],[8.581,11.0783],[8.5653,11.0851],[8.5586,11.0873],[8.5429,11.094],[8.5361,11.103],[8.5271,11.1165],[8.5249,11.1277],[8.5249,11.1389],[8.5204,11.1457],[8.5159,11.1502],[8.5137,11.1524],[8.5069,11.1524],[8.489,11.1592],[8.4822,11.1637],[8.4755,11.1749],[8.471,11.1884],[8.4598,11.1951],[8.4508,11.2041],[8.4418,11.2131],[8.4351,11.2198],[8.4148,11.231],[8.3991,11.2288],[8.3901,11.2265],[8.3834,11.2243],[8.3744,11.2198],[8.3654,11.2198],[8.3587,11.222],[8.3452,11.2153],[8.3385,11.2131],[8.3295,11.2131],[8.3205,11.2175],[8.3071,11.2333],[8.3026,11.24],[8.2936,11.2557],[8.2891,11.2625],[8.2823,11.267],[8.2756,11.2714],[8.2734,11.2782],[8.2734,11.2939],[8.2756,11.3006],[8.2756,11.3029],[8.2734,11.3074],[8.2666,11.3119],[8.2576,11.3164],[8.2419,11.3141],[8.2307,11.3119],[8.2195,11.3096],[8.215,11.3119],[8.2015,11.3231],[8.1925,11.3343],[8.188,11.3411],[8.1746,11.3478],[8.1633,11.3545],[8.1588,11.359],[8.1543,11.3613],[8.1431,11.3703],[8.1364,11.377],[8.1319,11.386],[8.1319,11.3927],[8.1319,11.4017],[8.1364,11.4084],[8.1431,11.4197],[8.1476,11.4264],[8.1566,11.4376],[8.1656,11.4511],[8.1678,11.4601],[8.1656,11.4691],[8.1656,11.4781],[8.1656,11.487],[8.1611,11.4938],[8.1566,11.4983],[8.1364,11.5095],[8.1319,11.5117],[8.1229,11.5117],[8.1139,11.5095],[8.1049,11.505],[8.0959,11.5005],[8.0892,11.4938],[8.0757,11.487],[8.0645,11.4825],[8.0533,11.4803],[8.0465,11.4803],[8.0376,11.4848],[8.0331,11.4848],[8.0084,11.4781],[7.9971,11.4713],[7.9904,11.4691],[7.9837,11.4691],[7.9724,11.4601],[7.9657,11.4578],[7.9522,11.4511],[7.9365,11.4421],[7.9298,11.4331],[7.9208,11.4264],[7.9073,11.4174],[7.8983,11.4084],[7.8871,11.4017],[7.8826,11.3972],[7.8759,11.3927],[7.8714,11.386],[7.8669,11.3815],[7.8646,11.3792],[7.8557,11.377],[7.8512,11.377],[7.8489,11.377],[7.8399,11.377],[7.8332,11.377],[7.8242,11.3792],[7.8175,11.377],[7.795,11.377],[7.7838,11.377],[7.7793,11.3748],[7.7771,11.3725],[7.7748,11.368],[7.7636,11.3613],[7.7568,11.3568],[7.7523,11.3523],[7.7523,11.3478],[7.7523,11.3411],[7.7546,11.3366],[7.7523,11.3276],[7.7523,11.3231],[7.7456,11.3164],[7.7389,11.3141],[7.7344,11.3141],[7.7299,11.3141],[7.7164,11.3141],[7.7119,11.3141],[7.6962,11.3096],[7.6805,11.3006],[7.6737,11.2962],[7.6648,11.2894],[7.6558,11.2872],[7.6468,11.2827],[7.6356,11.2827],[7.6288,11.2827],[7.6266,11.2849],[7.6243,11.2872],[7.6154,11.2984],[7.6109,11.3074],[7.6041,11.3164],[7.5996,11.3209],[7.5929,11.3253],[7.5862,11.3276],[7.5772,11.3298],[7.5682,11.3343],[7.5615,11.3411],[7.557,11.3478],[7.5502,11.3545],[7.5412,11.359],[7.53,11.3613],[7.5233,11.359],[7.5188,11.3568],[7.5121,11.3568],[7.5076,11.3568],[7.5053,11.359],[7.5008,11.3703],[7.4941,11.3837],[7.4918,11.3905],[7.4918,11.3972],[7.4896,11.4017],[7.4829,11.4062],[7.4784,11.4084],[7.4694,11.4107],[7.4469,11.4084],[7.4402,11.4084],[7.4312,11.4039],[7.4245,11.4017],[7.4155,11.395],[7.4132,11.3927],[7.402,11.3882],[7.3998,11.3837],[7.393,11.3748],[7.3885,11.3658],[7.384,11.3545],[7.3796,11.35],[7.3773,11.3433],[7.3728,11.3388],[7.3706,11.3321],[7.3661,11.3231],[7.3638,11.3119],[7.3638,11.3051],[7.3638,11.2984],[7.3638,11.2939],[7.3593,11.2737],[7.3549,11.2737],[7.3436,11.2737],[7.3324,11.2759],[7.3279,11.2782],[7.3257,11.2782],[7.3189,11.2827],[7.3144,11.2849],[7.3077,11.2894],[7.2987,11.2917],[7.2807,11.2984],[7.274,11.3006],[7.2695,11.2984],[7.265,11.2984],[7.2426,11.2984],[7.2336,11.2984],[7.2268,11.2962],[7.2156,11.2894],[7.2089,11.2849],[7.2066,11.2849],[7.2044,11.2804],[7.2021,11.2759],[7.1976,11.2714],[7.1976,11.2692],[7.1976,11.2647],[7.1999,11.2557],[7.2044,11.249],[7.2134,11.231],[7.2156,11.2265],[7.2201,11.2243],[7.2224,11.2198],[7.2291,11.2086],[7.2336,11.1996],[7.2358,11.1973],[7.2358,11.1928],[7.2358,11.1861],[7.2268,11.1771],[7.2201,11.1726],[7.2179,11.1704],[7.2111,11.1659],[7.1999,11.1592],[7.1864,11.1502],[7.1774,11.1434],[7.1685,11.1412],[7.164,11.1389],[7.1572,11.1389],[7.1527,11.1389],[7.146,11.1412],[7.1393,11.1479],[7.1303,11.1569],[7.128,11.1614],[7.119,11.1704],[7.1101,11.1771],[7.1056,11.1816],[7.0966,11.1928],[7.0966,11.1973],[7.0854,11.2041],[7.0741,11.2153],[7.0651,11.2198],[7.0562,11.2243],[7.0449,11.2288],[7.0404,11.2288],[7.036,11.2265],[7.0292,11.231],[7.0225,11.2355],[7.018,11.24],[7.009,11.2445],[7.0045,11.2467],[6.991,11.2445],[6.9798,11.2445],[6.9731,11.2423],[6.9708,11.2423],[6.9686,11.2445],[6.9686,11.249],[6.9731,11.2557],[6.9776,11.2647],[6.9843,11.2714],[6.9865,11.2737],[6.9888,11.2759],[6.9933,11.2782],[6.9978,11.2804],[7.0,11.2827],[7.009,11.2939],[7.0135,11.3074],[7.0225,11.3141],[7.0225,11.3186],[7.0247,11.3253],[7.0247,11.3366],[7.0202,11.3411],[7.018,11.3456],[7.0157,11.3523],[7.0135,11.3568],[7.0112,11.359],[7.0068,11.3613],[7.0023,11.3613],[6.9888,11.3613],[6.9821,11.359],[6.9753,11.3568],[6.9686,11.3568],[6.9618,11.359],[6.9551,11.3635],[6.9461,11.368],[6.9394,11.3725],[6.9237,11.3815],[6.9192,11.3837],[6.9102,11.3837],[6.899,11.3815],[6.8945,11.3792],[6.8877,11.3815],[6.8855,11.377],[6.8832,11.3748],[6.8743,11.3635],[6.8698,11.3523],[6.8653,11.3411],[6.8518,11.3321],[6.8383,11.3186],[6.8293,11.3074],[6.8226,11.3096],[6.8159,11.3096],[6.8091,11.3006],[6.8001,11.2939],[6.7889,11.2872],[6.7844,11.2804],[6.7732,11.2759],[6.762,11.2692],[6.7552,11.2625],[6.753,11.2535],[6.7485,11.249],[6.7463,11.2423],[6.7463,11.2378],[6.7463,11.2333],[6.744,11.222],[6.744,11.2175],[6.7373,11.2086],[6.7328,11.2018],[6.735,11.1951],[6.7395,11.1906],[6.7418,11.1749],[6.7395,11.1704],[6.7328,11.1659],[6.7305,11.1614],[6.735,11.1547],[6.7328,11.1479],[6.7305,11.1434],[6.7215,11.1412],[6.7171,11.1367],[6.7148,11.1322],[6.7058,11.121],[6.7058,11.1165],[6.7081,11.1142],[6.7148,11.1142],[6.7171,11.1098],[6.7171,11.1053],[6.7058,11.0963],[6.7036,11.094],[6.6968,11.0963],[6.6879,11.094],[6.6879,11.0895],[6.6879,11.0806],[6.6901,11.0761],[6.6924,11.0738],[6.6901,11.0693],[6.6766,11.0581],[6.6744,11.0581],[6.6699,11.0603],[6.6587,11.0536],[6.6452,11.0491],[6.6385,11.0491],[6.6182,11.0469],[6.607,11.0469],[6.5958,11.0401],[6.5913,11.0379],[6.5846,11.0312],[6.5756,11.0244],[6.5643,11.0244],[6.5576,11.0244],[6.5486,11.0289],[6.5284,11.0267],[6.5172,11.0267],[6.5172,11.0199],[6.5127,11.0177],[6.5082,11.0132],[6.4992,11.0154],[6.4925,11.0154],[6.4902,11.0177],[6.4857,11.0199],[6.479,11.0222],[6.4723,11.0222],[6.4678,11.0177],[6.4655,11.0087],[6.4633,11.002],[6.4588,10.9997],[6.4521,11.002],[6.4476,11.0042],[6.4431,10.9997],[6.4386,10.9975],[6.4206,11.0132],[6.4184,11.0177],[6.4184,11.0244],[6.4116,11.0312],[6.3914,11.0334],[6.3869,11.0334],[6.3824,11.0334],[6.3757,11.0312],[6.369,11.0267],[6.3645,11.0199],[6.3577,11.0199],[6.351,11.0222],[6.3398,11.0222],[6.333,11.0222],[6.324,11.0199],[6.3218,11.0177],[6.3151,11.0109],[6.3083,11.0087],[6.3016,11.002],[6.2971,10.9952],[6.2904,10.9862],[6.2836,10.9773],[6.2769,10.966],[6.2724,10.9638],[6.2634,10.966],[6.2567,10.9615],[6.2522,10.9548],[6.2499,10.9526],[6.2454,10.9481],[6.2365,10.9458],[6.232,10.9413],[6.2297,10.9346],[6.2297,10.9278],[6.2275,10.9189],[6.223,10.9099],[6.223,10.9054],[6.2252,10.9031],[6.2252,10.8964],[6.2207,10.8919],[6.2185,10.8874],[6.2118,10.8784],[6.2073,10.8739],[6.2073,10.8695],[6.205,10.8627],[6.2005,10.8627],[6.196,10.8672],[6.1893,10.8717],[6.1826,10.8717],[6.1736,10.8672],[6.1668,10.8672],[6.1624,10.8672],[6.1579,10.8627],[6.1556,10.856],[6.1489,10.8537],[6.1444,10.8537],[6.1377,10.8515],[6.1219,10.8448],[6.1197,10.838],[6.1219,10.8358],[6.1264,10.8335],[6.1309,10.829],[6.1309,10.8245],[6.1287,10.8223],[6.1219,10.8133],[6.1152,10.8133],[6.1085,10.8133],[6.1085,10.8088],[6.1107,10.8043],[6.1107,10.8021],[6.1107,10.7976],[6.1062,10.7841],[6.104,10.7796],[6.1017,10.7751],[6.0995,10.7706],[6.1017,10.7639],[6.1085,10.7527],[6.1107,10.7459],[6.1107,10.737],[6.1062,10.7257],[6.0972,10.7145],[6.0905,10.7078],[6.0905,10.701],[6.095,10.6988],[6.104,10.6988],[6.1107,10.6943],[6.1129,10.6898],[6.1197,10.6831],[6.1332,10.6786],[6.1354,10.6786],[6.1377,10.6696],[6.1332,10.6606],[6.1242,10.6471],[6.1242,10.6426],[6.1219,10.6359],[6.1197,10.6269],[6.1129,10.6134],[6.1129,10.6045],[6.1152,10.6],[6.1264,10.5932],[6.1287,10.5798],[6.1264,10.5685],[6.1219,10.5528],[6.1152,10.5483],[6.1085,10.5461],[6.0995,10.5461],[6.0927,10.5461],[6.0905,10.5371],[6.0905,10.5236],[6.086,10.5146],[6.0905,10.4809]]]}},{"type":"Feature","properties":{"id":"abia","name":"Abia"},"geometry":{"type":"Polygon","coordinates":[[[7.1437,4.8957],[7.1482,4.8913],[7.155,4.8845],[7.164,4.8823],[7.1729,4.88],[7.1842,4.8733],[7.1909,4.8643],[7.2044,4.8576],[7.2156,4.8576],[7.2313,4.8576],[7.2403,4.8576],[7.256,4.8643],[7.2718,4.8733],[7.2942,4.8755],[7.3077,4.8755],[7.3189,4.88],[7.3257,4.8755],[7.3301,4.8733],[7.3346,4.8733],[7.3414,4.8733],[7.3526,4.871],[7.3593,4.8666],[7.3616,4.8643],[7.3728,4.8621],[7.393,4.8621],[7.4065,4.8666],[7.4155,4.8666],[7.429,4.8621],[7.4357,4.8531],[7.4469,4.8463],[7.4559,4.8441],[7.4604,4.8463],[7.4671,4.8463],[7.4716,4.8418],[7.4739,4.8374],[7.4784,4.8329],[7.4873,4.8284],[7.4896,4.8216],[7.4918,4.8239],[7.4963,4.8284],[7.4986,4.8329],[7.5008,4.8351],[7.5008,4.8374],[7.5008,4.8396],[7.4986,4.8553],[7.4986,4.8598],[7.4963,4.8598],[7.4941,4.8621],[7.4918,4.8643],[7.4896,4.8666],[7.4829,4.88],[7.4806,4.8823],[7.4806,4.8868],[7.4806,4.8913],[7.4784,4.9025],[7.4761,4.907],[7.4784,4.916],[7.4784,4.9205],[7.4806,4.9339],[7.4829,4.9339],[7.4851,4.9362],[7.4873,4.9384],[7.4896,4.9429],[7.4918,4.9452],[7.4918,4.9474],[7.4918,4.9541],[7.4918,4.9586],[7.4896,4.9609],[7.4873,4.9609],[7.4829,4.9609],[7.4806,4.9609],[7.4739,4.9654],[7.4671,4.9699],[7.4626,4.9721],[7.4604,4.9743],[7.4604,4.9766],[7.4716,4.9968],[7.4739,4.9968],[7.4784,4.9991],[7.4806,4.9968],[7.4829,4.9968],[7.4851,4.9991],[7.4873,5.0013],[7.4896,5.0035],[7.4896,5.0058],[7.4918,5.008],[7.5053,5.0125],[7.5076,5.0148],[7.5121,5.026],[7.5121,5.0305],[7.5188,5.0372],[7.521,5.0372],[7.5233,5.0372],[7.5255,5.0372],[7.5278,5.0372],[7.5323,5.0417],[7.5345,5.044],[7.5345,5.0485],[7.5255,5.0507],[7.5188,5.053],[7.521,5.0552],[7.5233,5.0552],[7.53,5.0574],[7.5323,5.0619],[7.5368,5.0642],[7.539,5.0664],[7.5412,5.0687],[7.5412,5.0709],[7.5457,5.0844],[7.548,5.0889],[7.5435,5.0934],[7.539,5.1024],[7.5345,5.1091],[7.5345,5.1113],[7.5345,5.1158],[7.5323,5.1293],[7.5323,5.1473],[7.53,5.1495],[7.5278,5.1563],[7.53,5.1607],[7.5345,5.1765],[7.539,5.1877],[7.539,5.1944],[7.5412,5.2169],[7.5412,5.2371],[7.5412,5.2393],[7.5412,5.2528],[7.5435,5.2551],[7.5435,5.2573],[7.5457,5.2596],[7.548,5.2641],[7.5525,5.2685],[7.5525,5.273],[7.5525,5.2753],[7.5502,5.2798],[7.548,5.2865],[7.5435,5.291],[7.5412,5.2932],[7.5368,5.3],[7.5345,5.3],[7.5345,5.3045],[7.5412,5.309],[7.5435,5.309],[7.5457,5.309],[7.5502,5.3067],[7.5525,5.3067],[7.557,5.3067],[7.5592,5.309],[7.5615,5.309],[7.5615,5.3135],[7.5637,5.3179],[7.566,5.3202],[7.5682,5.3224],[7.5727,5.3247],[7.5749,5.3247],[7.5794,5.3224],[7.5817,5.3224],[7.5839,5.3202],[7.5884,5.3179],[7.5907,5.3179],[7.5951,5.3202],[7.5974,5.3224],[7.6086,5.3224],[7.6109,5.3202],[7.6176,5.3179],[7.6221,5.3179],[7.6266,5.3179],[7.6446,5.3247],[7.649,5.3247],[7.6513,5.3292],[7.6558,5.3337],[7.658,5.3359],[7.6625,5.3404],[7.6648,5.3449],[7.667,5.3471],[7.676,5.3696],[7.6782,5.3808],[7.6782,5.3831],[7.676,5.3853],[7.676,5.3876],[7.6648,5.3921],[7.6625,5.3921],[7.658,5.3921],[7.6558,5.3921],[7.649,5.3898],[7.6468,5.3876],[7.6446,5.3853],[7.6401,5.3831],[7.6378,5.3808],[7.6333,5.3786],[7.6311,5.3786],[7.6288,5.3786],[7.6266,5.3786],[7.6243,5.3808],[7.6243,5.3831],[7.6243,5.3853],[7.6243,5.3876],[7.6266,5.3876],[7.6266,5.3898],[7.6288,5.3921],[7.6311,5.3966],[7.6333,5.4055],[7.6333,5.4078],[7.6333,5.4123],[7.6333,5.4145],[7.6333,5.419],[7.6356,5.4213],[7.6356,5.4257],[7.6401,5.4302],[7.6401,5.4325],[7.6423,5.4347],[7.6468,5.437],[7.649,5.437],[7.6513,5.4415],[7.6535,5.4437],[7.6558,5.4437],[7.6558,5.446],[7.6603,5.4482],[7.667,5.4482],[7.6693,5.446],[7.6715,5.4437],[7.6737,5.4415],[7.676,5.4415],[7.6782,5.4392],[7.6962,5.4347],[7.7007,5.4392],[7.7029,5.4639],[7.7052,5.4796],[7.7052,5.4819],[7.7052,5.4864],[7.7029,5.4909],[7.7007,5.4931],[7.6985,5.4954],[7.694,5.4976],[7.694,5.4999],[7.6917,5.5021],[7.6895,5.5066],[7.6917,5.5111],[7.694,5.5156],[7.6962,5.5178],[7.7052,5.5178],[7.7097,5.5133],[7.7142,5.5111],[7.7164,5.5133],[7.7187,5.5133],[7.7232,5.5156],[7.7276,5.5156],[7.7299,5.5178],[7.7344,5.5178],[7.7434,5.5178],[7.7479,5.5156],[7.7523,5.5156],[7.7546,5.5133],[7.7568,5.5111],[7.7591,5.5088],[7.7591,5.5043],[7.7591,5.4999],[7.7591,5.4931],[7.7613,5.4909],[7.7613,5.4886],[7.7658,5.4819],[7.7681,5.4796],[7.7748,5.4774],[7.7748,5.4752],[7.7771,5.4729],[7.7793,5.4707],[7.7815,5.4684],[7.7838,5.4617],[7.7838,5.4572],[7.7883,5.4437],[7.7928,5.4392],[7.8085,5.428],[7.822,5.4235],[7.8377,5.4213],[7.8512,5.4213],[7.8557,5.4235],[7.8601,5.4213],[7.8646,5.4213],[7.8646,5.419],[7.8669,5.4123],[7.8691,5.4078],[7.8714,5.4033],[7.8736,5.3988],[7.8759,5.3943],[7.8848,5.3853],[7.8759,5.3696],[7.8804,5.3674],[7.8893,5.3651],[7.9028,5.3629],[7.9208,5.3606],[7.9343,5.3584],[7.941,5.3584],[7.9634,5.3561],[7.9724,5.3539],[7.9769,5.3539],[7.9837,5.3561],[7.9859,5.3584],[7.9859,5.3606],[7.9882,5.3629],[7.9859,5.3696],[7.9837,5.3763],[7.9792,5.3898],[7.9724,5.3988],[7.9634,5.4168],[7.959,5.4325],[7.9567,5.437],[7.9545,5.4415],[7.95,5.4482],[7.9432,5.4572],[7.9387,5.4617],[7.9343,5.4684],[7.932,5.4774],[7.923,5.4999],[7.9208,5.5088],[7.914,5.5201],[7.9073,5.5358],[7.9073,5.5515],[7.9073,5.5605],[7.9051,5.565],[7.9051,5.5695],[7.9051,5.5717],[7.9096,5.5874],[7.9118,5.6099],[7.914,5.6301],[7.9163,5.6436],[7.9185,5.6503],[7.9163,5.6548],[7.9118,5.6616],[7.8961,5.6773],[7.8938,5.6818],[7.8893,5.684],[7.8871,5.6885],[7.8714,5.693],[7.8624,5.6975],[7.8399,5.711],[7.831,5.7222],[7.8197,5.7289],[7.8152,5.7357],[7.804,5.7446],[7.7973,5.7626],[7.795,5.7783],[7.7928,5.7918],[7.786,5.8053],[7.7636,5.8143],[7.7568,5.812],[7.7299,5.8165],[7.7142,5.8188],[7.685,5.8232],[7.658,5.8232],[7.6311,5.8255],[7.6176,5.8277],[7.6041,5.83],[7.5839,5.8367],[7.566,5.8435],[7.5525,5.8435],[7.5457,5.8457],[7.539,5.8502],[7.539,5.8592],[7.539,5.8749],[7.5412,5.8906],[7.539,5.9063],[7.5502,5.9423],[7.5525,5.9535],[7.5525,5.9804],[7.548,5.9939],[7.5323,6.0119],[7.521,6.0209],[7.5098,6.0209],[7.4941,6.0164],[7.4761,6.0119],[7.4626,6.0141],[7.4514,6.0141],[7.4312,6.0052],[7.4155,6.0052],[7.4043,6.0119],[7.3953,6.0254],[7.3863,6.0366],[7.384,6.0366],[7.3773,6.0411],[7.3616,6.0411],[7.3391,6.0411],[7.3391,6.0366],[7.3324,6.0321],[7.3234,6.0029],[7.3189,5.9984],[7.301,5.9984],[7.283,5.9984],[7.2718,5.9984],[7.265,5.9917],[7.2538,5.9647],[7.256,5.9513],[7.2605,5.94],[7.2628,5.9333],[7.265,5.9333],[7.2673,5.9288],[7.2695,5.9265],[7.2718,5.9243],[7.274,5.9221],[7.2852,5.9176],[7.2897,5.9176],[7.2942,5.9176],[7.2965,5.9153],[7.3279,5.9131],[7.3346,5.9108],[7.3414,5.9086],[7.3504,5.9063],[7.3638,5.9041],[7.3661,5.9041],[7.3728,5.9041],[7.3773,5.9063],[7.3818,5.9086],[7.3885,5.9131],[7.393,5.9108],[7.3953,5.9108],[7.3953,5.9086],[7.3975,5.9041],[7.3953,5.8996],[7.3953,5.8951],[7.393,5.8929],[7.393,5.8906],[7.3908,5.8861],[7.3885,5.8794],[7.3885,5.8704],[7.3863,5.8659],[7.3863,5.8637],[7.3863,5.8614],[7.3863,5.8592],[7.3863,5.8547],[7.3885,5.8502],[7.3885,5.8479],[7.3908,5.8412],[7.393,5.8345],[7.393,5.83],[7.393,5.8188],[7.393,5.7896],[7.3953,5.7761],[7.3953,5.7693],[7.3953,5.7604],[7.3953,5.7559],[7.3953,5.7536],[7.3953,5.7469],[7.3953,5.7446],[7.3953,5.7357],[7.3975,5.7289],[7.3998,5.7244],[7.3998,5.7199],[7.3998,5.7177],[7.3998,5.7132],[7.3998,5.711],[7.3975,5.7087],[7.393,5.7087],[7.3908,5.7065],[7.3863,5.7087],[7.384,5.7087],[7.3818,5.7065],[7.3818,5.7042],[7.384,5.6997],[7.3863,5.6975],[7.3908,5.6907],[7.3953,5.6863],[7.402,5.6818],[7.4043,5.6795],[7.4087,5.6773],[7.411,5.6728],[7.4155,5.6638],[7.4155,5.6616],[7.4177,5.6571],[7.4177,5.6526],[7.4177,5.6503],[7.4177,5.6481],[7.42,5.6413],[7.4222,5.6346],[7.4267,5.6324],[7.4267,5.6279],[7.429,5.6234],[7.429,5.6166],[7.4312,5.6054],[7.4267,5.5874],[7.4222,5.5829],[7.4222,5.5807],[7.42,5.5785],[7.4177,5.5785],[7.4155,5.5762],[7.4155,5.574],[7.4155,5.5717],[7.4177,5.5627],[7.4132,5.5582],[7.4087,5.5448],[7.4087,5.5425],[7.4065,5.5358],[7.4065,5.5335],[7.4043,5.5291],[7.402,5.5268],[7.402,5.5246],[7.3998,5.5223],[7.393,5.5133],[7.3908,5.5111],[7.3885,5.5111],[7.384,5.5021],[7.3773,5.4819],[7.3751,5.4796],[7.3751,5.4774],[7.3728,5.4752],[7.3706,5.4729],[7.3661,5.4684],[7.3638,5.4662],[7.3616,5.4594],[7.3616,5.4549],[7.3593,5.4527],[7.3593,5.4504],[7.3571,5.446],[7.3549,5.4437],[7.3504,5.4437],[7.3481,5.4437],[7.3481,5.4415],[7.3436,5.4392],[7.3391,5.4347],[7.3369,5.4325],[7.3346,5.4302],[7.3324,5.4235],[7.3234,5.41],[7.3234,5.4078],[7.3212,5.4055],[7.3234,5.3966],[7.3234,5.3876],[7.3212,5.3831],[7.3167,5.3674],[7.3144,5.3629],[7.3122,5.3606],[7.3077,5.3606],[7.3054,5.3584],[7.3032,5.3516],[7.3032,5.3471],[7.301,5.3427],[7.2942,5.3314],[7.2942,5.3292],[7.292,5.3269],[7.292,5.3247],[7.292,5.3202],[7.292,5.3112],[7.292,5.3067],[7.292,5.3045],[7.2897,5.3022],[7.2875,5.2955],[7.2852,5.291],[7.283,5.2865],[7.2785,5.2775],[7.2785,5.2753],[7.2785,5.273],[7.2762,5.2596],[7.2762,5.2551],[7.274,5.2528],[7.2695,5.2461],[7.2673,5.2416],[7.2673,5.2393],[7.2673,5.2371],[7.2673,5.2326],[7.2673,5.2281],[7.265,5.2214],[7.265,5.2146],[7.274,5.2102],[7.2807,5.2012],[7.2875,5.1922],[7.2897,5.1832],[7.292,5.172],[7.292,5.1607],[7.2875,5.1473],[7.2807,5.1316],[7.2785,5.1203],[7.2785,5.1158],[7.2718,5.1046],[7.265,5.0956],[7.256,5.0777],[7.2538,5.0642],[7.2515,5.0485],[7.2515,5.0327],[7.2493,5.017],[7.2448,5.008],[7.2403,4.9946],[7.2358,4.9811],[7.2291,4.9699],[7.2179,4.9609],[7.2089,4.9564],[7.1999,4.9541],[7.1819,4.9496],[7.1685,4.9452],[7.1595,4.9362],[7.1505,4.9249],[7.1437,4.9137],[7.1415,4.9002],[7.1437,4.8957]]]}},{"type":"Feature","properties":{"id":"rivers","name":"Rivers"},"geometry":{"type":"Polygon","coordinates":[[[6.4026,4.8261],[6.4094,4.8127],[6.4139,4.8037],[6.4229,4.7767],[6.4296,4.7655],[6.4453,4.7745],[6.4431,4.761],[6.4408,4.7453],[6.4453,4.7296],[6.4588,4.7251],[6.461,4.7138],[6.479,4.7138],[6.4902,4.7228],[6.4992,4.7318],[6.5172,4.7475],[6.5284,4.752],[6.5374,4.7565],[6.5531,4.7588],[6.5801,4.7588],[6.598,4.752],[6.607,4.7453],[6.6003,4.7341],[6.5935,4.7228],[6.5868,4.7183],[6.5733,4.7093],[6.5666,4.7026],[6.5531,4.6891],[6.5464,4.6824],[6.5374,4.6734],[6.5284,4.6622],[6.5127,4.6442],[6.5172,4.6218],[6.5262,4.615],[6.5351,4.6083],[6.5374,4.5971],[6.5441,4.5903],[6.5486,4.5858],[6.5464,4.5813],[6.5396,4.5769],[6.5441,4.5679],[6.5509,4.5589],[6.5599,4.5544],[6.5666,4.5544],[6.5599,4.5409],[6.5531,4.5364],[6.5441,4.5342],[6.5419,4.523],[6.5509,4.5095],[6.5396,4.5005],[6.5374,4.496],[6.5351,4.4893],[6.5329,4.478],[6.5262,4.4691],[6.5239,4.4623],[6.5194,4.4533],[6.5127,4.4309],[6.5127,4.4174],[6.5127,4.3927],[6.5127,4.3792],[6.5149,4.368],[6.5194,4.3613],[6.5351,4.3568],[6.5441,4.3545],[6.5486,4.3433],[6.5486,4.3343],[6.5486,4.3253],[6.5733,4.3276],[6.5801,4.3253],[6.6407,4.3119],[6.6452,4.3208],[6.6474,4.3253],[6.6519,4.3276],[6.6654,4.3276],[6.6676,4.3276],[6.6834,4.3276],[6.6879,4.3298],[6.6946,4.3298],[6.7058,4.3388],[6.7036,4.3455],[6.7013,4.3613],[6.6901,4.386],[6.6879,4.3927],[6.6856,4.3972],[6.6676,4.4196],[6.6654,4.4241],[6.6632,4.4286],[6.6721,4.4421],[6.6811,4.4399],[6.6879,4.4219],[6.7013,4.4196],[6.6991,4.4488],[6.6901,4.4915],[6.6901,4.5252],[6.7126,4.5611],[6.7283,4.606],[6.7328,4.606],[6.735,4.6016],[6.7418,4.5813],[6.744,4.5701],[6.7373,4.5544],[6.7305,4.5477],[6.7305,4.5454],[6.7193,4.5252],[6.7171,4.5117],[6.7126,4.5027],[6.7103,4.4915],[6.7081,4.4578],[6.7126,4.3837],[6.7126,4.359],[6.7148,4.3545],[6.7171,4.35],[6.7193,4.3455],[6.7328,4.3366],[6.7373,4.3366],[6.7934,4.3366],[6.8496,4.3478],[6.8698,4.3523],[6.8743,4.3635],[6.872,4.3657],[6.8698,4.3657],[6.8518,4.377],[6.8406,4.3994],[6.8563,4.3972],[6.8585,4.3972],[6.8787,4.3927],[6.9349,4.3792],[6.9484,4.3747],[6.9529,4.3747],[6.9551,4.3725],[6.9574,4.3725],[6.9618,4.3725],[6.991,4.3702],[6.9955,4.3702],[6.9978,4.3702],[7.0045,4.3702],[7.0112,4.3702],[7.0202,4.3747],[7.0225,4.3792],[7.0247,4.3837],[7.0247,4.3905],[7.0225,4.3949],[7.0202,4.3994],[7.0157,4.4062],[7.0135,4.4107],[7.009,4.4196],[6.9978,4.4376],[6.991,4.4533],[6.9865,4.4601],[6.9798,4.478],[6.9753,4.4848],[6.9753,4.487],[6.9821,4.5252],[6.9708,4.5903],[6.9708,4.6038],[6.9843,4.6173],[6.9978,4.606],[7.0023,4.5813],[7.0045,4.5701],[7.018,4.5027],[7.0202,4.4915],[7.0404,4.4399],[7.0427,4.4376],[7.0449,4.4376],[7.0449,4.4354],[7.0696,4.4354],[7.0899,4.4421],[7.1595,4.4623],[7.164,4.4623],[7.1729,4.487],[7.1797,4.505],[7.1752,4.5836],[7.1707,4.5993],[7.1707,4.6016],[7.1707,4.6038],[7.1572,4.6285],[7.1505,4.6397],[7.146,4.6442],[7.1303,4.6555],[7.1056,4.6667],[7.0966,4.6689],[7.0921,4.6757],[7.0831,4.6846],[7.0786,4.7026],[7.0809,4.7138],[7.0809,4.7183],[7.0809,4.7228],[7.0854,4.7228],[7.0876,4.7183],[7.0899,4.7116],[7.0876,4.7071],[7.0899,4.7004],[7.0921,4.6936],[7.0966,4.6869],[7.1033,4.6779],[7.1078,4.6734],[7.1235,4.6689],[7.1437,4.6644],[7.1527,4.6599],[7.1685,4.6307],[7.1909,4.6105],[7.2066,4.5656],[7.2179,4.5454],[7.2179,4.5207],[7.1932,4.478],[7.1819,4.4646],[7.1707,4.4511],[7.1662,4.4488],[7.1662,4.4466],[7.1595,4.4376],[7.1482,4.4264],[7.1393,4.4152],[7.137,4.4129],[7.137,4.4107],[7.1348,4.4062],[7.1325,4.4039],[7.1348,4.3949],[7.1348,4.3882],[7.137,4.386],[7.1393,4.386],[7.1437,4.3837],[7.1482,4.3815],[7.1662,4.3792],[7.1797,4.377],[7.1842,4.3792],[7.2044,4.3815],[7.2134,4.3837],[7.2201,4.3837],[7.2336,4.3882],[7.2538,4.3927],[7.2785,4.3994],[7.2987,4.4039],[7.3077,4.4084],[7.3212,4.4152],[7.3279,4.4174],[7.3279,4.4196],[7.3279,4.4219],[7.3234,4.4331],[7.3234,4.4444],[7.3257,4.4444],[7.3324,4.4444],[7.3391,4.4421],[7.3481,4.4421],[7.3504,4.4421],[7.3683,4.4421],[7.3908,4.4354],[7.4065,4.4331],[7.4177,4.4309],[7.429,4.4354],[7.4357,4.4376],[7.4447,4.4399],[7.4469,4.4399],[7.4582,4.4421],[7.4649,4.4444],[7.4806,4.4466],[7.4873,4.4488],[7.4918,4.4488],[7.5098,4.4511],[7.5188,4.4511],[7.5615,4.4511],[7.5772,4.4488],[7.5862,4.4488],[7.5907,4.4533],[7.5907,4.4623],[7.5884,4.4623],[7.5862,4.4623],[7.5839,4.4623],[7.5817,4.4668],[7.5817,4.4691],[7.5817,4.4758],[7.5839,4.478],[7.5862,4.4825],[7.5884,4.487],[7.5884,4.4893],[7.5839,4.4938],[7.5772,4.496],[7.5704,4.4982],[7.557,4.5027],[7.5502,4.5095],[7.5435,4.514],[7.5412,4.5162],[7.539,4.5185],[7.5323,4.5252],[7.5278,4.5387],[7.5255,4.5409],[7.5233,4.5454],[7.521,4.5499],[7.521,4.5544],[7.5278,4.5656],[7.5435,4.5746],[7.5435,4.5791],[7.5368,4.5858],[7.5323,4.5903],[7.53,4.5971],[7.5278,4.5993],[7.5255,4.6038],[7.5255,4.6128],[7.5233,4.6173],[7.5188,4.6263],[7.5165,4.633],[7.5188,4.642],[7.5233,4.6532],[7.5233,4.6555],[7.521,4.6622],[7.5165,4.6622],[7.5165,4.6802],[7.521,4.6891],[7.5278,4.6959],[7.5345,4.7004],[7.5368,4.7026],[7.5412,4.7071],[7.5457,4.7183],[7.548,4.7251],[7.5457,4.7318],[7.5435,4.7341],[7.5412,4.7363],[7.5368,4.7385],[7.53,4.743],[7.5255,4.7498],[7.5233,4.7543],[7.5233,4.7565],[7.5233,4.7632],[7.5255,4.77],[7.5255,4.779],[7.521,4.788],[7.5165,4.7924],[7.5098,4.8014],[7.5076,4.8037],[7.5008,4.8082],[7.4896,4.8216],[7.4873,4.8284],[7.4784,4.8329],[7.4739,4.8374],[7.4716,4.8418],[7.4671,4.8463],[7.4604,4.8463],[7.4559,4.8441],[7.4469,4.8463],[7.4357,4.8531],[7.429,4.8621],[7.4155,4.8666],[7.4065,4.8666],[7.393,4.8621],[7.3728,4.8621],[7.3616,4.8643],[7.3593,4.8666],[7.3526,4.871],[7.3414,4.8733],[7.3346,4.8733],[7.3301,4.8733],[7.3257,4.8755],[7.3189,4.88],[7.3077,4.8755],[7.2942,4.8755],[7.2718,4.8733],[7.256,4.8643],[7.2403,4.8576],[7.2313,4.8576],[7.2156,4.8576],[7.2044,4.8576],[7.1909,4.8643],[7.1842,4.8733],[7.1729,4.88],[7.164,4.8823],[7.155,4.8845],[7.1482,4.8913],[7.1437,4.8957],[7.1415,4.9002],[7.1437,4.9137],[7.1505,4.9249],[7.1595,4.9362],[7.1685,4.9452],[7.1819,4.9496],[7.1999,4.9541],[7.2089,4.9564],[7.2179,4.9609],[7.2291,4.9699],[7.2358,4.9811],[7.2403,4.9946],[7.2448,5.008],[7.2493,5.017],[7.2515,5.0327],[7.2515,5.0485],[7.2538,5.0642],[7.256,5.0777],[7.265,5.0956],[7.2718,5.1046],[7.2785,5.1158],[7.2785,5.1203],[7.2807,5.1316],[7.2875,5.1473],[7.292,5.1607],[7.292,5.172],[7.2897,5.1832],[7.2875,5.1922],[7.2807,5.2012],[7.274,5.2102],[7.265,5.2146],[7.2605,5.2124],[7.2515,5.2057],[7.2515,5.2012],[7.2426,5.1967],[7.2313,5.1944],[7.2291,5.1944],[7.2179,5.1967],[7.2156,5.1967],[7.2111,5.1967],[7.1976,5.1989],[7.1932,5.2012],[7.1909,5.2034],[7.1887,5.2034],[7.1864,5.2057],[7.1819,5.2079],[7.1797,5.2079],[7.1752,5.2102],[7.1662,5.2124],[7.1617,5.2124],[7.1415,5.2146],[7.1348,5.2146],[7.1235,5.2169],[7.1078,5.2214],[7.0943,5.2259],[7.0831,5.2281],[7.0809,5.2304],[7.0629,5.2393],[7.0562,5.2438],[7.0539,5.2461],[7.0449,5.2483],[7.0404,5.2506],[7.036,5.2483],[7.0292,5.2461],[7.0202,5.2438],[7.0068,5.2416],[7.0045,5.2393],[6.9978,5.2393],[6.9865,5.2349],[6.9821,5.2349],[6.9753,5.2349],[6.9708,5.2371],[6.9596,5.2326],[6.9394,5.2281],[6.9304,5.2259],[6.9214,5.2236],[6.9169,5.2236],[6.9035,5.2191],[6.8967,5.2214],[6.8945,5.2236],[6.8922,5.2236],[6.8877,5.2259],[6.881,5.2304],[6.8765,5.2371],[6.8675,5.2438],[6.8496,5.2506],[6.8361,5.2506],[6.8271,5.2528],[6.8249,5.2551],[6.8181,5.2573],[6.8046,5.2685],[6.7934,5.2775],[6.7867,5.2843],[6.771,5.3],[6.7665,5.309],[6.7552,5.3224],[6.7575,5.3427],[6.7597,5.3539],[6.7597,5.3674],[6.7575,5.3763],[6.7575,5.3898],[6.7597,5.401],[6.762,5.41],[6.7597,5.4213],[6.7552,5.4302],[6.7485,5.4392],[6.744,5.4482],[6.744,5.4594],[6.7507,5.4639],[6.7507,5.4774],[6.7418,5.4931],[6.7328,5.4931],[6.7305,5.4931],[6.7193,5.4909],[6.7148,5.4886],[6.6519,5.4909],[6.6385,5.4931],[6.6587,5.6256],[6.6699,5.6907],[6.6744,5.7199],[6.6676,5.7222],[6.6654,5.7222],[6.6519,5.7244],[6.634,5.7289],[6.6182,5.7177],[6.6138,5.702],[6.6138,5.6907],[6.607,5.6795],[6.607,5.6705],[6.6093,5.666],[6.6115,5.6593],[6.6182,5.6503],[6.6205,5.6436],[6.6182,5.6324],[6.6138,5.6256],[6.6093,5.6211],[6.6048,5.6144],[6.6025,5.6077],[6.6003,5.5964],[6.5958,5.5874],[6.5935,5.5807],[6.5913,5.574],[6.5846,5.5627],[6.5688,5.5538],[6.5554,5.5515],[6.5419,5.5493],[6.5307,5.5313],[6.5329,5.5088],[6.5374,5.4909],[6.5374,5.4774],[6.5374,5.4707],[6.5351,5.4594],[6.5239,5.4392],[6.5127,5.428],[6.4992,5.4257],[6.4947,5.4257],[6.4835,5.4213],[6.4768,5.4033],[6.4857,5.3786],[6.5015,5.3786],[6.5194,5.3808],[6.5396,5.3808],[6.5531,5.3808],[6.5621,5.3786],[6.5688,5.3718],[6.5688,5.3629],[6.5688,5.3471],[6.5666,5.3337],[6.5621,5.3202],[6.5554,5.3112],[6.5486,5.3022],[6.5419,5.2955],[6.5307,5.2843],[6.5329,5.273],[6.5374,5.2641],[6.5486,5.2573],[6.5666,5.2371],[6.5531,5.2259],[6.5486,5.2124],[6.5599,5.1989],[6.5531,5.1899],[6.5441,5.1855],[6.5351,5.1877],[6.5262,5.1742],[6.5104,5.172],[6.4925,5.163],[6.4857,5.154],[6.4723,5.1293],[6.4633,5.1068],[6.461,5.0979],[6.4521,5.0821],[6.4431,5.0687],[6.4386,5.053],[6.4296,5.0395],[6.4251,5.0305],[6.4184,5.017],[6.4116,5.0035],[6.4094,4.9901],[6.4206,4.9811],[6.4296,4.9743],[6.4363,4.9654],[6.4408,4.9541],[6.4408,4.9429],[6.4341,4.9294],[6.4251,4.9205],[6.4206,4.907],[6.4139,4.8957],[6.4071,4.8868],[6.4004,4.8755],[6.3982,4.8643],[6.3982,4.8508],[6.3982,4.8374],[6.4026,4.8261]]]}}]}