{"type":"FeatureCollection","features":[{"type":"Feature","properties":{"id":"borno/abadam","name":"Abadam","state":"Borno"},"geometry":{"type":"MultiPolygon","coordinates":[[[[12.821,13.4072],[12.8255,13.4094],[12.8255,13.4117],[12.8233,13.4139],[12.8188,13.4117],[12.8188,13.4094],[12.8188,13.4072],[12.821,13.4072]]],[[[13.2006,13.5442],[13.2028,13.5442],[13.2028,13.5464],[13.205,13.5464],[13.2073,13.5486],[13.2073,13.5509],[13.205,13.5509],[13.205,13.5531],[13.2028,13.5531],[13.2006,13.5531],[13.1983,13.5486],[13.1983,13.5464],[13.2006,13.5442]]],[[[12.8188,13.4072],[12.8165,13.4072],[12.812,13.4072],[12.8098,13.4072],[12.8165,13.3914],[12.8188,13.3892],[12.821,13.3869],[12.8278,13.3825],[12.8345,13.3712],[12.8435,13.36],[12.848,13.3578],[12.8502,13.3578],[12.857,13.3555],[12.8637,13.351],[12.8682,13.3465],[12.8727,13.342],[12.8906,13.3286],[12.8974,13.3241],[12.9108,13.3196],[12.9153,13.3173],[12.9198,13.3173],[12.9333,13.3106],[12.9445,13.3016],[12.9468,13.2994],[12.9558,13.2949],[12.9603,13.2904],[12.9647,13.2859],[12.9692,13.2814],[12.9715,13.2769],[12.9782,13.2702],[12.9805,13.2679],[12.9872,13.2634],[12.9939,13.2589],[12.9984,13.2522],[13.0097,13.2365],[13.0209,13.2208],[13.0344,13.205],[13.0411,13.1961],[13.0433,13.1916],[13.0523,13.1803],[13.0568,13.1758],[13.0591,13.1736],[13.0703,13.1624],[13.0793,13.1556],[13.0838,13.1511],[13.086,13.1467],[13.0972,13.1354],[13.1017,13.1242],[13.1085,13.113],[13.113,13.1062],[13.1152,13.104],[13.1197,13.0883],[13.1197,13.0815],[13.1264,13.0793],[13.1309,13.0793],[13.1556,13.0748],[13.1646,13.0748],[13.1803,13.077],[13.1893,13.0793],[13.2006,13.077],[13.2185,13.0838],[13.223,13.0838],[13.2365,13.0928],[13.2477,13.104],[13.2634,13.1152],[13.2679,13.1175],[13.2747,13.1264],[13.2792,13.1309],[13.2926,13.1444],[13.3039,13.1556],[13.3106,13.1669],[13.3151,13.1736],[13.3196,13.1871],[13.3218,13.1961],[13.3218,13.2028],[13.3218,13.214],[13.3331,13.2365],[13.3465,13.2567],[13.351,13.2657],[13.36,13.2792],[13.3712,13.2926],[13.3735,13.2949],[13.378,13.2994],[13.3869,13.3039],[13.3914,13.3061],[13.4139,13.3128],[13.4364,13.3106],[13.4453,13.3083],[13.4566,13.3061],[13.4588,13.3061],[13.4633,13.3083],[13.4768,13.3106],[13.488,13.3128],[13.4992,13.3151],[13.5172,13.3173],[13.5307,13.3173],[13.5397,13.3173],[13.5554,13.3196],[13.5733,13.3263],[13.5981,13.3286],[13.6115,13.3331],[13.616,13.3353],[13.6295,13.342],[13.643,13.3488],[13.6587,13.3578],[13.6789,13.3667],[13.6879,13.3712],[13.6969,13.3735],[13.7103,13.3802],[13.7126,13.3825],[13.7216,13.3869],[13.7306,13.3914],[13.762,13.4027],[13.7777,13.4049],[13.7844,13.4072],[13.7957,13.4094],[13.8226,13.4139],[13.8316,13.4184],[13.8361,13.4206],[13.8383,13.4206],[13.8361,13.4229],[13.8316,13.4296],[13.8271,13.4364],[13.8226,13.4431],[13.8181,13.4498],[13.8136,13.4566],[13.8092,13.4633],[13.8024,13.47],[13.8024,13.4745],[13.8002,13.479],[13.7957,13.4835],[13.7934,13.488],[13.7889,13.4925],[13.7844,13.497],[13.7822,13.5015],[13.78,13.506],[13.7755,13.5127],[13.762,13.5284],[13.762,13.5307],[13.762,13.5329],[13.7553,13.5374],[13.753,13.5442],[13.7463,13.5531],[13.7418,13.5599],[13.7373,13.5666],[13.7306,13.5733],[13.7261,13.5823],[13.7216,13.5891],[13.7148,13.5958],[13.7148,13.6003],[13.7126,13.6048],[13.7081,13.6093],[13.7036,13.6138],[13.6924,13.6272],[13.6879,13.634],[13.6834,13.6407],[13.6677,13.6609],[13.6632,13.6677],[13.6632,13.6699],[13.6564,13.6767],[13.6519,13.6811],[13.6475,13.6879],[13.643,13.6946],[13.6385,13.7014],[13.634,13.7103],[13.625,13.7103],[13.616,13.7103],[13.6138,13.7081],[13.607,13.7103],[13.6003,13.7103],[13.5913,13.7103],[13.5868,13.7103],[13.5823,13.7103],[13.5756,13.7103],[13.5689,13.7103],[13.5621,13.7103],[13.5554,13.7103],[13.5486,13.7103],[13.5419,13.7103],[13.5352,13.7103],[13.5262,13.7103],[13.5172,13.7103],[13.4835,13.7103],[13.4745,13.7103],[13.47,13.7103],[13.4656,13.7103],[13.4566,13.7103],[13.4498,13.7103],[13.4431,13.7103],[13.4364,13.7103],[13.4319,13.7103],[13.4161,13.7081],[13.4094,13.7103],[13.4004,13.7103],[13.3914,13.7126],[13.3847,13.7103],[13.3757,13.7103],[13.3712,13.7126],[13.3622,13.7126],[13.3533,13.7148],[13.351,13.7148],[13.3465,13.7148],[13.3443,13.7148],[13.342,13.7148],[13.3398,13.7148],[13.3375,13.7148],[13.3331,13.7148],[13.3308,13.7148],[13.3308,13.7126],[13.3331,13.7126],[13.3331,13.7103],[13.3353,13.7081],[13.3353,13.7058],[13.3353,13.6991],[13.3331,13.6969],[13.3308,13.6969],[13.3241,13.6924],[13.3218,13.6946],[13.3196,13.6946],[13.3151,13.6946],[13.3128,13.6969],[13.3106,13.6969],[13.3083,13.6969],[13.3083,13.6946],[13.3061,13.6924],[13.3061,13.6901],[13.3083,13.6901],[13.3083,13.6879],[13.3106,13.6879],[13.3083,13.6834],[13.3061,13.6834],[13.3039,13.6834],[13.3016,13.6789],[13.3016,13.6767],[13.3039,13.6767],[13.3039,13.6744],[13.3016,13.6744],[13.2994,13.6744],[13.2971,13.6744],[13.2949,13.6744],[13.2949,13.6722],[13.2971,13.6722],[13.2994,13.6699],[13.3016,13.6677],[13.2994,13.6654],[13.2971,13.6677],[13.2949,13.6699],[13.2926,13.6699],[13.2926,13.6654],[13.2949,13.6654],[13.2971,13.6654],[13.2971,13.6632],[13.2949,13.6609],[13.2926,13.6587],[13.2904,13.6587],[13.2859,13.6587],[13.2792,13.6542],[13.2769,13.6519],[13.2747,13.6497],[13.2747,13.6452],[13.2747,13.643],[13.2747,13.6407],[13.2702,13.6385],[13.2679,13.6385],[13.2634,13.6362],[13.2612,13.6362],[13.2612,13.634],[13.2589,13.6317],[13.2589,13.6295],[13.2589,13.6272],[13.2589,13.6228],[13.2589,13.6205],[13.2567,13.6183],[13.2545,13.6183],[13.25,13.6183],[13.2477,13.6183],[13.2455,13.6183],[13.2432,13.6183],[13.2432,13.616],[13.2432,13.6138],[13.2477,13.6093],[13.25,13.6093],[13.2522,13.6093],[13.2522,13.607],[13.2522,13.6048],[13.25,13.6048],[13.2477,13.6048],[13.2477,13.6025],[13.25,13.6003],[13.2522,13.5981],[13.2522,13.5958],[13.2545,13.5981],[13.2545,13.6003],[13.2567,13.6025],[13.2567,13.6048],[13.2589,13.6025],[13.2634,13.5958],[13.2612,13.5936],[13.2589,13.5936],[13.2567,13.5936],[13.2545,13.5913],[13.2545,13.5891],[13.2522,13.5868],[13.2545,13.5868],[13.2545,13.5846],[13.2522,13.5801],[13.2455,13.5823],[13.2455,13.5846],[13.2455,13.5868],[13.2432,13.5891],[13.241,13.5891],[13.2387,13.5891],[13.232,13.5868],[13.2297,13.5868],[13.2297,13.5846],[13.2297,13.5823],[13.2297,13.5801],[13.2275,13.5801],[13.2275,13.5778],[13.2275,13.5756],[13.2297,13.5756],[13.232,13.5733],[13.2342,13.5733],[13.2365,13.5711],[13.2387,13.5666],[13.2387,13.5644],[13.232,13.5599],[13.2275,13.5576],[13.2275,13.5554],[13.2253,13.5554],[13.2253,13.5576],[13.2208,13.5554],[13.2208,13.5509],[13.2185,13.5509],[13.2163,13.5509],[13.2163,13.5531],[13.2163,13.5554],[13.214,13.5554],[13.2118,13.5531],[13.2118,13.5486],[13.2095,13.5486],[13.2095,13.5464],[13.2095,13.5442],[13.2073,13.5442],[13.2073,13.5419],[13.205,13.5374],[13.205,13.5352],[13.2073,13.5352],[13.2095,13.5329],[13.2095,13.5307],[13.2073,13.5284],[13.205,13.5284],[13.205,13.5262],[13.2028,13.5262],[13.2028,13.5284],[13.2006,13.5284],[13.1983,13.5284],[13.1961,13.5262],[13.1961,13.5239],[13.1961,13.5217],[13.1983,13.5194],[13.2006,13.5194],[13.2006,13.5172],[13.2006,13.515],[13.1983,13.5127],[13.1961,13.5127],[13.1938,13.515],[13.1916,13.515],[13.1916,13.5172],[13.1893,13.5172],[13.1893,13.5194],[13.1871,13.5194],[13.1871,13.5217],[13.1871,13.5239],[13.1871,13.5262],[13.1871,13.5284],[13.1871,13.5307],[13.1871,13.5329],[13.1871,13.5352],[13.1848,13.5352],[13.1826,13.5374],[13.1803,13.5374],[13.1736,13.5352],[13.1714,13.5329],[13.1714,13.5307],[13.1691,13.5307],[13.1669,13.5307],[13.1669,13.5329],[13.1646,13.5329],[13.1624,13.5329],[13.1624,13.5307],[13.1579,13.5262],[13.1579,13.5217],[13.1579,13.5194],[13.1556,13.5172],[13.1444,13.5172],[13.1422,13.5172],[13.1399,13.5194],[13.1399,13.5217],[13.1422,13.5329],[13.1422,13.5352],[13.1444,13.5352],[13.1444,13.5419],[13.1422,13.5419],[13.1444,13.5442],[13.1489,13.5486],[13.1489,13.5509],[13.1467,13.5509],[13.1444,13.5486],[13.1422,13.5486],[13.1422,13.5464],[13.1399,13.5442],[13.1399,13.5419],[13.1377,13.5419],[13.1354,13.5419],[13.1332,13.5419],[13.1287,13.5442],[13.1264,13.5442],[13.1242,13.5419],[13.1242,13.5397],[13.122,13.5397],[13.122,13.5374],[13.1242,13.5374],[13.1264,13.5352],[13.1287,13.5307],[13.1264,13.5307],[13.1242,13.5284],[13.1264,13.5284],[13.1264,13.5262],[13.1287,13.5262],[13.1287,13.5239],[13.1264,13.5217],[13.1242,13.5217],[13.122,13.5217],[13.1197,13.5217],[13.1197,13.5239],[13.1175,13.5262],[13.1152,13.5284],[13.113,13.5284],[13.113,13.5307],[13.113,13.5329],[13.1085,13.5397],[13.1062,13.5397],[13.104,13.5397],[13.1017,13.5397],[13.1017,13.5374],[13.1017,13.5352],[13.1017,13.5329],[13.1017,13.5284],[13.0995,13.5284],[13.0972,13.5284],[13.0972,13.5262],[13.0972,13.5239],[13.0928,13.5172],[13.0905,13.5172],[13.0905,13.5194],[13.0838,13.5217],[13.077,13.5239],[13.0748,13.5262],[13.0725,13.5262],[13.0681,13.5262],[13.0658,13.5262],[13.0636,13.5262],[13.0636,13.5284],[13.0613,13.5284],[13.0613,13.5329],[13.0681,13.5374],[13.0703,13.5374],[13.0703,13.5352],[13.0703,13.5329],[13.0725,13.5329],[13.0748,13.5352],[13.0748,13.5374],[13.0703,13.5397],[13.0703,13.5419],[13.0703,13.5464],[13.0681,13.5464],[13.0681,13.5486],[13.0658,13.5486],[13.0658,13.5509],[13.0636,13.5509],[13.0636,13.5486],[13.0613,13.5486],[13.0591,13.5464],[13.0591,13.5442],[13.0568,13.5419],[13.0546,13.5397],[13.0501,13.5374],[13.0478,13.5397],[13.0456,13.5419],[13.0456,13.5442],[13.0433,13.5442],[13.0433,13.5419],[13.0433,13.5397],[13.0456,13.5352],[13.0433,13.5284],[13.0344,13.5307],[13.0299,13.5329],[13.0299,13.5352],[13.0276,13.5352],[13.0276,13.5374],[13.0231,13.5374],[13.0209,13.5329],[13.0142,13.5262],[13.0119,13.5217],[13.0097,13.5194],[13.0097,13.5172],[13.0074,13.515],[13.0074,13.5127],[13.0052,13.5105],[13.0029,13.5127],[13.0007,13.5127],[13.0007,13.515],[13.0007,13.5172],[12.9984,13.5172],[12.9984,13.5194],[12.9962,13.5194],[12.9939,13.5194],[12.9917,13.5194],[12.9917,13.5172],[12.9895,13.5172],[12.985,13.515],[12.985,13.5172],[12.9827,13.5172],[12.9827,13.5194],[12.9805,13.5217],[12.9782,13.5194],[12.9782,13.5172],[12.976,13.5172],[12.976,13.515],[12.9737,13.515],[12.9715,13.515],[12.9715,13.5172],[12.9715,13.5194],[12.9692,13.5217],[12.9647,13.5217],[12.9647,13.5194],[12.9647,13.5172],[12.967,13.5172],[12.967,13.515],[12.9647,13.515],[12.9625,13.515],[12.9625,13.5172],[12.9603,13.5194],[12.958,13.5217],[12.9558,13.5217],[12.9558,13.5194],[12.9558,13.5172],[12.9535,13.5172],[12.9535,13.515],[12.9535,13.5127],[12.9535,13.5105],[12.9558,13.5105],[12.9558,13.5082],[12.958,13.506],[12.9603,13.5015],[12.958,13.5015],[12.958,13.4992],[12.9535,13.4992],[12.9513,13.4992],[12.949,13.5015],[12.9468,13.506],[12.9445,13.506],[12.9445,13.5082],[12.94,13.506],[12.9378,13.506],[12.9356,13.506],[12.9356,13.5037],[12.9243,13.4947],[12.9243,13.4925],[12.9243,13.4903],[12.9198,13.488],[12.9176,13.488],[12.9153,13.488],[12.9041,13.488],[12.9019,13.488],[12.9019,13.4903],[12.8996,13.4925],[12.8974,13.4925],[12.8951,13.4925],[12.8951,13.4903],[12.8929,13.4903],[12.8906,13.4903],[12.8906,13.4925],[12.8906,13.4947],[12.8929,13.4947],[12.8929,13.497],[12.8929,13.4992],[12.8906,13.4992],[12.8906,13.5015],[12.8884,13.5015],[12.8861,13.5015],[12.8839,13.4992],[12.8839,13.5015],[12.8817,13.5015],[12.8794,13.5015],[12.8772,13.5015],[12.8749,13.5015],[12.8727,13.5015],[12.8704,13.497],[12.8682,13.4925],[12.8682,13.4903],[12.8682,13.488],[12.8704,13.488],[12.8704,13.4858],[12.8727,13.4858],[12.8727,13.4835],[12.8749,13.4813],[12.8749,13.479],[12.8749,13.4768],[12.8749,13.4723],[12.8727,13.4723],[12.8704,13.4745],[12.8682,13.4768],[12.8659,13.479],[12.8659,13.4813],[12.8637,13.4813],[12.8614,13.4835],[12.8592,13.4835],[12.857,13.4858],[12.857,13.488],[12.8547,13.488],[12.8525,13.4858],[12.8547,13.4858],[12.8547,13.4835],[12.8525,13.479],[12.8502,13.479],[12.848,13.479],[12.8457,13.479],[12.8435,13.479],[12.8435,13.4768],[12.8457,13.4768],[12.8457,13.4745],[12.8502,13.4745],[12.8547,13.4745],[12.857,13.4723],[12.8592,13.4678],[12.8592,13.4656],[12.857,13.4656],[12.8547,13.4656],[12.8547,13.4633],[12.8547,13.4588],[12.8547,13.4566],[12.8547,13.4543],[12.8547,13.4521],[12.8547,13.4498],[12.857,13.4498],[12.857,13.4476],[12.8592,13.4431],[12.857,13.4408],[12.857,13.4431],[12.8547,13.4453],[12.8525,13.4453],[12.8502,13.4453],[12.8502,13.4431],[12.848,13.4431],[12.8457,13.4431],[12.8412,13.4408],[12.839,13.4431],[12.839,13.4453],[12.8412,13.4498],[12.839,13.4498],[12.8367,13.4498],[12.8367,13.4476],[12.8345,13.4453],[12.8345,13.4431],[12.8367,13.4431],[12.8367,13.4408],[12.8367,13.4386],[12.8345,13.4386],[12.8345,13.4364],[12.83,13.4364],[12.8278,13.4364],[12.8278,13.4386],[12.8255,13.4364],[12.8233,13.4341],[12.8233,13.4319],[12.821,13.4319],[12.8188,13.4319],[12.8165,13.4319],[12.8143,13.4319],[12.812,13.4319],[12.812,13.4296],[12.8143,13.4296],[12.8143,13.4274],[12.821,13.4251],[12.8233,13.4251],[12.8255,13.4251],[12.8278,13.4229],[12.83,13.4206],[12.8278,13.4184],[12.8278,13.4139],[12.83,13.4139],[12.83,13.4117],[12.83,13.4094],[12.8322,13.4094],[12.83,13.4072],[12.8278,13.4049],[12.8278,13.4027],[12.8255,13.4027],[12.8233,13.4027],[12.821,13.4027],[12.8188,13.4049],[12.8188,13.4072]]]]}},{"type":"Feature","properties":{"id":"borno/askira-uba","name":"Askira/Uba","state":"Borno"},"geometry":{"type":"Polygon","coordinates":[[[12.4011,10.6516],[12.4078,10.6471],[12.4123,10.6426],[12.428,10.6337],[12.437,10.6292],[12.4437,10.6292],[12.4505,10.6292],[12.4572,10.6292],[12.4617,10.6269],[12.4729,10.6224],[12.4774,10.6157],[12.4909,10.6067],[12.5066,10.5977],[12.5223,10.5932],[12.5291,10.5932],[12.5358,10.591],[12.5403,10.5887],[12.5425,10.5842],[12.547,10.5798],[12.5538,10.5685],[12.556,10.564],[12.5605,10.5506],[12.5628,10.5461],[12.565,10.5348],[12.5672,10.5303],[12.574,10.5214],[12.583,10.5056],[12.5897,10.4922],[12.6009,10.4787],[12.6077,10.4675],[12.6122,10.4517],[12.6122,10.4495],[12.6256,10.4517],[12.6279,10.4517],[12.6369,10.4428],[12.6391,10.4383],[12.6526,10.4383],[12.6571,10.445],[12.6661,10.4585],[12.6683,10.4652],[12.6706,10.472],[12.6706,10.4765],[12.6728,10.4809],[12.6728,10.4854],[12.6795,10.4922],[12.6818,10.4967],[12.6863,10.4989],[12.6953,10.5191],[12.6975,10.5236],[12.702,10.5326],[12.7042,10.5371],[12.7177,10.5506],[12.7222,10.5595],[12.7289,10.5685],[12.7312,10.573],[12.7357,10.5753],[12.7402,10.5775],[12.7447,10.5798],[12.7604,10.582],[12.7649,10.582],[12.7806,10.5775],[12.7986,10.5753],[12.8098,10.5753],[12.8165,10.5753],[12.8322,10.5753],[12.8457,10.5753],[12.848,10.5753],[12.8547,10.5753],[12.8637,10.5753],[12.8749,10.573],[12.8884,10.5708],[12.9086,10.564],[12.9176,10.5618],[12.94,10.5551],[12.958,10.5483],[12.9647,10.5438],[12.9827,10.5348],[12.9872,10.5326],[13.0029,10.5214],[13.0097,10.5146],[13.0186,10.5012],[13.0254,10.4922],[13.0344,10.4809],[13.0456,10.4697],[13.0523,10.4652],[13.0658,10.4607],[13.0793,10.4562],[13.0883,10.454],[13.0972,10.4495],[13.1085,10.4473],[13.1152,10.445],[13.122,10.4428],[13.1287,10.4405],[13.1332,10.4383],[13.1399,10.436],[13.1489,10.4315],[13.1556,10.4293],[13.1601,10.427],[13.1669,10.427],[13.1714,10.427],[13.1916,10.4315],[13.2073,10.4338],[13.2118,10.436],[13.214,10.4383],[13.214,10.4428],[13.214,10.454],[13.2185,10.4765],[13.2185,10.4809],[13.2208,10.4877],[13.2253,10.5056],[13.2253,10.5169],[13.2297,10.5303],[13.2342,10.5393],[13.2365,10.5483],[13.2365,10.5551],[13.2387,10.5685],[13.2432,10.5798],[13.2455,10.5865],[13.2477,10.5932],[13.2612,10.6179],[13.2634,10.6202],[13.2657,10.6247],[13.2702,10.6359],[13.2769,10.6516],[13.2836,10.6673],[13.2881,10.6763],[13.2904,10.6808],[13.2971,10.6876],[13.3016,10.6943],[13.3039,10.6988],[13.3106,10.7145],[13.3151,10.7257],[13.3173,10.7302],[13.3196,10.737],[13.3218,10.7527],[13.3263,10.7662],[13.3286,10.7751],[13.3331,10.7909],[13.3353,10.8066],[13.3353,10.8156],[13.3308,10.8156],[13.3196,10.8133],[13.3173,10.8133],[13.3061,10.8111],[13.2926,10.8111],[13.2814,10.8111],[13.2769,10.8133],[13.2634,10.8111],[13.2522,10.8088],[13.241,10.8133],[13.232,10.8111],[13.2275,10.8111],[13.1983,10.8133],[13.1848,10.8156],[13.1803,10.8201],[13.1758,10.8245],[13.1624,10.8268],[13.1579,10.8268],[13.1242,10.8268],[13.104,10.829],[13.0883,10.829],[13.0815,10.8268],[13.0725,10.8268],[13.0658,10.829],[13.0591,10.829],[13.0546,10.829],[13.0478,10.829],[13.0209,10.8245],[13.0142,10.8223],[13.0119,10.8178],[13.0074,10.8133],[13.0052,10.8088],[13.0029,10.8066],[13.0052,10.7931],[13.0052,10.7819],[13.0029,10.7684],[13.0029,10.7572],[13.0029,10.7459],[13.0052,10.7414],[13.0052,10.7325],[13.0052,10.7235],[13.0007,10.7123],[12.9962,10.7078],[12.9917,10.7055],[12.985,10.7033],[12.9782,10.7033],[12.9737,10.7033],[12.9647,10.7033],[12.9535,10.7033],[12.9513,10.7033],[12.94,10.7033],[12.9311,10.7033],[12.9198,10.7055],[12.9153,10.7055],[12.8929,10.7078],[12.8884,10.7055],[12.8839,10.7055],[12.8794,10.7033],[12.8749,10.7033],[12.8704,10.701],[12.8637,10.7033],[12.8592,10.7033],[12.8345,10.7078],[12.8233,10.7055],[12.8098,10.7033],[12.8053,10.7033],[12.7986,10.701],[12.7873,10.701],[12.7761,10.701],[12.7739,10.7033],[12.7626,10.701],[12.7559,10.701],[12.7379,10.7033],[12.7177,10.7055],[12.711,10.7078],[12.6975,10.71],[12.6773,10.7167],[12.6661,10.7167],[12.6593,10.7167],[12.6369,10.719],[12.6346,10.719],[12.6301,10.7167],[12.6256,10.7167],[12.6167,10.7167],[12.6054,10.7145],[12.5964,10.7167],[12.5852,10.7167],[12.5807,10.719],[12.5762,10.7235],[12.5583,10.7235],[12.547,10.7257],[12.5358,10.737],[12.5358,10.7437],[12.5358,10.7482],[12.5268,10.7594],[12.5223,10.7684],[12.5201,10.7662],[12.5178,10.7639],[12.5089,10.7617],[12.4999,10.7594],[12.4954,10.7594],[12.4909,10.7617],[12.4864,10.7572],[12.4819,10.7572],[12.4707,10.7482],[12.4684,10.7437],[12.4639,10.7392],[12.4505,10.728],[12.446,10.7212],[12.4415,10.7167],[12.4303,10.7055],[12.4235,10.6988],[12.4168,10.692],[12.4078,10.6786],[12.4011,10.6696],[12.3966,10.6606],[12.3921,10.6561],[12.4011,10.6516]]]}},{"type":"Feature","properties":{"id":"borno/bama","name":"Bama","state":"Borno"},"geometry":{"type":"Polygon","coordinates":[[[13.4319,11.4848],[13.4431,11.4781],[13.4521,11.4736],[13.4588,11.4691],[13.4678,11.4646],[13.4745,11.4623],[13.4813,11.4601],[13.497,11.4601],[13.5127,11.4623],[13.5194,11.4601],[13.5329,11.4534],[13.5374,11.4534],[13.5531,11.4444],[13.5599,11.4421],[13.5689,11.4376],[13.5756,11.4354],[13.5801,11.4331],[13.5891,11.4287],[13.5936,11.4264],[13.607,11.4197],[13.6115,11.4152],[13.6228,11.4129],[13.6272,11.4107],[13.634,11.4084],[13.6452,11.4039],[13.6542,11.3995],[13.6811,11.3837],[13.6946,11.377],[13.7058,11.368],[13.7103,11.3635],[13.7193,11.3568],[13.7216,11.3523],[13.7261,11.3478],[13.7283,11.3411],[13.744,11.3209],[13.753,11.3119],[13.7642,11.3006],[13.7687,11.2984],[13.7867,11.2894],[13.7889,11.2894],[13.7957,11.2894],[13.8047,11.2894],[13.8136,11.2917],[13.8226,11.2962],[13.8383,11.2984],[13.8428,11.3006],[13.872,11.3029],[13.8855,11.3051],[13.9192,11.3074],[13.9259,11.3051],[13.9372,11.3051],[13.9417,11.3029],[13.9484,11.3029],[13.9596,11.3029],[13.9664,11.3029],[13.9708,11.3029],[13.9731,11.3006],[13.9888,11.2939],[13.9888,11.2984],[13.9866,11.3006],[13.9843,11.3006],[13.9821,11.3029],[13.9821,11.3051],[13.9843,11.3096],[13.9866,11.3096],[13.9933,11.3096],[13.9955,11.3074],[13.9978,11.3074],[14.0,11.3074],[14.0068,11.3051],[14.0135,11.3029],[14.0158,11.3006],[14.0225,11.2962],[14.0225,11.2939],[14.027,11.2939],[14.0337,11.2939],[14.036,11.2917],[14.0382,11.2917],[14.0427,11.2917],[14.045,11.2894],[14.0517,11.2849],[14.0539,11.2849],[14.0562,11.2849],[14.0584,11.2827],[14.0629,11.2827],[14.0629,11.2804],[14.0652,11.2804],[14.0674,11.2782],[14.0697,11.2782],[14.0719,11.2782],[14.0719,11.2804],[14.0764,11.2827],[14.0786,11.2827],[14.0809,11.2827],[14.0831,11.2804],[14.0854,11.2804],[14.0876,11.2804],[14.0966,11.2759],[14.1011,11.2737],[14.1033,11.2714],[14.1056,11.2692],[14.1078,11.267],[14.1078,11.2647],[14.1101,11.2647],[14.1123,11.2647],[14.1146,11.2625],[14.1168,11.2625],[14.1191,11.2602],[14.1213,11.2602],[14.1213,11.258],[14.1236,11.258],[14.1258,11.2557],[14.128,11.2557],[14.128,11.2535],[14.1325,11.2535],[14.1348,11.2535],[14.137,11.2512],[14.1393,11.2512],[14.1415,11.2512],[14.1438,11.2512],[14.146,11.2512],[14.1483,11.2512],[14.1505,11.249],[14.1528,11.249],[14.155,11.2467],[14.155,11.2445],[14.1572,11.2445],[14.1595,11.2445],[14.1595,11.2467],[14.1617,11.2467],[14.164,11.2467],[14.164,11.2445],[14.1662,11.2445],[14.1707,11.2423],[14.1775,11.24],[14.1797,11.24],[14.1864,11.24],[14.1932,11.2423],[14.1954,11.2445],[14.1977,11.2467],[14.1977,11.249],[14.1999,11.2512],[14.2022,11.2557],[14.2044,11.2557],[14.2134,11.2602],[14.2156,11.2602],[14.2224,11.2625],[14.2291,11.2647],[14.2336,11.267],[14.2381,11.2714],[14.2426,11.2759],[14.2448,11.2782],[14.2448,11.2804],[14.2448,11.2827],[14.2448,11.2849],[14.2471,11.2894],[14.2471,11.2917],[14.2471,11.2939],[14.2493,11.2984],[14.2516,11.2984],[14.2561,11.3006],[14.2583,11.3006],[14.2628,11.3029],[14.2763,11.3074],[14.2853,11.3119],[14.2897,11.3141],[14.2942,11.3164],[14.2987,11.3164],[14.301,11.3186],[14.3077,11.3209],[14.3122,11.3231],[14.3189,11.3253],[14.3212,11.3276],[14.3302,11.3343],[14.3392,11.3411],[14.3436,11.3456],[14.3459,11.3478],[14.3504,11.35],[14.3549,11.3545],[14.3616,11.359],[14.3661,11.3635],[14.3706,11.3658],[14.3728,11.3703],[14.3751,11.3725],[14.3773,11.377],[14.3773,11.3815],[14.3773,11.3882],[14.3796,11.395],[14.3796,11.3995],[14.3796,11.4062],[14.3796,11.4152],[14.3796,11.4197],[14.3796,11.4219],[14.3818,11.4242],[14.3841,11.4264],[14.3863,11.4287],[14.393,11.4309],[14.3953,11.4309],[14.3975,11.4309],[14.3998,11.4309],[14.402,11.4309],[14.4065,11.4331],[14.4088,11.4331],[14.411,11.4331],[14.4133,11.4354],[14.4178,11.4376],[14.4267,11.4421],[14.4312,11.4421],[14.4357,11.4444],[14.4402,11.4466],[14.4447,11.4511],[14.4469,11.4534],[14.4492,11.4534],[14.4514,11.4601],[14.4537,11.4601],[14.4559,11.4623],[14.4582,11.4646],[14.4627,11.4646],[14.4649,11.4646],[14.4694,11.4646],[14.4739,11.4646],[14.4784,11.4646],[14.4829,11.4646],[14.4829,11.4668],[14.4874,11.4668],[14.4874,11.4691],[14.4896,11.4691],[14.4919,11.4713],[14.4941,11.4713],[14.4964,11.4713],[14.4986,11.4736],[14.5031,11.4736],[14.5076,11.4758],[14.5121,11.4736],[14.5143,11.4736],[14.5188,11.4736],[14.5211,11.4736],[14.5255,11.4758],[14.53,11.4758],[14.5368,11.4758],[14.539,11.4758],[14.5458,11.4781],[14.5525,11.4781],[14.5592,11.4781],[14.5682,11.4803],[14.5817,11.4825],[14.5884,11.487],[14.5929,11.4893],[14.5997,11.4938],[14.6041,11.4983],[14.6086,11.505],[14.6109,11.5095],[14.6131,11.5095],[14.6131,11.5117],[14.6131,11.514],[14.6154,11.5162],[14.6154,11.5185],[14.6199,11.5275],[14.6221,11.5342],[14.6266,11.5409],[14.6289,11.5477],[14.6333,11.5544],[14.6356,11.5589],[14.6356,11.5612],[14.6378,11.5634],[14.6401,11.5656],[14.6401,11.5679],[14.6423,11.5701],[14.6446,11.5791],[14.6468,11.5881],[14.6446,11.5881],[14.6446,11.5903],[14.6423,11.5903],[14.6423,11.5926],[14.6401,11.5926],[14.6401,11.5948],[14.6401,11.5971],[14.6378,11.5993],[14.6378,11.6016],[14.6401,11.6016],[14.6401,11.6038],[14.6401,11.6061],[14.6423,11.6083],[14.6423,11.6106],[14.6446,11.6106],[14.6468,11.6128],[14.6491,11.6128],[14.6491,11.6173],[14.6491,11.6195],[14.6468,11.6195],[14.6468,11.6218],[14.6446,11.624],[14.6423,11.6353],[14.6423,11.6398],[14.6401,11.6465],[14.6401,11.6487],[14.6423,11.651],[14.6423,11.6532],[14.6423,11.6577],[14.6378,11.6622],[14.6356,11.6622],[14.6333,11.6622],[14.6311,11.6645],[14.6289,11.6645],[14.6266,11.6645],[14.6244,11.6667],[14.6244,11.6689],[14.6244,11.6712],[14.6244,11.6734],[14.6221,11.6757],[14.6199,11.6779],[14.6176,11.6802],[14.6154,11.6802],[14.6131,11.6802],[14.6109,11.6802],[14.6086,11.6824],[14.6086,11.6847],[14.6086,11.6869],[14.6086,11.6892],[14.6064,11.6892],[14.6064,11.6914],[14.6041,11.6914],[14.6041,11.6937],[14.6019,11.6959],[14.6019,11.6981],[14.6019,11.7004],[14.5997,11.7026],[14.5974,11.7049],[14.5952,11.7049],[14.5929,11.7049],[14.5907,11.7049],[14.5884,11.7026],[14.5862,11.7026],[14.5839,11.7026],[14.5817,11.7026],[14.5772,11.7026],[14.5772,11.7049],[14.575,11.7049],[14.5705,11.7071],[14.5682,11.7094],[14.5682,11.7116],[14.566,11.7116],[14.5637,11.7116],[14.5615,11.7116],[14.557,11.7116],[14.5547,11.7116],[14.5525,11.7139],[14.548,11.7228],[14.548,11.7251],[14.548,11.7273],[14.5547,11.7318],[14.557,11.7318],[14.557,11.7296],[14.5592,11.7296],[14.5592,11.7318],[14.5615,11.7318],[14.566,11.7363],[14.5682,11.7363],[14.5705,11.7363],[14.5727,11.7386],[14.5727,11.7408],[14.5727,11.7431],[14.5727,11.7453],[14.5727,11.7475],[14.575,11.7498],[14.5772,11.752],[14.5794,11.752],[14.5772,11.7543],[14.557,11.7588],[14.539,11.761],[14.5323,11.761],[14.5255,11.761],[14.5098,11.7633],[14.5053,11.7655],[14.5008,11.7655],[14.4964,11.7678],[14.4739,11.7767],[14.4649,11.779],[14.4559,11.7812],[14.4514,11.7812],[14.4402,11.7857],[14.4335,11.7857],[14.429,11.7902],[14.4178,11.7947],[14.4133,11.797],[14.3998,11.8014],[14.393,11.8037],[14.3886,11.8059],[14.3863,11.8059],[14.3818,11.8082],[14.3706,11.8127],[14.3639,11.8172],[14.3594,11.8194],[14.3459,11.8261],[14.3324,11.8329],[14.3167,11.8396],[14.3122,11.8419],[14.3077,11.8464],[14.3055,11.8509],[14.301,11.8441],[14.2942,11.8419],[14.2875,11.8441],[14.2718,11.8396],[14.265,11.8396],[14.2561,11.8374],[14.2471,11.8329],[14.2426,11.8284],[14.2358,11.8284],[14.2314,11.8261],[14.2089,11.8194],[14.1887,11.8127],[14.1797,11.8104],[14.1707,11.8082],[14.1617,11.8037],[14.155,11.8037],[14.1528,11.8037],[14.1415,11.8037],[14.1348,11.8059],[14.128,11.8059],[14.1123,11.8037],[14.1078,11.8014],[14.1056,11.8014],[14.0966,11.797],[14.0831,11.7857],[14.0742,11.7745],[14.0697,11.77],[14.0674,11.7655],[14.0562,11.752],[14.0539,11.7498],[14.0517,11.7453],[14.0517,11.7386],[14.0517,11.7296],[14.0517,11.7228],[14.0494,11.7206],[14.045,11.7139],[14.0225,11.7071],[14.009,11.7026],[14.0045,11.7026],[13.9866,11.7071],[13.9731,11.7094],[13.9686,11.7116],[13.9574,11.7184],[13.9506,11.7228],[13.9439,11.7251],[13.9349,11.7296],[13.9282,11.7273],[13.9237,11.7251],[13.9169,11.7228],[13.899,11.7273],[13.8945,11.7273],[13.8922,11.7296],[13.881,11.7296],[13.8765,11.7296],[13.872,11.7273],[13.8541,11.7251],[13.8361,11.7251],[13.8316,11.7251],[13.8271,11.7273],[13.8136,11.7296],[13.8114,11.7296],[13.7979,11.7363],[13.7934,11.7408],[13.7912,11.7431],[13.7867,11.7475],[13.7822,11.7498],[13.7755,11.7543],[13.771,11.7565],[13.7665,11.7588],[13.7597,11.7633],[13.753,11.7588],[13.7508,11.752],[13.744,11.7431],[13.7328,11.7296],[13.7283,11.7251],[13.7261,11.7206],[13.7216,11.7116],[13.7216,11.7049],[13.7216,11.7004],[13.7216,11.6914],[13.7216,11.6892],[13.7193,11.6779],[13.7148,11.6667],[13.7081,11.6622],[13.6991,11.6555],[13.6901,11.651],[13.6856,11.6465],[13.6834,11.642],[13.6789,11.6375],[13.6744,11.6285],[13.6699,11.624],[13.6677,11.6128],[13.6632,11.5993],[13.6632,11.5881],[13.6654,11.5814],[13.6677,11.5746],[13.6722,11.5612],[13.6767,11.5589],[13.6811,11.5544],[13.6834,11.5477],[13.6834,11.5297],[13.6811,11.5252],[13.6811,11.5207],[13.6722,11.514],[13.6654,11.5117],[13.6587,11.5117],[13.643,11.514],[13.607,11.5252],[13.5958,11.5275],[13.5576,11.5364],[13.5397,11.5432],[13.5352,11.5432],[13.5307,11.5432],[13.5172,11.5409],[13.5037,11.5297],[13.5015,11.5275],[13.497,11.5207],[13.4925,11.5185],[13.4858,11.5162],[13.479,11.514],[13.4723,11.514],[13.47,11.5117],[13.4633,11.5095],[13.4566,11.5073],[13.4498,11.505],[13.4476,11.5028],[13.4408,11.4983],[13.4386,11.4938],[13.4319,11.487],[13.4296,11.4848],[13.4319,11.4848]]]}},{"type":"Feature","properties":{"id":"borno/bayo","name":"Bayo","state":"Borno"},"geometry":{"type":"Polygon","coordinates":[[[11.5387,10.2945],[11.5477,10.2856],[11.5612,10.2743],[11.5724,10.2609],[11.5814,10.2451],[11.5859,10.2249],[11.5971,10.2025],[11.6173,10.1935],[11.6375,10.1867],[11.6622,10.1778],[11.6757,10.1733],[11.6869,10.1845],[11.7116,10.1935],[11.7206,10.198],[11.7273,10.2137],[11.752,10.2384],[11.761,10.2429],[11.77,10.2429],[11.7835,10.2451],[11.7902,10.2429],[11.7902,10.2474],[11.7902,10.2496],[11.797,10.2586],[11.7992,10.2609],[11.8037,10.2653],[11.8104,10.2721],[11.8127,10.2766],[11.8172,10.2833],[11.8172,10.2878],[11.8149,10.2945],[11.8104,10.299],[11.8059,10.3103],[11.8059,10.3192],[11.8059,10.3305],[11.8059,10.3484],[11.8059,10.3574],[11.8037,10.3619],[11.8014,10.3687],[11.7992,10.3754],[11.797,10.3799],[11.797,10.3844],[11.7947,10.3978],[11.7947,10.4023],[11.7902,10.4113],[11.7902,10.4181],[11.7857,10.4248],[11.779,10.4338],[11.779,10.4383],[11.7723,10.4495],[11.77,10.4652],[11.7633,10.4967],[11.761,10.5146],[11.761,10.5303],[11.7633,10.5506],[11.7633,10.5663],[11.7678,10.5753],[11.77,10.5798],[11.7767,10.582],[11.7812,10.5887],[11.7857,10.591],[11.7902,10.5977],[11.7925,10.6067],[11.797,10.6112],[11.8014,10.6179],[11.8082,10.6202],[11.8037,10.6247],[11.8037,10.6292],[11.8014,10.6381],[11.8014,10.6449],[11.8014,10.6494],[11.8059,10.6606],[11.8127,10.6696],[11.8172,10.6763],[11.8194,10.6808],[11.8217,10.6943],[11.8217,10.6988],[11.8194,10.7078],[11.8149,10.7123],[11.8104,10.7145],[11.8059,10.7123],[11.7947,10.7078],[11.788,10.701],[11.7835,10.6943],[11.779,10.6876],[11.7745,10.6831],[11.7723,10.6808],[11.7678,10.6808],[11.7678,10.6786],[11.7678,10.6741],[11.7633,10.6718],[11.761,10.6696],[11.7543,10.6696],[11.7475,10.6673],[11.7318,10.6539],[11.7273,10.6494],[11.7228,10.6449],[11.7206,10.6404],[11.7161,10.6381],[11.7139,10.6359],[11.7094,10.6314],[11.7026,10.6292],[11.6892,10.6224],[11.6847,10.6202],[11.6757,10.6179],[11.6689,10.6179],[11.6622,10.6157],[11.6465,10.6112],[11.6398,10.609],[11.6398,10.6],[11.6398,10.5865],[11.6375,10.5708],[11.6398,10.5618],[11.642,10.5528],[11.6487,10.5438],[11.651,10.5303],[11.6465,10.5191],[11.6442,10.5101],[11.6398,10.5012],[11.6398,10.4899],[11.6375,10.4765],[11.6375,10.472],[11.6353,10.4652],[11.6353,10.4473],[11.6353,10.4383],[11.6353,10.427],[11.6353,10.4181],[11.6353,10.4091],[11.6353,10.4001],[11.6353,10.3956],[11.624,10.3821],[11.6016,10.3574],[11.5679,10.3395],[11.5432,10.326],[11.5342,10.3125],[11.532,10.3013],[11.5387,10.2945]]]}},{"type":"Feature","properties":{"id":"borno/biu","name":"Biu","state":"Borno"},"geometry":{"type":"Polygon","coordinates":[[[11.6353,10.8492],[11.6375,10.847],[11.642,10.8448],[11.6442,10.8403],[11.6465,10.8335],[11.651,10.8268],[11.6577,10.829],[11.6622,10.829],[11.6847,10.8335],[11.6937,10.829],[11.7004,10.8245],[11.7049,10.8201],[11.7116,10.8111],[11.7228,10.8066],[11.7273,10.8066],[11.7318,10.8066],[11.7363,10.8021],[11.7386,10.7976],[11.7408,10.7931],[11.7363,10.7819],[11.7363,10.7774],[11.7296,10.7662],[11.7251,10.7594],[11.7228,10.7572],[11.7206,10.7437],[11.7273,10.737],[11.7408,10.728],[11.7475,10.7257],[11.7498,10.7212],[11.7565,10.7145],[11.7655,10.6965],[11.7678,10.6898],[11.7678,10.6808],[11.7723,10.6808],[11.7745,10.6831],[11.779,10.6876],[11.7835,10.6943],[11.788,10.701],[11.7947,10.7078],[11.8059,10.7123],[11.8104,10.7145],[11.8149,10.7123],[11.8194,10.7078],[11.8217,10.6988],[11.8217,10.6943],[11.8194,10.6808],[11.8172,10.6763],[11.8127,10.6696],[11.8059,10.6606],[11.8014,10.6494],[11.8014,10.6449],[11.8014,10.6381],[11.8037,10.6292],[11.8037,10.6247],[11.8082,10.6202],[11.8104,10.6157],[11.8172,10.6112],[11.8239,10.6134],[11.8306,10.6112],[11.8351,10.6067],[11.8396,10.6045],[11.8441,10.6],[11.8509,10.5955],[11.8576,10.5842],[11.8756,10.573],[11.8913,10.5663],[11.907,10.5595],[11.9115,10.5573],[11.9339,10.5551],[11.9497,10.5551],[11.9586,10.5573],[11.9631,10.5595],[11.9676,10.564],[11.9766,10.5753],[11.9789,10.5798],[11.9834,10.591],[11.9856,10.6067],[11.9901,10.6134],[11.9923,10.6179],[12.0013,10.6269],[12.0081,10.6337],[12.0238,10.6449],[12.0305,10.6494],[12.0328,10.6516],[12.0417,10.6516],[12.044,10.6516],[12.0485,10.6494],[12.053,10.6471],[12.0552,10.6426],[12.062,10.6337],[12.0664,10.6269],[12.0687,10.6179],[12.0732,10.6134],[12.0777,10.6112],[12.0867,10.6],[12.0956,10.5932],[12.1024,10.5887],[12.1181,10.5798],[12.1271,10.5798],[12.1338,10.5798],[12.1406,10.582],[12.1406,10.5842],[12.1428,10.591],[12.154,10.6045],[12.1608,10.6045],[12.163,10.6045],[12.1653,10.6022],[12.1698,10.5887],[12.1742,10.5798],[12.1765,10.573],[12.19,10.5551],[12.1989,10.5461],[12.2079,10.5393],[12.2124,10.5393],[12.2349,10.5416],[12.2439,10.5461],[12.2461,10.5506],[12.2484,10.5528],[12.2506,10.5595],[12.2618,10.573],[12.2663,10.5775],[12.2775,10.5865],[12.2865,10.5955],[12.291,10.5977],[12.3112,10.6112],[12.318,10.6179],[12.327,10.6202],[12.3359,10.6247],[12.3539,10.6337],[12.3629,10.6381],[12.3696,10.6426],[12.3741,10.6449],[12.3921,10.6561],[12.3966,10.6606],[12.4011,10.6696],[12.4078,10.6786],[12.4168,10.692],[12.4235,10.6988],[12.4303,10.7055],[12.4415,10.7167],[12.446,10.7212],[12.4505,10.728],[12.4639,10.7392],[12.4684,10.7437],[12.4707,10.7482],[12.4819,10.7572],[12.4864,10.7572],[12.4909,10.7617],[12.4954,10.7594],[12.4999,10.7594],[12.5089,10.7617],[12.5178,10.7639],[12.5201,10.7662],[12.5223,10.7684],[12.5223,10.7751],[12.5201,10.7796],[12.5178,10.7909],[12.5134,10.7953],[12.5111,10.7998],[12.5089,10.8043],[12.5066,10.8111],[12.5066,10.8156],[12.5089,10.8178],[12.5044,10.8201],[12.4999,10.8201],[12.4954,10.8201],[12.4819,10.8201],[12.4684,10.8201],[12.4639,10.8201],[12.455,10.8201],[12.4505,10.8223],[12.4415,10.829],[12.4347,10.8358],[12.428,10.8448],[12.4258,10.8492],[12.4235,10.856],[12.4213,10.8627],[12.419,10.8672],[12.4078,10.8852],[12.4033,10.8942],[12.3988,10.9009],[12.3898,10.9076],[12.3741,10.9211],[12.3674,10.9256],[12.3606,10.9301],[12.3561,10.9323],[12.3517,10.9346],[12.3404,10.9413],[12.3359,10.9458],[12.3247,10.957],[12.3157,10.966],[12.2843,10.9885],[12.2708,10.9975],[12.2528,11.0064],[12.2484,11.0109],[12.2394,11.0177],[12.2349,11.0199],[12.2304,11.0222],[12.2102,11.0312],[12.2079,11.0356],[12.2034,11.0401],[12.1945,11.0491],[12.1877,11.0536],[12.172,11.0626],[12.154,11.0671],[12.1495,11.0693],[12.145,11.0693],[12.1383,11.0626],[12.1293,11.0559],[12.1248,11.0559],[12.1069,11.0514],[12.0979,11.0514],[12.0889,11.0514],[12.0822,11.0514],[12.0754,11.0536],[12.0709,11.0581],[12.0575,11.0626],[12.0552,11.0626],[12.0462,11.0648],[12.0417,11.0648],[12.035,11.0626],[12.0283,11.0626],[12.0215,11.0581],[12.0193,11.0536],[12.0125,11.0424],[12.0081,11.0334],[12.0058,11.0312],[11.9789,11.0042],[11.9654,10.9885],[11.9497,10.9773],[11.9362,10.966],[11.9295,10.9638],[11.916,10.9593],[11.9048,10.957],[11.8958,10.9548],[11.8845,10.9526],[11.88,10.9503],[11.8711,10.9481],[11.8666,10.9458],[11.8553,10.9413],[11.8486,10.9413],[11.8419,10.9391],[11.8351,10.9391],[11.8217,10.9368],[11.8037,10.9278],[11.7902,10.9234],[11.7745,10.9189],[11.7498,10.9099],[11.7273,10.9009],[11.7161,10.8964],[11.6937,10.8897],[11.6892,10.8874],[11.6802,10.8852],[11.6667,10.8852],[11.6465,10.8784],[11.6398,10.8739],[11.633,10.8717],[11.6263,10.8672],[11.624,10.8605],[11.624,10.856],[11.6353,10.8492]]]}},{"type":"Feature","properties":{"id":"borno/chibok","name":"Chibok","state":"Borno"},"geometry":{"type":"Polygon","coordinates":[[[12.5089,10.8043],[12.5111,10.7998],[12.5134,10.7953],[12.5178,10.7909],[12.5201,10.7796],[12.5223,10.7751],[12.5223,10.7684],[12.5268,10.7594],[12.5358,10.7482],[12.5358,10.7437],[12.5358,10.737],[12.547,10.7257],[12.5583,10.7235],[12.5762,10.7235],[12.5807,10.719],[12.5852,10.7167],[12.5964,10.7167],[12.6054,10.7145],[12.6167,10.7167],[12.6256,10.7167],[12.6301,10.7167],[12.6346,10.719],[12.6369,10.719],[12.6593,10.7167],[12.6661,10.7167],[12.6773,10.7167],[12.6975,10.71],[12.711,10.7078],[12.7177,10.7055],[12.7379,10.7033],[12.7559,10.701],[12.7626,10.701],[12.7739,10.7033],[12.7761,10.701],[12.7873,10.701],[12.7986,10.701],[12.8053,10.7033],[12.8098,10.7033],[12.8233,10.7055],[12.8345,10.7078],[12.8592,10.7033],[12.8637,10.7033],[12.8704,10.701],[12.8749,10.7033],[12.8794,10.7033],[12.8839,10.7055],[12.8884,10.7055],[12.8929,10.7078],[12.9153,10.7055],[12.9198,10.7055],[12.9311,10.7033],[12.94,10.7033],[12.9513,10.7033],[12.9535,10.7033],[12.9647,10.7033],[12.9737,10.7033],[12.9782,10.7033],[12.985,10.7033],[12.9917,10.7055],[12.9962,10.7078],[13.0007,10.7123],[13.0052,10.7235],[13.0052,10.7325],[13.0052,10.7414],[13.0029,10.7459],[13.0029,10.7572],[13.0029,10.7684],[13.0052,10.7819],[13.0052,10.7931],[13.0029,10.8066],[13.0052,10.8088],[13.0074,10.8133],[13.0119,10.8178],[13.0074,10.8245],[13.0029,10.8335],[12.9984,10.8425],[12.9872,10.8582],[12.9827,10.8627],[12.9805,10.8672],[12.976,10.8717],[12.9737,10.8762],[12.9692,10.8852],[12.967,10.8919],[12.967,10.8964],[12.9625,10.9031],[12.958,10.9189],[12.9513,10.9278],[12.9378,10.9436],[12.9311,10.9503],[12.9198,10.9638],[12.9108,10.9705],[12.9064,10.975],[12.9041,10.9795],[12.8974,10.9817],[12.8951,10.984],[12.8772,10.9862],[12.8614,10.9885],[12.848,10.9885],[12.8345,10.9885],[12.83,10.9885],[12.8188,10.9862],[12.8143,10.984],[12.8075,10.9817],[12.7851,10.9773],[12.7739,10.9773],[12.7671,10.9773],[12.7559,10.975],[12.7514,10.975],[12.7447,10.9728],[12.7289,10.9705],[12.6997,10.9615],[12.6795,10.9526],[12.6638,10.9458],[12.6616,10.9458],[12.6503,10.9391],[12.6279,10.9256],[12.6189,10.9189],[12.5987,10.9054],[12.583,10.8964],[12.5807,10.8942],[12.574,10.8897],[12.5695,10.8852],[12.5628,10.8784],[12.5605,10.8762],[12.5448,10.8582],[12.5358,10.847],[12.5178,10.829],[12.5134,10.8245],[12.5089,10.8178],[12.5066,10.8156],[12.5066,10.8111],[12.5089,10.8043]]]}},{"type":"Feature","properties":{"id":"borno/damboa","name":"Damboa","state":"Borno"},"geometry":{"type":"Polygon","coordinates":[[[12.1091,11.2086],[12.1114,11.1951],[12.1136,11.1928],[12.1136,11.1861],[12.1136,11.1794],[12.1136,11.1704],[12.1136,11.1547],[12.1181,11.1479],[12.1203,11.1389],[12.1271,11.1389],[12.1293,11.1367],[12.1338,11.1277],[12.1361,11.1187],[12.1361,11.1165],[12.1361,11.1075],[12.1361,11.103],[12.1383,11.0963],[12.1406,11.0918],[12.145,11.0895],[12.1495,11.0806],[12.1495,11.0783],[12.1473,11.0761],[12.145,11.0693],[12.1495,11.0693],[12.154,11.0671],[12.172,11.0626],[12.1877,11.0536],[12.1945,11.0491],[12.2034,11.0401],[12.2079,11.0356],[12.2102,11.0312],[12.2304,11.0222],[12.2349,11.0199],[12.2394,11.0177],[12.2484,11.0109],[12.2528,11.0064],[12.2708,10.9975],[12.2843,10.9885],[12.3157,10.966],[12.3247,10.957],[12.3359,10.9458],[12.3404,10.9413],[12.3517,10.9346],[12.3561,10.9323],[12.3606,10.9301],[12.3674,10.9256],[12.3741,10.9211],[12.3898,10.9076],[12.3988,10.9009],[12.4033,10.8942],[12.4078,10.8852],[12.419,10.8672],[12.4213,10.8627],[12.4235,10.856],[12.4258,10.8492],[12.428,10.8448],[12.4347,10.8358],[12.4415,10.829],[12.4505,10.8223],[12.455,10.8201],[12.4639,10.8201],[12.4684,10.8201],[12.4819,10.8201],[12.4954,10.8201],[12.4999,10.8201],[12.5044,10.8201],[12.5089,10.8178],[12.5134,10.8245],[12.5178,10.829],[12.5358,10.847],[12.5448,10.8582],[12.5605,10.8762],[12.5628,10.8784],[12.5695,10.8852],[12.574,10.8897],[12.5807,10.8942],[12.583,10.8964],[12.5987,10.9054],[12.6189,10.9189],[12.6279,10.9256],[12.6503,10.9391],[12.6616,10.9458],[12.6638,10.9458],[12.6795,10.9526],[12.6997,10.9615],[12.7289,10.9705],[12.7447,10.9728],[12.7514,10.975],[12.7559,10.975],[12.7671,10.9773],[12.7739,10.9773],[12.7851,10.9773],[12.8075,10.9817],[12.8143,10.984],[12.8188,10.9862],[12.83,10.9885],[12.8345,10.9885],[12.848,10.9885],[12.8614,10.9885],[12.8772,10.9862],[12.8951,10.984],[12.8974,10.9817],[12.9041,10.9795],[12.9064,10.975],[12.9108,10.9705],[12.9198,10.9638],[12.9311,10.9503],[12.9378,10.9436],[12.9513,10.9278],[12.958,10.9189],[12.9625,10.9031],[12.967,10.8964],[12.967,10.8919],[12.9692,10.8852],[12.9737,10.8762],[12.976,10.8717],[12.9805,10.8672],[12.9827,10.8627],[12.9872,10.8582],[12.9984,10.8425],[13.0029,10.8335],[13.0074,10.8245],[13.0119,10.8178],[13.0142,10.8223],[13.0209,10.8245],[13.0478,10.829],[13.0546,10.829],[13.0591,10.829],[13.0658,10.829],[13.0725,10.8268],[13.0815,10.8268],[13.0883,10.829],[13.104,10.829],[13.1242,10.8268],[13.1579,10.8268],[13.1624,10.8268],[13.1758,10.8245],[13.1803,10.8201],[13.1848,10.8156],[13.1983,10.8133],[13.2275,10.8111],[13.232,10.8111],[13.241,10.8133],[13.2522,10.8088],[13.2634,10.8111],[13.2769,10.8133],[13.2814,10.8111],[13.2926,10.8111],[13.3061,10.8111],[13.3173,10.8133],[13.3196,10.8133],[13.3308,10.8156],[13.3353,10.8156],[13.3353,10.8223],[13.3353,10.829],[13.3353,10.8335],[13.3353,10.8358],[13.3353,10.8425],[13.3353,10.8492],[13.3353,10.8582],[13.3353,10.8695],[13.3353,10.8739],[13.3353,10.8784],[13.3353,10.8807],[13.3353,10.8852],[13.3353,10.8897],[13.3353,10.9144],[13.3375,10.9211],[13.342,10.9256],[13.3375,10.9323],[13.3353,10.9368],[13.3308,10.9503],[13.3218,10.9705],[13.3196,10.9773],[13.3173,10.984],[13.3128,10.9885],[13.3128,10.9907],[13.3128,10.9952],[13.3196,11.002],[13.3286,11.0132],[13.3375,11.0334],[13.3443,11.0514],[13.3488,11.0581],[13.3533,11.0648],[13.3555,11.0716],[13.3578,11.0783],[13.3578,11.0828],[13.3578,11.094],[13.3578,11.103],[13.3555,11.1053],[13.351,11.1098],[13.3488,11.1277],[13.3488,11.13],[13.3488,11.1367],[13.351,11.1502],[13.351,11.1592],[13.351,11.1704],[13.3488,11.1816],[13.3488,11.1906],[13.3443,11.2041],[13.3443,11.2131],[13.3443,11.2175],[13.342,11.2243],[13.3375,11.2355],[13.3375,11.2378],[13.3375,11.2423],[13.3375,11.249],[13.3331,11.2625],[13.3308,11.267],[13.3308,11.2804],[13.3331,11.2827],[13.3286,11.2849],[13.3106,11.2939],[13.3016,11.2962],[13.2926,11.2984],[13.2859,11.3006],[13.2814,11.3029],[13.2724,11.3096],[13.2679,11.3141],[13.2612,11.3164],[13.2545,11.3164],[13.25,11.3186],[13.2455,11.3186],[13.2387,11.3231],[13.223,11.3343],[13.214,11.3388],[13.2118,11.3433],[13.205,11.35],[13.1961,11.3568],[13.1893,11.3658],[13.1848,11.3703],[13.1781,11.3792],[13.1714,11.386],[13.1669,11.3905],[13.1579,11.4017],[13.1556,11.4062],[13.1444,11.4152],[13.1377,11.4197],[13.1309,11.4264],[13.113,11.4354],[13.1107,11.4354],[13.0995,11.4376],[13.0838,11.4376],[13.077,11.4354],[13.0725,11.4354],[13.0636,11.4309],[13.0591,11.4264],[13.0523,11.4174],[13.0523,11.4129],[13.0523,11.4017],[13.0501,11.3927],[13.0478,11.386],[13.0411,11.3725],[13.0366,11.3635],[13.0344,11.359],[13.0299,11.3523],[13.0254,11.3433],[13.0231,11.3388],[13.0231,11.3343],[13.0164,11.3276],[13.0119,11.3231],[13.0052,11.3209],[13.0029,11.3186],[12.9962,11.3164],[12.9895,11.3096],[12.9827,11.3074],[12.9782,11.3074],[12.9737,11.3051],[12.9715,11.3051],[12.967,11.3029],[12.9647,11.3006],[12.9625,11.2962],[12.9558,11.2917],[12.9513,11.2872],[12.9445,11.2849],[12.9378,11.2827],[12.9266,11.2782],[12.9243,11.2737],[12.9153,11.2737],[12.9064,11.2737],[12.8996,11.2714],[12.8951,11.2714],[12.8817,11.2602],[12.8704,11.2512],[12.8659,11.2445],[12.8637,11.2423],[12.8525,11.231],[12.848,11.2265],[12.8457,11.2198],[12.8457,11.2153],[12.8435,11.2086],[12.8412,11.2041],[12.839,11.1996],[12.8345,11.1973],[12.8322,11.1973],[12.8233,11.1928],[12.8143,11.1928],[12.8098,11.1973],[12.8053,11.2086],[12.8031,11.2175],[12.8008,11.222],[12.7918,11.2265],[12.7784,11.2288],[12.7739,11.231],[12.7626,11.2378],[12.7536,11.2423],[12.7469,11.249],[12.7245,11.2625],[12.7222,11.2647],[12.7177,11.2692],[12.711,11.2714],[12.7042,11.2737],[12.6997,11.2714],[12.693,11.2692],[12.6863,11.2647],[12.6773,11.2602],[12.6503,11.2467],[12.6459,11.2445],[12.6391,11.2445],[12.6324,11.2445],[12.6189,11.249],[12.6077,11.2512],[12.6032,11.2535],[12.5987,11.2557],[12.5942,11.2602],[12.592,11.2625],[12.5852,11.267],[12.5672,11.2827],[12.5605,11.2917],[12.5493,11.3051],[12.547,11.3074],[12.5425,11.3096],[12.5403,11.3119],[12.5291,11.3231],[12.5291,11.3276],[12.5246,11.3298],[12.5201,11.3343],[12.5111,11.3411],[12.5089,11.3433],[12.5021,11.3456],[12.4931,11.35],[12.4752,11.359],[12.4662,11.3635],[12.4505,11.3725],[12.4325,11.3815],[12.4123,11.3927],[12.3831,11.4107],[12.3809,11.4152],[12.3674,11.4264],[12.3561,11.4444],[12.3517,11.4534],[12.3494,11.4601],[12.3472,11.4668],[12.3427,11.4781],[12.3382,11.4825],[12.3337,11.4893],[12.3292,11.4938],[12.3247,11.4983],[12.3225,11.4893],[12.3157,11.4825],[12.3112,11.4758],[12.309,11.4713],[12.3045,11.4668],[12.2798,11.4489],[12.2708,11.4444],[12.2663,11.4399],[12.2641,11.4376],[12.2551,11.4309],[12.2506,11.4264],[12.2371,11.4152],[12.2304,11.4107],[12.2214,11.3995],[12.2147,11.3905],[12.2124,11.386],[12.2034,11.3613],[12.2012,11.3523],[12.1989,11.3411],[12.1989,11.3343],[12.1967,11.3186],[12.1945,11.3119],[12.1922,11.3074],[12.19,11.3051],[12.1877,11.3029],[12.1787,11.2962],[12.1675,11.2894],[12.154,11.2827],[12.1383,11.2737],[12.1248,11.2692],[12.1181,11.2625],[12.1069,11.2557],[12.1046,11.2512],[12.1024,11.2445],[12.1024,11.2378],[12.1024,11.2288],[12.1091,11.2086]]]}},{"type":"Feature","properties":{"id":"borno/dikwa","name":"Dikwa","state":"Borno"},"geometry":{"type":"Polygon","coordinates":[[[13.7665,11.7588],[13.771,11.7565],[13.7755,11.7543],[13.7822,11.7498],[13.7867,11.7475],[13.7912,11.7431],[13.7934,11.7408],[13.7979,11.7363],[13.8114,11.7296],[13.8136,11.7296],[13.8271,11.7273],[13.8316,11.7251],[13.8361,11.7251],[13.8541,11.7251],[13.872,11.7273],[13.8765,11.7296],[13.881,11.7296],[13.8922,11.7296],[13.8945,11.7273],[13.899,11.7273],[13.9169,11.7228],[13.9237,11.7251],[13.9282,11.7273],[13.9349,11.7296],[13.9439,11.7251],[13.9506,11.7228],[13.9574,11.7184],[13.9686,11.7116],[13.9731,11.7094],[13.9866,11.7071],[14.0045,11.7026],[14.009,11.7026],[14.0225,11.7071],[14.045,11.7139],[14.0494,11.7206],[14.0517,11.7228],[14.0517,11.7296],[14.0517,11.7386],[14.0517,11.7453],[14.0539,11.7498],[14.0562,11.752],[14.0674,11.7655],[14.0697,11.77],[14.0742,11.7745],[14.0831,11.7857],[14.0966,11.797],[14.1056,11.8014],[14.1078,11.8014],[14.1123,11.8037],[14.128,11.8059],[14.1348,11.8059],[14.1415,11.8037],[14.1528,11.8037],[14.155,11.8037],[14.1617,11.8037],[14.1707,11.8082],[14.1797,11.8104],[14.1887,11.8127],[14.2089,11.8194],[14.2314,11.8261],[14.2358,11.8284],[14.2426,11.8284],[14.2471,11.8329],[14.2561,11.8374],[14.265,11.8396],[14.2718,11.8396],[14.2875,11.8441],[14.2942,11.8419],[14.301,11.8441],[14.3055,11.8509],[14.3077,11.8598],[14.3077,11.8643],[14.3077,11.8688],[14.3077,11.8778],[14.31,11.8845],[14.3122,11.8958],[14.3144,11.9048],[14.3144,11.9115],[14.3144,11.916],[14.3144,11.9295],[14.3122,11.9384],[14.3144,11.9586],[14.3167,11.9856],[14.3189,12.0013],[14.3189,12.0081],[14.3167,12.0148],[14.3189,12.0283],[14.3212,12.0395],[14.3122,12.0395],[14.3032,12.0395],[14.2897,12.044],[14.283,12.044],[14.2763,12.044],[14.2718,12.044],[14.2583,12.0417],[14.2403,12.0328],[14.2314,12.0328],[14.2156,12.0283],[14.2022,12.026],[14.1977,12.0238],[14.1909,12.0193],[14.1842,12.0148],[14.173,12.0013],[14.1685,11.9968],[14.1662,11.9923],[14.1662,11.9901],[14.155,11.9856],[14.1505,11.9856],[14.1483,11.9834],[14.1438,11.9834],[14.1325,11.9856],[14.1236,11.9901],[14.1168,11.9923],[14.1123,11.9946],[14.1033,12.0036],[14.1011,12.0058],[14.0966,12.0125],[14.0921,12.0215],[14.0876,12.0305],[14.0854,12.0328],[14.0809,12.0462],[14.0786,12.0485],[14.0742,12.0552],[14.0674,12.0709],[14.0652,12.0754],[14.0629,12.0822],[14.0584,12.0911],[14.0539,12.1001],[14.0494,12.1091],[14.0472,12.1114],[14.036,12.1226],[14.027,12.1316],[14.0203,12.1406],[14.0113,12.1495],[13.9955,12.163],[13.9888,12.1675],[13.9843,12.1585],[13.9821,12.154],[13.9776,12.145],[13.9708,12.1338],[13.9664,12.1271],[13.9664,12.1226],[13.9641,12.1181],[13.9641,12.1159],[13.9596,12.1114],[13.9417,12.1136],[13.9237,12.1203],[13.9169,12.1248],[13.9102,12.1248],[13.9035,12.1248],[13.899,12.1226],[13.8945,12.1159],[13.8922,12.1114],[13.881,12.0956],[13.8698,12.0889],[13.8541,12.0799],[13.8518,12.0777],[13.8361,12.0687],[13.8361,12.0642],[13.8361,12.053],[13.8361,12.044],[13.8361,12.0215],[13.8361,12.0125],[13.8339,12.0081],[13.8339,12.0058],[13.8361,11.9991],[13.8406,11.9856],[13.8451,11.9676],[13.8473,11.9609],[13.8473,11.9497],[13.8451,11.9452],[13.8428,11.9429],[13.8406,11.9339],[13.8406,11.9295],[13.8406,11.9205],[13.8406,11.9092],[13.8383,11.9025],[13.8339,11.88],[13.8271,11.8553],[13.8226,11.8374],[13.8181,11.8194],[13.8114,11.797],[13.7979,11.7812],[13.7934,11.779],[13.7844,11.779],[13.78,11.7767],[13.7732,11.7745],[13.7665,11.77],[13.762,11.7655],[13.7597,11.7633],[13.7665,11.7588]]]}},{"type":"Feature","properties":{"id":"borno/gubio","name":"Gubio","state":"Borno"},"geometry":{"type":"Polygon","coordinates":[[[12.437,12.5785],[12.4437,12.5695],[12.4482,12.5628],[12.4527,12.5493],[12.455,12.5403],[12.4684,12.5201],[12.4797,12.5089],[12.4886,12.5044],[12.4931,12.5021],[12.5021,12.4999],[12.5111,12.4976],[12.5178,12.4931],[12.5223,12.4909],[12.5291,12.4909],[12.5336,12.4909],[12.5425,12.4909],[12.547,12.4909],[12.565,12.4909],[12.5897,12.4864],[12.5987,12.4819],[12.6122,12.4729],[12.6189,12.4684],[12.6234,12.4572],[12.6369,12.4437],[12.6481,12.4347],[12.6548,12.4325],[12.6616,12.4303],[12.6908,12.4235],[12.7087,12.419],[12.7245,12.4145],[12.7447,12.41],[12.7581,12.41],[12.7649,12.4123],[12.7784,12.4078],[12.7851,12.4056],[12.7941,12.4056],[12.8053,12.4056],[12.8165,12.4033],[12.8345,12.3988],[12.857,12.3921],[12.8682,12.3876],[12.8682,12.3966],[12.8727,12.4235],[12.8794,12.4392],[12.8794,12.4437],[12.8839,12.4482],[12.8951,12.4639],[12.9176,12.5156],[12.9266,12.5336],[12.9311,12.5425],[12.9311,12.5448],[12.9356,12.5605],[12.9378,12.5762],[12.9468,12.5987],[12.9468,12.6032],[12.949,12.6144],[12.9513,12.6211],[12.9513,12.6256],[12.958,12.6391],[12.9625,12.6481],[12.9715,12.6638],[12.9782,12.6773],[12.9805,12.6818],[12.985,12.6885],[12.9895,12.6997],[12.9939,12.7267],[12.9939,12.7312],[12.9962,12.7402],[12.9984,12.7536],[13.0029,12.7626],[13.0029,12.7784],[13.0007,12.7918],[13.0007,12.7963],[12.9962,12.8008],[12.9917,12.8008],[12.976,12.8053],[12.967,12.8053],[12.958,12.8075],[12.9513,12.8053],[12.9468,12.8053],[12.94,12.8053],[12.9333,12.8075],[12.9266,12.8098],[12.9221,12.812],[12.9198,12.8165],[12.9153,12.83],[12.9153,12.839],[12.9198,12.8502],[12.9243,12.857],[12.9266,12.8637],[12.9288,12.8727],[12.9311,12.8817],[12.9288,12.8951],[12.9288,12.9019],[12.9266,12.9086],[12.9221,12.9176],[12.9221,12.9221],[12.9153,12.9423],[12.9108,12.958],[12.9019,12.9737],[12.8974,12.9805],[12.8906,12.985],[12.8817,12.9939],[12.8727,13.0029],[12.8682,13.0097],[12.8547,13.0389],[12.8525,13.0456],[12.8502,13.0501],[12.839,13.0366],[12.8367,13.0299],[12.8322,13.0209],[12.8278,13.0142],[12.8031,12.985],[12.7806,12.958],[12.7761,12.9513],[12.7716,12.9423],[12.7649,12.9333],[12.7604,12.9266],[12.7559,12.9198],[12.7469,12.9086],[12.7312,12.8929],[12.72,12.8839],[12.7155,12.8794],[12.7087,12.8749],[12.7042,12.8682],[12.6997,12.8637],[12.6975,12.857],[12.6953,12.8502],[12.684,12.83],[12.6728,12.8143],[12.6661,12.8098],[12.6593,12.8053],[12.6503,12.8008],[12.6414,12.7986],[12.6301,12.7963],[12.6256,12.7963],[12.6167,12.7941],[12.6144,12.7896],[12.6144,12.7784],[12.6077,12.7739],[12.6032,12.7716],[12.5875,12.7649],[12.5762,12.7626],[12.5695,12.7559],[12.556,12.7559],[12.5403,12.7536],[12.5336,12.7514],[12.5268,12.7514],[12.5223,12.7492],[12.5156,12.7424],[12.5134,12.7379],[12.5111,12.7357],[12.5066,12.7334],[12.4931,12.7245],[12.4886,12.72],[12.4819,12.7177],[12.4729,12.7177],[12.4774,12.7087],[12.4864,12.693],[12.4864,12.6885],[12.4864,12.6661],[12.4864,12.6616],[12.4819,12.6481],[12.4774,12.6391],[12.4729,12.6346],[12.4639,12.6301],[12.4595,12.6279],[12.4527,12.6211],[12.4437,12.6122],[12.4437,12.6077],[12.4415,12.6032],[12.4415,12.5987],[12.437,12.5852],[12.4347,12.5807],[12.437,12.5785]]]}},{"type":"Feature","properties":{"id":"borno/guzamala","name":"Guzamala","state":"Borno"},"geometry":{"type":"Polygon","coordinates":[[[12.8525,13.0456],[12.8547,13.0389],[12.8682,13.0097],[12.8727,13.0029],[12.8817,12.9939],[12.8906,12.985],[12.8974,12.9805],[12.9019,12.9737],[12.9108,12.958],[12.9153,12.9423],[12.9221,12.9221],[12.9221,12.9176],[12.9266,12.9086],[12.9288,12.9019],[12.9288,12.8951],[12.9311,12.8817],[12.9288,12.8727],[12.9266,12.8637],[12.9243,12.857],[12.9198,12.8502],[12.9153,12.839],[12.9153,12.83],[12.9198,12.8165],[12.9221,12.812],[12.9266,12.8098],[12.9333,12.8075],[12.94,12.8053],[12.9468,12.8053],[12.9513,12.8053],[12.958,12.8075],[12.967,12.8053],[12.976,12.8053],[12.9917,12.8008],[12.9962,12.8008],[12.9984,12.8053],[13.0029,12.812],[13.0097,12.83],[13.0142,12.8367],[13.0164,12.8412],[13.0254,12.8525],[13.0299,12.8547],[13.0433,12.8592],[13.0546,12.8637],[13.0636,12.8659],[13.0748,12.8659],[13.0815,12.8637],[13.0883,12.8637],[13.104,12.8547],[13.113,12.8502],[13.1264,12.8457],[13.1309,12.8457],[13.1354,12.8435],[13.1399,12.839],[13.1444,12.8345],[13.1467,12.83],[13.1489,12.8255],[13.1489,12.821],[13.1489,12.812],[13.1489,12.8075],[13.1467,12.8053],[13.1444,12.7986],[13.1422,12.7941],[13.1422,12.7896],[13.1444,12.7828],[13.1511,12.7761],[13.1669,12.7694],[13.1714,12.7694],[13.1758,12.7671],[13.1871,12.7671],[13.1938,12.7626],[13.1961,12.7604],[13.1983,12.7559],[13.2006,12.7447],[13.2028,12.7334],[13.205,12.7267],[13.205,12.7222],[13.2073,12.7065],[13.2073,12.6997],[13.2095,12.693],[13.2095,12.6908],[13.214,12.6818],[13.223,12.6728],[13.2297,12.6661],[13.2387,12.6571],[13.2432,12.6481],[13.2477,12.6436],[13.25,12.6414],[13.2589,12.6346],[13.2657,12.6324],[13.2747,12.6279],[13.2814,12.6256],[13.2881,12.6256],[13.2926,12.6279],[13.3039,12.6301],[13.3128,12.6301],[13.3196,12.6301],[13.3241,12.6301],[13.3308,12.6279],[13.3353,12.6279],[13.3465,12.6234],[13.3533,12.6167],[13.3578,12.6099],[13.369,12.6032],[13.3892,12.5942],[13.3937,12.5897],[13.3959,12.5875],[13.4004,12.583],[13.4049,12.5762],[13.4072,12.574],[13.4117,12.574],[13.4161,12.574],[13.4431,12.5762],[13.4768,12.583],[13.4858,12.5852],[13.4903,12.5875],[13.4947,12.592],[13.4992,12.5964],[13.5037,12.5964],[13.5127,12.6009],[13.5194,12.6032],[13.5239,12.6077],[13.5307,12.6122],[13.5419,12.6211],[13.5486,12.6279],[13.5486,12.6301],[13.5599,12.6436],[13.5644,12.6503],[13.5666,12.6548],[13.5689,12.6616],[13.5711,12.6683],[13.5621,12.675],[13.5576,12.6818],[13.5509,12.693],[13.5442,12.7087],[13.5419,12.72],[13.5374,12.7379],[13.5307,12.7469],[13.5217,12.7626],[13.5172,12.7716],[13.515,12.7784],[13.5127,12.7851],[13.5037,12.821],[13.4992,12.83],[13.488,12.8502],[13.4835,12.8547],[13.4678,12.8704],[13.4611,12.8794],[13.4476,12.8906],[13.4386,12.8974],[13.4229,12.9041],[13.4117,12.9064],[13.3847,12.9243],[13.3735,12.9333],[13.3578,12.9445],[13.3533,12.9558],[13.3465,12.9647],[13.342,12.9782],[13.3398,12.9917],[13.3398,12.9984],[13.342,13.0074],[13.3398,13.0164],[13.342,13.0276],[13.3443,13.0411],[13.3443,13.0478],[13.3398,13.0568],[13.3398,13.0703],[13.3398,13.0725],[13.3398,13.077],[13.3398,13.0883],[13.3398,13.0928],[13.3398,13.1017],[13.3398,13.113],[13.342,13.1197],[13.3443,13.1399],[13.3465,13.1601],[13.3465,13.1714],[13.3465,13.1826],[13.3443,13.2006],[13.3308,13.2028],[13.3218,13.2028],[13.3218,13.1961],[13.3196,13.1871],[13.3151,13.1736],[13.3106,13.1669],[13.3039,13.1556],[13.2926,13.1444],[13.2792,13.1309],[13.2747,13.1264],[13.2679,13.1175],[13.2634,13.1152],[13.2477,13.104],[13.2365,13.0928],[13.223,13.0838],[13.2185,13.0838],[13.2006,13.077],[13.1893,13.0793],[13.1803,13.077],[13.1646,13.0748],[13.1556,13.0748],[13.1309,13.0793],[13.1264,13.0793],[13.1197,13.0815],[13.1152,13.0815],[13.1107,13.0815],[13.0995,13.0838],[13.0748,13.0905],[13.0591,13.095],[13.0321,13.0995],[13.0007,13.1062],[12.9827,13.1107],[12.967,13.113],[12.9625,13.113],[12.9558,13.113],[12.9333,13.1085],[12.9176,13.1017],[12.9086,13.0995],[12.8929,13.0883],[12.8861,13.086],[12.8772,13.0793],[12.8659,13.0703],[12.8614,13.0636],[12.8547,13.0568],[12.8502,13.0501],[12.8525,13.0456]]]}},{"type":"Feature","properties":{"id":"borno/gwoza","name":"Gwoza","state":"Borno"},"geometry":{"type":"Polygon","coordinates":[[[13.3173,10.984],[13.3196,10.9773],[13.3218,10.9705],[13.3308,10.9503],[13.3353,10.9368],[13.3375,10.9323],[13.342,10.9256],[13.3465,10.9301],[13.351,10.9323],[13.3555,10.9301],[13.3578,10.9301],[13.3622,10.9278],[13.378,10.9211],[13.3892,10.9189],[13.3982,10.9144],[13.4139,10.9076],[13.4229,10.9031],[13.4296,10.9031],[13.4745,10.9031],[13.4835,10.9054],[13.5015,10.9099],[13.5127,10.9144],[13.5172,10.9189],[13.5284,10.9211],[13.5352,10.9234],[13.5419,10.9256],[13.5464,10.9278],[13.5486,10.9323],[13.5554,10.9368],[13.5644,10.9413],[13.5733,10.9458],[13.5778,10.9481],[13.5846,10.9503],[13.6048,10.9503],[13.6138,10.9503],[13.6205,10.9481],[13.6295,10.9481],[13.6407,10.9458],[13.6587,10.9458],[13.6632,10.9458],[13.6879,10.9436],[13.6924,10.9458],[13.7126,10.9436],[13.7126,10.9481],[13.7103,10.9503],[13.7103,10.9548],[13.7103,10.957],[13.7126,10.9593],[13.7126,10.9615],[13.7148,10.9638],[13.7171,10.9638],[13.7193,10.966],[13.7238,10.9705],[13.7238,10.9728],[13.7261,10.9728],[13.7283,10.975],[13.7283,10.9773],[13.7306,10.9773],[13.7328,10.9817],[13.7306,10.9885],[13.7306,10.993],[13.7306,10.9952],[13.7306,10.9975],[13.7306,10.9997],[13.735,11.0064],[13.7373,11.0064],[13.7395,11.0042],[13.744,11.0042],[13.7463,11.0042],[13.7485,11.0064],[13.753,11.0042],[13.7575,11.0042],[13.762,11.002],[13.7687,11.002],[13.7755,11.002],[13.7777,11.002],[13.7889,11.002],[13.7912,11.002],[13.7934,11.0042],[13.7957,11.0087],[13.7979,11.0132],[13.7957,11.0177],[13.7979,11.0222],[13.7979,11.0244],[13.8002,11.0244],[13.8024,11.0267],[13.8024,11.0289],[13.8024,11.0334],[13.8047,11.0356],[13.8069,11.0379],[13.8092,11.0379],[13.8092,11.0401],[13.8092,11.0424],[13.8092,11.0446],[13.8114,11.0446],[13.8114,11.0469],[13.8136,11.0491],[13.8114,11.0491],[13.8114,11.0514],[13.8136,11.0536],[13.8136,11.0559],[13.8159,11.0559],[13.8159,11.0581],[13.8159,11.0626],[13.8159,11.0648],[13.8181,11.0671],[13.8181,11.0693],[13.8204,11.0671],[13.8204,11.0648],[13.8226,11.0648],[13.8249,11.0648],[13.8271,11.0671],[13.8271,11.0693],[13.8271,11.0716],[13.8294,11.0738],[13.8294,11.0761],[13.8316,11.0783],[13.8339,11.0783],[13.8361,11.0783],[13.8383,11.0806],[13.8406,11.0851],[13.8451,11.0851],[13.8473,11.0873],[13.8563,11.094],[13.8563,11.0963],[13.8586,11.0985],[13.8563,11.1008],[13.8563,11.103],[13.8586,11.103],[13.8608,11.103],[13.8608,11.1053],[13.8608,11.112],[13.8631,11.1142],[13.8653,11.1142],[13.8653,11.1165],[13.8653,11.1187],[13.8675,11.1255],[13.8698,11.13],[13.872,11.13],[13.872,11.1277],[13.8743,11.1277],[13.881,11.1345],[13.881,11.1367],[13.8788,11.1367],[13.8788,11.1389],[13.8765,11.1389],[13.8765,11.1412],[13.8765,11.1434],[13.8765,11.1479],[13.881,11.1502],[13.8833,11.1547],[13.8878,11.1569],[13.8967,11.1614],[13.899,11.1637],[13.899,11.1614],[13.9012,11.1614],[13.9035,11.1637],[13.9057,11.1681],[13.908,11.1726],[13.9102,11.1726],[13.9102,11.1749],[13.9125,11.1749],[13.9125,11.1794],[13.9125,11.1816],[13.9102,11.1816],[13.9102,11.1839],[13.9125,11.1861],[13.9147,11.1884],[13.9192,11.1951],[13.9259,11.1973],[13.9304,11.2018],[13.9349,11.2063],[13.9372,11.2131],[13.9372,11.2153],[13.9372,11.2175],[13.9372,11.2198],[13.9372,11.222],[13.9417,11.2243],[13.9417,11.2265],[13.9417,11.2288],[13.9439,11.2333],[13.9439,11.2378],[13.9461,11.24],[13.9461,11.2423],[13.9506,11.2445],[13.9529,11.2445],[13.9529,11.2467],[13.9551,11.2467],[13.9574,11.2467],[13.9596,11.249],[13.9619,11.2512],[13.9641,11.2535],[13.9641,11.2557],[13.9664,11.258],[13.9708,11.258],[13.9776,11.2602],[13.9798,11.267],[13.9821,11.267],[13.9821,11.2692],[13.9821,11.2714],[13.9821,11.2737],[13.9843,11.2759],[13.9866,11.2782],[13.9888,11.2782],[13.9888,11.2804],[13.9888,11.2849],[13.9888,11.2872],[13.9888,11.2894],[13.9888,11.2917],[13.9911,11.2917],[13.9888,11.2939],[13.9731,11.3006],[13.9708,11.3029],[13.9664,11.3029],[13.9596,11.3029],[13.9484,11.3029],[13.9417,11.3029],[13.9372,11.3051],[13.9259,11.3051],[13.9192,11.3074],[13.8855,11.3051],[13.872,11.3029],[13.8428,11.3006],[13.8383,11.2984],[13.8226,11.2962],[13.8136,11.2917],[13.8047,11.2894],[13.7957,11.2894],[13.7889,11.2894],[13.7867,11.2894],[13.7687,11.2984],[13.7642,11.3006],[13.753,11.3119],[13.744,11.3209],[13.7283,11.3411],[13.7261,11.3478],[13.7216,11.3523],[13.7193,11.3568],[13.7103,11.3635],[13.7058,11.368],[13.6946,11.377],[13.6811,11.3837],[13.6542,11.3995],[13.6452,11.4039],[13.634,11.4084],[13.6272,11.4107],[13.6228,11.4129],[13.6115,11.4152],[13.607,11.4197],[13.5936,11.4264],[13.5891,11.4287],[13.5801,11.4331],[13.5756,11.4354],[13.5689,11.4376],[13.5599,11.4421],[13.5531,11.4444],[13.5374,11.4534],[13.5329,11.4534],[13.5194,11.4601],[13.5127,11.4623],[13.497,11.4601],[13.4813,11.4601],[13.4745,11.4623],[13.4678,11.4646],[13.4588,11.4691],[13.4521,11.4736],[13.4431,11.4781],[13.4319,11.4848],[13.4296,11.4848],[13.4274,11.4848],[13.4251,11.4848],[13.4139,11.4691],[13.4117,11.4646],[13.4094,11.4601],[13.4094,11.4534],[13.4094,11.4466],[13.4094,11.4376],[13.4072,11.4219],[13.3959,11.4084],[13.3892,11.3927],[13.3869,11.3905],[13.3847,11.3815],[13.3847,11.3792],[13.3869,11.3725],[13.3847,11.368],[13.3825,11.3658],[13.378,11.3568],[13.3735,11.3456],[13.369,11.3343],[13.3645,11.3276],[13.3645,11.3231],[13.36,11.3141],[13.3578,11.3029],[13.3533,11.3006],[13.3488,11.2962],[13.3443,11.2939],[13.342,11.2917],[13.3353,11.2872],[13.3331,11.2827],[13.3308,11.2804],[13.3308,11.267],[13.3331,11.2625],[13.3375,11.249],[13.3375,11.2423],[13.3375,11.2378],[13.3375,11.2355],[13.342,11.2243],[13.3443,11.2175],[13.3443,11.2131],[13.3443,11.2041],[13.3488,11.1906],[13.3488,11.1816],[13.351,11.1704],[13.351,11.1592],[13.351,11.1502],[13.3488,11.1367],[13.3488,11.13],[13.3488,11.1277],[13.351,11.1098],[13.3555,11.1053],[13.3578,11.103],[13.3578,11.094],[13.3578,11.0828],[13.3578,11.0783],[13.3555,11.0716],[13.3533,11.0648],[13.3488,11.0581],[13.3443,11.0514],[13.3375,11.0334],[13.3286,11.0132],[13.3196,11.002],[13.3128,10.9952],[13.3128,10.9907],[13.3128,10.9885],[13.3173,10.984]]]}},{"type":"Feature","properties":{"id":"borno/hawul","name":"Hawul","state":"Borno"},"geometry":{"type":"Polygon","coordinates":[[[11.9654,10.5528],[11.9699,10.5506],[11.9789,10.5438],[11.9856,10.5348],[11.9923,10.5281],[11.9946,10.5236],[12.0013,10.5124],[12.0036,10.5034],[12.0081,10.4854],[12.0081,10.472],[12.0081,10.4652],[12.0081,10.4585],[12.0103,10.4473],[12.0103,10.4428],[12.0103,10.4383],[12.0103,10.427],[12.0103,10.4203],[12.0081,10.4158],[12.0036,10.4001],[11.9991,10.3911],[11.9923,10.3844],[11.9856,10.3709],[11.9789,10.3574],[11.9744,10.3529],[11.9789,10.3507],[11.9878,10.3462],[12.0148,10.317],[12.026,10.308],[12.0283,10.3035],[12.035,10.2968],[12.0462,10.2878],[12.0597,10.2788],[12.0799,10.2698],[12.0889,10.2698],[12.1114,10.2698],[12.1226,10.2766],[12.1248,10.2788],[12.1316,10.2811],[12.145,10.2856],[12.1585,10.2856],[12.1675,10.2878],[12.1742,10.2901],[12.1832,10.2923],[12.1877,10.2923],[12.2034,10.2901],[12.2214,10.2856],[12.2259,10.2833],[12.2371,10.2788],[12.2596,10.2676],[12.2641,10.2631],[12.2641,10.2676],[12.2708,10.2788],[12.2798,10.2878],[12.2865,10.2968],[12.2888,10.3013],[12.2955,10.308],[12.3022,10.3125],[12.3135,10.3148],[12.3202,10.3148],[12.3292,10.3192],[12.3359,10.3192],[12.3449,10.3192],[12.3606,10.317],[12.3943,10.3192],[12.3966,10.3192],[12.4033,10.3192],[12.4123,10.3192],[12.4213,10.317],[12.4235,10.317],[12.4347,10.317],[12.4437,10.317],[12.4527,10.3215],[12.4595,10.3237],[12.4684,10.3282],[12.4729,10.3305],[12.4842,10.335],[12.4931,10.3372],[12.4999,10.3395],[12.5066,10.3417],[12.5134,10.3462],[12.5448,10.3642],[12.556,10.3709],[12.5605,10.3754],[12.5605,10.3844],[12.5605,10.3934],[12.5628,10.4068],[12.565,10.4203],[12.5672,10.4226],[12.583,10.436],[12.592,10.4405],[12.5964,10.4428],[12.6122,10.4495],[12.6122,10.4517],[12.6077,10.4675],[12.6009,10.4787],[12.5897,10.4922],[12.583,10.5056],[12.574,10.5214],[12.5672,10.5303],[12.565,10.5348],[12.5628,10.5461],[12.5605,10.5506],[12.556,10.564],[12.5538,10.5685],[12.547,10.5798],[12.5425,10.5842],[12.5403,10.5887],[12.5358,10.591],[12.5291,10.5932],[12.5223,10.5932],[12.5066,10.5977],[12.4909,10.6067],[12.4774,10.6157],[12.4729,10.6224],[12.4617,10.6269],[12.4572,10.6292],[12.4505,10.6292],[12.4437,10.6292],[12.437,10.6292],[12.428,10.6337],[12.4123,10.6426],[12.4078,10.6471],[12.4011,10.6516],[12.3921,10.6561],[12.3741,10.6449],[12.3696,10.6426],[12.3629,10.6381],[12.3539,10.6337],[12.3359,10.6247],[12.327,10.6202],[12.318,10.6179],[12.3112,10.6112],[12.291,10.5977],[12.2865,10.5955],[12.2775,10.5865],[12.2663,10.5775],[12.2618,10.573],[12.2506,10.5595],[12.2484,10.5528],[12.2461,10.5506],[12.2439,10.5461],[12.2349,10.5416],[12.2124,10.5393],[12.2079,10.5393],[12.1989,10.5461],[12.19,10.5551],[12.1765,10.573],[12.1742,10.5798],[12.1698,10.5887],[12.1653,10.6022],[12.163,10.6045],[12.1608,10.6045],[12.154,10.6045],[12.1428,10.591],[12.1406,10.5842],[12.1406,10.582],[12.1338,10.5798],[12.1271,10.5798],[12.1181,10.5798],[12.1024,10.5887],[12.0956,10.5932],[12.0867,10.6],[12.0777,10.6112],[12.0732,10.6134],[12.0687,10.6179],[12.0664,10.6269],[12.062,10.6337],[12.0552,10.6426],[12.053,10.6471],[12.0485,10.6494],[12.044,10.6516],[12.0417,10.6516],[12.0328,10.6516],[12.0305,10.6494],[12.0238,10.6449],[12.0081,10.6337],[12.0013,10.6269],[11.9923,10.6179],[11.9901,10.6134],[11.9856,10.6067],[11.9834,10.591],[11.9789,10.5798],[11.9766,10.5753],[11.9676,10.564],[11.9631,10.5595],[11.9586,10.5573],[11.9654,10.5528]]]}},{"type":"Feature","properties":{"id":"borno/jere","name":"Jere","state":"Borno"},"geometry":{"type":"Polygon","coordinates":[[[13.0142,11.7094],[13.0164,11.7049],[13.0209,11.7004],[13.0321,11.6937],[13.0389,11.6914],[13.0456,11.6914],[13.0725,11.6937],[13.0793,11.6937],[13.0883,11.6981],[13.095,11.7004],[13.1152,11.7094],[13.1354,11.7206],[13.1489,11.7318],[13.1646,11.7386],[13.1691,11.7408],[13.1758,11.7408],[13.1848,11.7408],[13.1938,11.7363],[13.1961,11.7318],[13.205,11.7206],[13.205,11.7161],[13.205,11.7116],[13.205,11.7071],[13.2073,11.7026],[13.2118,11.6981],[13.214,11.6959],[13.2185,11.6937],[13.2297,11.6914],[13.2455,11.6892],[13.2679,11.6892],[13.2724,11.6892],[13.2792,11.6914],[13.2859,11.6981],[13.2904,11.7094],[13.2904,11.7139],[13.2904,11.7206],[13.2881,11.7273],[13.2792,11.7386],[13.2724,11.7431],[13.2702,11.7453],[13.2657,11.7475],[13.2612,11.7498],[13.2545,11.752],[13.2522,11.7543],[13.2432,11.7633],[13.2297,11.779],[13.2275,11.7835],[13.223,11.7925],[13.223,11.7992],[13.2253,11.8059],[13.2297,11.8127],[13.2387,11.8217],[13.2567,11.8261],[13.2769,11.8284],[13.2881,11.8284],[13.2926,11.8284],[13.2994,11.8306],[13.3039,11.8351],[13.3061,11.8351],[13.3106,11.8374],[13.3196,11.8441],[13.3263,11.8621],[13.3286,11.8688],[13.3263,11.8778],[13.3218,11.8845],[13.3196,11.889],[13.3173,11.8958],[13.3061,11.9137],[13.3016,11.9205],[13.2971,11.925],[13.2904,11.9295],[13.2792,11.9317],[13.2679,11.9384],[13.2657,11.9407],[13.2522,11.9519],[13.2477,11.9564],[13.2455,11.9631],[13.241,11.9721],[13.241,11.9766],[13.2455,11.9834],[13.25,11.9923],[13.2522,11.9946],[13.2545,11.9991],[13.2589,12.0081],[13.2589,12.0125],[13.2589,12.017],[13.2567,12.026],[13.2545,12.0305],[13.25,12.0395],[13.2477,12.044],[13.2432,12.0507],[13.2432,12.0575],[13.2365,12.0597],[13.2185,12.0732],[13.2006,12.0822],[13.1938,12.0889],[13.1826,12.0979],[13.1781,12.1024],[13.1691,12.1159],[13.1669,12.1248],[13.1646,12.1293],[13.1579,12.1428],[13.1489,12.1563],[13.1422,12.1563],[13.1377,12.1585],[13.1332,12.1608],[13.1287,12.163],[13.1242,12.163],[13.113,12.1608],[13.104,12.154],[13.0905,12.1361],[13.086,12.1293],[13.0793,12.1136],[13.0748,12.1001],[13.0748,12.0799],[13.0748,12.0687],[13.077,12.0597],[13.0748,12.0462],[13.0748,12.0395],[13.0725,12.0328],[13.0703,12.0283],[13.0681,12.0215],[13.0681,12.017],[13.0681,11.9968],[13.0703,11.9901],[13.0703,11.9834],[13.0748,11.9586],[13.0793,11.9452],[13.0793,11.9317],[13.0815,11.925],[13.086,11.925],[13.0928,11.925],[13.1017,11.9227],[13.113,11.9205],[13.1152,11.9182],[13.1332,11.9092],[13.1399,11.9048],[13.1422,11.9025],[13.1467,11.8958],[13.1511,11.889],[13.1556,11.88],[13.1646,11.8688],[13.1714,11.8598],[13.1736,11.8553],[13.1736,11.8531],[13.1714,11.8464],[13.1736,11.8419],[13.1781,11.8306],[13.1826,11.8261],[13.1893,11.8127],[13.1916,11.8082],[13.1938,11.8014],[13.1916,11.797],[13.1826,11.7902],[13.1714,11.7857],[13.1579,11.7812],[13.1534,11.7812],[13.1489,11.7812],[13.1467,11.7902],[13.1444,11.7947],[13.1242,11.797],[13.1107,11.7992],[13.0928,11.8037],[13.0838,11.8037],[13.0703,11.8037],[13.0591,11.8037],[13.0613,11.7925],[13.0568,11.7767],[13.0523,11.77],[13.0478,11.7633],[13.0366,11.7543],[13.0321,11.7543],[13.0209,11.7475],[13.0164,11.7408],[13.0119,11.7273],[13.0119,11.7206],[13.0119,11.7139],[13.0142,11.7094]]]}},{"type":"Feature","properties":{"id":"borno/kaga","name":"Kaga","state":"Borno"},"geometry":{"type":"Polygon","coordinates":[[[12.2034,11.6308],[12.2124,11.6308],[12.2259,11.633],[12.2394,11.6353],[12.2484,11.633],[12.2618,11.6285],[12.2708,11.6218],[12.2775,11.6128],[12.291,11.5971],[12.3,11.5881],[12.3,11.5836],[12.3045,11.5701],[12.3067,11.5634],[12.309,11.5499],[12.3135,11.5409],[12.3157,11.5342],[12.3202,11.5185],[12.3225,11.5073],[12.3225,11.5028],[12.3247,11.4983],[12.3292,11.4938],[12.3337,11.4893],[12.3382,11.4825],[12.3427,11.4781],[12.3472,11.4668],[12.3494,11.4601],[12.3517,11.4534],[12.3561,11.4444],[12.3674,11.4264],[12.3809,11.4152],[12.3831,11.4107],[12.4123,11.3927],[12.4325,11.3815],[12.4505,11.3725],[12.4662,11.3635],[12.4752,11.359],[12.4931,11.35],[12.5021,11.3456],[12.5089,11.3433],[12.5111,11.3411],[12.5201,11.3343],[12.5246,11.3298],[12.5291,11.3276],[12.5291,11.3231],[12.5403,11.3119],[12.5425,11.3096],[12.547,11.3074],[12.5493,11.3051],[12.5605,11.2917],[12.5672,11.2827],[12.5852,11.267],[12.592,11.2625],[12.5942,11.2602],[12.5987,11.2557],[12.6032,11.2535],[12.6077,11.2512],[12.6189,11.249],[12.6324,11.2445],[12.6391,11.2445],[12.6459,11.2445],[12.6503,11.2467],[12.6773,11.2602],[12.6863,11.2647],[12.693,11.2692],[12.6997,11.2714],[12.7042,11.2737],[12.7065,11.2872],[12.7065,11.2939],[12.6975,11.3164],[12.6953,11.3253],[12.6908,11.3343],[12.684,11.3411],[12.675,11.3523],[12.6728,11.3545],[12.6683,11.3613],[12.6661,11.368],[12.6638,11.3725],[12.6661,11.3837],[12.6661,11.4062],[12.6683,11.4287],[12.6683,11.4331],[12.6683,11.4421],[12.6683,11.4489],[12.6661,11.4713],[12.6638,11.4758],[12.6548,11.4938],[12.6459,11.505],[12.6414,11.514],[12.6391,11.523],[12.6369,11.5432],[12.6369,11.5544],[12.6346,11.5724],[12.6324,11.5859],[12.6324,11.5903],[12.6256,11.615],[12.6211,11.6263],[12.6189,11.6308],[12.6167,11.6398],[12.6167,11.6555],[12.6167,11.6892],[12.6189,11.7026],[12.6211,11.7094],[12.6256,11.7139],[12.6369,11.7251],[12.6481,11.7273],[12.6503,11.7296],[12.6571,11.7296],[12.6683,11.7341],[12.6706,11.7363],[12.6818,11.7431],[12.6863,11.7453],[12.6885,11.7543],[12.693,11.761],[12.6908,11.7678],[12.6885,11.7723],[12.684,11.7902],[12.6795,11.8014],[12.6795,11.8059],[12.675,11.8172],[12.6661,11.8351],[12.6638,11.8396],[12.6593,11.8464],[12.6481,11.8598],[12.6391,11.8733],[12.6324,11.88],[12.6234,11.8868],[12.6167,11.8913],[12.6032,11.9003],[12.5852,11.9092],[12.5807,11.9115],[12.5583,11.916],[12.547,11.916],[12.5381,11.916],[12.5246,11.9182],[12.4999,11.9182],[12.4931,11.9182],[12.4842,11.9205],[12.4729,11.9205],[12.4437,11.9227],[12.4258,11.9227],[12.4033,11.9227],[12.3988,11.9227],[12.3764,11.925],[12.3517,11.9272],[12.3359,11.9295],[12.327,11.9295],[12.318,11.9295],[12.2933,11.9317],[12.2843,11.9295],[12.2775,11.9295],[12.2641,11.9272],[12.2506,11.925],[12.2461,11.925],[12.2461,11.916],[12.2461,11.9092],[12.2461,11.8935],[12.2461,11.8711],[12.2484,11.8553],[12.2506,11.8419],[12.2506,11.8351],[12.2528,11.8261],[12.2528,11.8149],[12.2484,11.7992],[12.2439,11.788],[12.2416,11.7835],[12.2371,11.779],[12.2192,11.7588],[12.2124,11.7475],[12.2102,11.7408],[12.2034,11.7296],[12.1989,11.7228],[12.1945,11.7004],[12.1877,11.6824],[12.1877,11.6779],[12.181,11.6667],[12.1765,11.6555],[12.1742,11.6487],[12.1742,11.6465],[12.1742,11.6398],[12.172,11.6375],[12.1698,11.6353],[12.1698,11.6285],[12.2034,11.6308]]]}},{"type":"Feature","properties":{"id":"borno/kala-balge","name":"Kala/Balge","state":"Borno"},"geometry":{"type":"Polygon","coordinates":[[[14.3077,11.8464],[14.3122,11.8419],[14.3167,11.8396],[14.3324,11.8329],[14.3459,11.8261],[14.3594,11.8194],[14.3639,11.8172],[14.3706,11.8127],[14.3818,11.8082],[14.3863,11.8059],[14.3886,11.8059],[14.393,11.8037],[14.3998,11.8014],[14.4133,11.797],[14.4178,11.7947],[14.429,11.7902],[14.4335,11.7857],[14.4402,11.7857],[14.4514,11.7812],[14.4559,11.7812],[14.4649,11.779],[14.4739,11.7767],[14.4964,11.7678],[14.5008,11.7655],[14.5053,11.7655],[14.5098,11.7633],[14.5255,11.761],[14.5323,11.761],[14.539,11.761],[14.557,11.7588],[14.5772,11.7543],[14.5794,11.752],[14.5817,11.752],[14.5839,11.752],[14.5839,11.7543],[14.5862,11.7565],[14.5907,11.7565],[14.5929,11.7565],[14.5952,11.7565],[14.5974,11.761],[14.5997,11.7633],[14.6019,11.7678],[14.6041,11.77],[14.6064,11.7723],[14.6064,11.7745],[14.6086,11.7767],[14.6109,11.7767],[14.6131,11.779],[14.6154,11.7835],[14.6154,11.7857],[14.6154,11.788],[14.6131,11.788],[14.6109,11.788],[14.6086,11.7925],[14.6086,11.7947],[14.6064,11.797],[14.6064,11.7992],[14.6064,11.8014],[14.6064,11.8037],[14.6064,11.8059],[14.6086,11.8127],[14.6086,11.8149],[14.6109,11.8172],[14.6109,11.8217],[14.6109,11.8239],[14.6086,11.8284],[14.6064,11.8329],[14.6064,11.8374],[14.6064,11.8441],[14.6154,11.8509],[14.6154,11.8531],[14.6154,11.8553],[14.6154,11.8576],[14.6131,11.8576],[14.6109,11.8598],[14.6086,11.8621],[14.6064,11.8621],[14.6064,11.8643],[14.6041,11.8666],[14.6041,11.8688],[14.6041,11.8711],[14.6064,11.8733],[14.6131,11.8778],[14.6154,11.88],[14.6176,11.8823],[14.6199,11.8823],[14.6199,11.8845],[14.6221,11.889],[14.6244,11.8913],[14.6244,11.8935],[14.6266,11.8958],[14.6266,11.898],[14.6289,11.9003],[14.6289,11.9025],[14.6289,11.9048],[14.6311,11.9048],[14.6401,11.9092],[14.6423,11.9115],[14.6446,11.9137],[14.6423,11.916],[14.6401,11.9205],[14.6356,11.9272],[14.6356,11.9295],[14.6333,11.9317],[14.6356,11.9339],[14.6356,11.9362],[14.6423,11.9429],[14.6446,11.9452],[14.6446,11.9474],[14.6468,11.9497],[14.6491,11.9497],[14.6491,11.9519],[14.6513,11.9542],[14.6536,11.9542],[14.6536,11.9564],[14.6558,11.9586],[14.6558,11.9609],[14.6558,11.9631],[14.6558,11.9654],[14.6536,11.9676],[14.6468,11.9721],[14.6446,11.9721],[14.6423,11.9766],[14.6423,11.9811],[14.6423,11.9834],[14.6401,11.9834],[14.6378,11.9856],[14.6378,11.9878],[14.6378,11.9901],[14.6378,11.9923],[14.6356,11.9923],[14.6356,11.9946],[14.6333,12.0013],[14.6333,12.0058],[14.6333,12.0081],[14.6356,12.0103],[14.6333,12.0103],[14.6333,12.0125],[14.6311,12.017],[14.6311,12.0193],[14.6333,12.0193],[14.6311,12.0215],[14.6289,12.0283],[14.6266,12.0283],[14.6244,12.0305],[14.6221,12.0305],[14.6221,12.035],[14.6221,12.0417],[14.6244,12.0507],[14.6311,12.0575],[14.6311,12.0597],[14.6333,12.0597],[14.6356,12.062],[14.6378,12.062],[14.6446,12.062],[14.6446,12.0642],[14.6468,12.0642],[14.6491,12.062],[14.6513,12.0642],[14.6536,12.0642],[14.6536,12.0664],[14.6513,12.0709],[14.6513,12.0732],[14.6446,12.0777],[14.6423,12.0777],[14.6401,12.0799],[14.6401,12.0822],[14.6401,12.0844],[14.6378,12.0844],[14.6356,12.0889],[14.6356,12.0911],[14.6356,12.0934],[14.6378,12.0956],[14.6378,12.0979],[14.6401,12.0979],[14.6423,12.1001],[14.6468,12.1046],[14.6468,12.1069],[14.6513,12.1091],[14.6536,12.1114],[14.6536,12.1136],[14.6558,12.1159],[14.658,12.1248],[14.6558,12.1271],[14.6558,12.1316],[14.6558,12.1338],[14.6536,12.1361],[14.6536,12.1383],[14.6558,12.1383],[14.6558,12.1406],[14.6625,12.145],[14.6625,12.1473],[14.6648,12.1473],[14.6648,12.1495],[14.6715,12.1518],[14.6715,12.154],[14.6738,12.1563],[14.676,12.1585],[14.676,12.1608],[14.6783,12.163],[14.6783,12.1653],[14.676,12.172],[14.676,12.1742],[14.6738,12.1742],[14.6738,12.1765],[14.6715,12.1765],[14.6715,12.1787],[14.6693,12.1787],[14.667,12.1787],[14.6648,12.1787],[14.6648,12.181],[14.6648,12.1832],[14.6648,12.1855],[14.667,12.1855],[14.667,12.1877],[14.667,12.19],[14.6648,12.1922],[14.6603,12.1967],[14.658,12.1989],[14.6558,12.1989],[14.6536,12.1989],[14.6536,12.1967],[14.6513,12.1967],[14.6513,12.1945],[14.6491,12.1945],[14.6468,12.1945],[14.6446,12.1945],[14.6401,12.1922],[14.6378,12.1922],[14.6356,12.1922],[14.6356,12.1945],[14.6333,12.1945],[14.6311,12.1945],[14.6266,12.1922],[14.6266,12.19],[14.6266,12.1877],[14.6289,12.1877],[14.6289,12.1855],[14.6311,12.1855],[14.6311,12.1832],[14.6289,12.1832],[14.6266,12.1832],[14.6244,12.1832],[14.6221,12.1832],[14.6176,12.1855],[14.6154,12.1855],[14.6154,12.19],[14.6154,12.1922],[14.6131,12.1922],[14.6109,12.1922],[14.6086,12.1922],[14.6064,12.1922],[14.6064,12.1945],[14.6041,12.1945],[14.6019,12.1945],[14.5997,12.1945],[14.5974,12.1945],[14.5974,12.1967],[14.5997,12.1989],[14.6019,12.1989],[14.6041,12.1989],[14.6064,12.1989],[14.6086,12.1989],[14.6086,12.2012],[14.6086,12.2034],[14.6041,12.2102],[14.6041,12.2124],[14.6019,12.2147],[14.5997,12.2147],[14.5974,12.2147],[14.5952,12.2147],[14.5952,12.2169],[14.5929,12.2169],[14.5929,12.2192],[14.5929,12.2214],[14.5952,12.2214],[14.5952,12.2236],[14.5952,12.2259],[14.5952,12.2281],[14.5929,12.2281],[14.5907,12.2304],[14.5884,12.2304],[14.5794,12.2304],[14.5794,12.2281],[14.5772,12.2281],[14.575,12.2281],[14.5727,12.2281],[14.5727,12.2304],[14.5705,12.2304],[14.5682,12.2326],[14.566,12.2326],[14.5592,12.2349],[14.557,12.2349],[14.5547,12.2349],[14.5525,12.2349],[14.5503,12.2349],[14.548,12.2371],[14.548,12.2394],[14.548,12.2416],[14.5503,12.2439],[14.5525,12.2439],[14.5547,12.2461],[14.557,12.2484],[14.557,12.2506],[14.557,12.2528],[14.557,12.2551],[14.5592,12.2551],[14.5592,12.2573],[14.5592,12.2596],[14.557,12.2596],[14.557,12.2573],[14.5547,12.2573],[14.5525,12.2573],[14.5503,12.2573],[14.548,12.2573],[14.5435,12.2686],[14.5435,12.2708],[14.5435,12.2731],[14.5435,12.2753],[14.5458,12.2753],[14.5458,12.2775],[14.548,12.2775],[14.548,12.2798],[14.5458,12.282],[14.5435,12.282],[14.5413,12.2843],[14.539,12.2865],[14.5368,12.2865],[14.5368,12.2888],[14.5345,12.2888],[14.5323,12.2888],[14.53,12.2888],[14.5278,12.2888],[14.5278,12.291],[14.5255,12.291],[14.5233,12.2933],[14.5233,12.2955],[14.5211,12.2955],[14.5211,12.2978],[14.5188,12.2978],[14.5166,12.2978],[14.5166,12.2955],[14.5143,12.2955],[14.5121,12.2955],[14.5121,12.2978],[14.5121,12.3],[14.5143,12.3022],[14.5143,12.3045],[14.5143,12.3067],[14.5143,12.309],[14.5121,12.309],[14.5121,12.3112],[14.5098,12.3112],[14.5098,12.3135],[14.5098,12.3157],[14.5121,12.3157],[14.5143,12.318],[14.5143,12.3157],[14.5166,12.3157],[14.5166,12.3135],[14.5188,12.3135],[14.5211,12.3135],[14.5211,12.3157],[14.5233,12.3157],[14.5233,12.318],[14.5211,12.3247],[14.5211,12.327],[14.5188,12.327],[14.5188,12.3292],[14.5166,12.3292],[14.5143,12.3292],[14.5121,12.3292],[14.5098,12.3292],[14.5076,12.3292],[14.5031,12.3292],[14.5008,12.3292],[14.4986,12.3292],[14.4964,12.3314],[14.4941,12.3337],[14.4941,12.3359],[14.4919,12.3359],[14.4919,12.3382],[14.4896,12.3382],[14.4874,12.3382],[14.4851,12.3404],[14.4829,12.3404],[14.4829,12.3427],[14.4851,12.3427],[14.4851,12.3449],[14.4874,12.3449],[14.4874,12.3472],[14.4874,12.3494],[14.4851,12.3517],[14.4829,12.3517],[14.4806,12.3517],[14.4784,12.3494],[14.4784,12.3472],[14.4761,12.3449],[14.4739,12.3472],[14.4716,12.3494],[14.4716,12.3517],[14.4716,12.3539],[14.4694,12.3539],[14.4694,12.3561],[14.4672,12.3584],[14.4672,12.3606],[14.4649,12.3606],[14.4582,12.3584],[14.4559,12.3561],[14.4514,12.3539],[14.4492,12.3517],[14.4492,12.3494],[14.4469,12.3494],[14.4447,12.3494],[14.4425,12.3517],[14.4425,12.3539],[14.4425,12.3561],[14.4447,12.3561],[14.4447,12.3584],[14.4447,12.3606],[14.4447,12.3629],[14.4425,12.3629],[14.4425,12.3651],[14.4402,12.3674],[14.438,12.3674],[14.4357,12.3696],[14.4335,12.3696],[14.4312,12.3696],[14.429,12.3696],[14.4267,12.3696],[14.4267,12.3674],[14.4245,12.3651],[14.4222,12.3629],[14.4222,12.3606],[14.42,12.3606],[14.4178,12.3606],[14.4155,12.3606],[14.4133,12.3629],[14.411,12.3629],[14.411,12.3651],[14.4088,12.3651],[14.4065,12.3674],[14.4043,12.3674],[14.402,12.3674],[14.3998,12.3674],[14.3975,12.3674],[14.3886,12.3629],[14.3863,12.3629],[14.3863,12.3606],[14.3841,12.3606],[14.3818,12.3584],[14.3796,12.3584],[14.3773,12.3584],[14.3751,12.3606],[14.3728,12.3629],[14.3706,12.3629],[14.3683,12.3629],[14.3683,12.3651],[14.3661,12.3651],[14.3616,12.3651],[14.3594,12.3651],[14.3571,12.3651],[14.3549,12.3651],[14.3549,12.3629],[14.3526,12.3629],[14.3526,12.3584],[14.3549,12.3494],[14.3594,12.3292],[14.3616,12.3225],[14.3661,12.3112],[14.3661,12.2955],[14.3706,12.2843],[14.3683,12.2798],[14.3683,12.2753],[14.3683,12.2708],[14.3683,12.2663],[14.3683,12.2596],[14.3683,12.2551],[14.3683,12.2484],[14.3683,12.2439],[14.3683,12.2326],[14.3683,12.2259],[14.3661,12.2169],[14.3639,12.2079],[14.3616,12.1945],[14.3616,12.1877],[14.3639,12.1787],[14.3616,12.172],[14.3594,12.1675],[14.3571,12.1653],[14.3549,12.1608],[14.3526,12.1563],[14.3526,12.1518],[14.3504,12.1383],[14.3459,12.1136],[14.3436,12.1069],[14.3414,12.0956],[14.3392,12.0844],[14.3347,12.0777],[14.3324,12.0754],[14.3257,12.0642],[14.3257,12.0597],[14.3234,12.0485],[14.3212,12.0417],[14.3212,12.0395],[14.3189,12.0283],[14.3167,12.0148],[14.3189,12.0081],[14.3189,12.0013],[14.3167,11.9856],[14.3144,11.9586],[14.3122,11.9384],[14.3144,11.9295],[14.3144,11.916],[14.3144,11.9115],[14.3144,11.9048],[14.3122,11.8958],[14.31,11.8845],[14.3077,11.8778],[14.3077,11.8688],[14.3077,11.8643],[14.3077,11.8598],[14.3055,11.8509],[14.3077,11.8464]]]}},{"type":"Feature","properties":{"id":"borno/konduga","name":"Konduga","state":"Borno"},"geometry":{"type":"Polygon","coordinates":[[[12.6189,11.6308],[12.6211,11.6263],[12.6256,11.615],[12.6324,11.5903],[12.6324,11.5859],[12.6346,11.5724],[12.6369,11.5544],[12.6369,11.5432],[12.6391,11.523],[12.6414,11.514],[12.6459,11.505],[12.6548,11.4938],[12.6638,11.4758],[12.6661,11.4713],[12.6683,11.4489],[12.6683,11.4421],[12.6683,11.4331],[12.6683,11.4287],[12.6661,11.4062],[12.6661,11.3837],[12.6638,11.3725],[12.6661,11.368],[12.6683,11.3613],[12.6728,11.3545],[12.675,11.3523],[12.684,11.3411],[12.6908,11.3343],[12.6953,11.3253],[12.6975,11.3164],[12.7065,11.2939],[12.7065,11.2872],[12.7042,11.2737],[12.711,11.2714],[12.7177,11.2692],[12.7222,11.2647],[12.7245,11.2625],[12.7469,11.249],[12.7536,11.2423],[12.7626,11.2378],[12.7739,11.231],[12.7784,11.2288],[12.7918,11.2265],[12.8008,11.222],[12.8031,11.2175],[12.8053,11.2086],[12.8098,11.1973],[12.8143,11.1928],[12.8233,11.1928],[12.8322,11.1973],[12.8345,11.1973],[12.839,11.1996],[12.8412,11.2041],[12.8435,11.2086],[12.8457,11.2153],[12.8457,11.2198],[12.848,11.2265],[12.8525,11.231],[12.8637,11.2423],[12.8659,11.2445],[12.8704,11.2512],[12.8817,11.2602],[12.8951,11.2714],[12.8996,11.2714],[12.9064,11.2737],[12.9153,11.2737],[12.9243,11.2737],[12.9266,11.2782],[12.9378,11.2827],[12.9445,11.2849],[12.9513,11.2872],[12.9558,11.2917],[12.9625,11.2962],[12.9647,11.3006],[12.967,11.3029],[12.9715,11.3051],[12.9737,11.3051],[12.9782,11.3074],[12.9827,11.3074],[12.9895,11.3096],[12.9962,11.3164],[13.0029,11.3186],[13.0052,11.3209],[13.0119,11.3231],[13.0164,11.3276],[13.0231,11.3343],[13.0231,11.3388],[13.0254,11.3433],[13.0299,11.3523],[13.0344,11.359],[13.0366,11.3635],[13.0411,11.3725],[13.0478,11.386],[13.0501,11.3927],[13.0523,11.4017],[13.0523,11.4129],[13.0523,11.4174],[13.0591,11.4264],[13.0636,11.4309],[13.0725,11.4354],[13.077,11.4354],[13.0838,11.4376],[13.0995,11.4376],[13.1107,11.4354],[13.113,11.4354],[13.1309,11.4264],[13.1377,11.4197],[13.1444,11.4152],[13.1556,11.4062],[13.1579,11.4017],[13.1669,11.3905],[13.1714,11.386],[13.1781,11.3792],[13.1848,11.3703],[13.1893,11.3658],[13.1961,11.3568],[13.205,11.35],[13.2118,11.3433],[13.214,11.3388],[13.223,11.3343],[13.2387,11.3231],[13.2455,11.3186],[13.25,11.3186],[13.2545,11.3164],[13.2612,11.3164],[13.2679,11.3141],[13.2724,11.3096],[13.2814,11.3029],[13.2859,11.3006],[13.2926,11.2984],[13.3016,11.2962],[13.3106,11.2939],[13.3286,11.2849],[13.3331,11.2827],[13.3353,11.2872],[13.342,11.2917],[13.3443,11.2939],[13.3488,11.2962],[13.3533,11.3006],[13.3578,11.3029],[13.36,11.3141],[13.3645,11.3231],[13.3645,11.3276],[13.369,11.3343],[13.3735,11.3456],[13.378,11.3568],[13.3825,11.3658],[13.3847,11.368],[13.3869,11.3725],[13.3847,11.3792],[13.3847,11.3815],[13.3869,11.3905],[13.3892,11.3927],[13.3959,11.4084],[13.4072,11.4219],[13.4094,11.4376],[13.4094,11.4466],[13.4094,11.4534],[13.4094,11.4601],[13.4117,11.4646],[13.4139,11.4691],[13.4251,11.4848],[13.4274,11.4848],[13.4296,11.4848],[13.4319,11.487],[13.4386,11.4938],[13.4408,11.4983],[13.4476,11.5028],[13.4498,11.505],[13.4566,11.5073],[13.4633,11.5095],[13.47,11.5117],[13.4723,11.514],[13.479,11.514],[13.4858,11.5162],[13.4925,11.5185],[13.497,11.5207],[13.5015,11.5275],[13.5037,11.5297],[13.5172,11.5409],[13.5307,11.5432],[13.5352,11.5432],[13.5397,11.5432],[13.5576,11.5364],[13.5958,11.5275],[13.607,11.5252],[13.643,11.514],[13.6587,11.5117],[13.6654,11.5117],[13.6722,11.514],[13.6811,11.5207],[13.6811,11.5252],[13.6834,11.5297],[13.6834,11.5477],[13.6811,11.5544],[13.6767,11.5589],[13.6722,11.5612],[13.6677,11.5746],[13.6654,11.5814],[13.6632,11.5881],[13.6632,11.5993],[13.6677,11.6128],[13.6699,11.624],[13.6744,11.6285],[13.6789,11.6375],[13.6834,11.642],[13.6856,11.6465],[13.6901,11.651],[13.6991,11.6555],[13.7081,11.6622],[13.7148,11.6667],[13.7193,11.6779],[13.7216,11.6892],[13.7216,11.6914],[13.7216,11.7004],[13.7216,11.7049],[13.7216,11.7116],[13.7261,11.7206],[13.7283,11.7251],[13.7328,11.7296],[13.744,11.7431],[13.7508,11.752],[13.753,11.7588],[13.7597,11.7633],[13.7553,11.7655],[13.744,11.7745],[13.7373,11.7767],[13.7328,11.779],[13.7306,11.7812],[13.7216,11.788],[13.7103,11.797],[13.6969,11.8082],[13.6789,11.8172],[13.6699,11.8217],[13.6632,11.8239],[13.6452,11.8217],[13.6295,11.8217],[13.616,11.8217],[13.6115,11.8217],[13.6048,11.8217],[13.5958,11.8194],[13.5913,11.8194],[13.5846,11.8149],[13.5554,11.7992],[13.5509,11.797],[13.5464,11.7947],[13.5419,11.7947],[13.5352,11.7925],[13.5284,11.7925],[13.5217,11.7925],[13.5082,11.7902],[13.5015,11.7902],[13.497,11.788],[13.4903,11.788],[13.4835,11.7902],[13.4745,11.7902],[13.4498,11.7902],[13.4431,11.7902],[13.4319,11.788],[13.4161,11.7857],[13.3914,11.7902],[13.3757,11.7902],[13.3712,11.7925],[13.3645,11.7925],[13.3555,11.7925],[13.3465,11.7925],[13.3353,11.7902],[13.3173,11.7857],[13.3016,11.7812],[13.2971,11.7812],[13.2904,11.779],[13.2724,11.7767],[13.2679,11.7745],[13.2634,11.7745],[13.2567,11.7812],[13.2522,11.7857],[13.25,11.7902],[13.25,11.7947],[13.2522,11.7992],[13.2589,11.8037],[13.2657,11.8082],[13.2679,11.8104],[13.2769,11.8172],[13.2881,11.8239],[13.2926,11.8284],[13.2881,11.8284],[13.2769,11.8284],[13.2567,11.8261],[13.2387,11.8217],[13.2297,11.8127],[13.2253,11.8059],[13.223,11.7992],[13.223,11.7925],[13.2275,11.7835],[13.2297,11.779],[13.2432,11.7633],[13.2522,11.7543],[13.2545,11.752],[13.2612,11.7498],[13.2657,11.7475],[13.2702,11.7453],[13.2724,11.7431],[13.2792,11.7386],[13.2881,11.7273],[13.2904,11.7206],[13.2904,11.7139],[13.2904,11.7094],[13.2859,11.6981],[13.2792,11.6914],[13.2724,11.6892],[13.2679,11.6892],[13.2455,11.6892],[13.2297,11.6914],[13.2185,11.6937],[13.214,11.6959],[13.2118,11.6981],[13.2073,11.7026],[13.205,11.7071],[13.205,11.7116],[13.205,11.7161],[13.205,11.7206],[13.1961,11.7318],[13.1938,11.7363],[13.1848,11.7408],[13.1758,11.7408],[13.1691,11.7408],[13.1646,11.7386],[13.1489,11.7318],[13.1354,11.7206],[13.1152,11.7094],[13.095,11.7004],[13.0883,11.6981],[13.0793,11.6937],[13.0725,11.6937],[13.0456,11.6914],[13.0389,11.6914],[13.0321,11.6937],[13.0209,11.7004],[13.0164,11.7049],[13.0142,11.7094],[13.0119,11.7139],[13.0119,11.7206],[13.0119,11.7273],[13.0164,11.7408],[13.0209,11.7475],[13.0321,11.7543],[13.0366,11.7543],[13.0478,11.7633],[13.0523,11.77],[13.0568,11.7767],[13.0613,11.7925],[13.0591,11.8037],[13.0658,11.8217],[13.0658,11.8261],[13.0681,11.8306],[13.0703,11.8351],[13.0748,11.8396],[13.077,11.8419],[13.0838,11.8553],[13.086,11.8621],[13.0883,11.8666],[13.0883,11.8756],[13.0883,11.8913],[13.0883,11.8958],[13.086,11.9048],[13.0838,11.9092],[13.0815,11.9205],[13.0815,11.925],[13.0793,11.9317],[13.0793,11.9452],[13.0748,11.9586],[13.0703,11.9834],[13.0703,11.9901],[13.0681,11.9968],[13.0681,12.017],[13.0681,12.0215],[13.0703,12.0283],[13.0725,12.0328],[13.0748,12.0395],[13.0748,12.0462],[13.077,12.0597],[13.0748,12.0687],[13.0748,12.0799],[13.0748,12.1001],[13.0793,12.1136],[13.086,12.1293],[13.0905,12.1361],[13.104,12.154],[13.113,12.1608],[13.1242,12.163],[13.1287,12.163],[13.1332,12.1608],[13.1377,12.1585],[13.1422,12.1563],[13.1489,12.1563],[13.1444,12.163],[13.1399,12.1698],[13.1354,12.1765],[13.1264,12.1967],[13.1242,12.1989],[13.1152,12.1967],[13.0883,12.1855],[13.0725,12.1787],[13.0613,12.1698],[13.0523,12.1675],[13.0456,12.1653],[13.0433,12.1608],[13.0389,12.1563],[13.0344,12.1495],[13.0321,12.145],[13.0254,12.1316],[13.0186,12.1159],[13.0074,12.0979],[13.0074,12.0911],[13.0074,12.0844],[13.0074,12.0777],[13.0052,12.0732],[13.0007,12.0642],[12.9962,12.0552],[12.9827,12.0373],[12.9782,12.0328],[12.9737,12.026],[12.9715,12.0193],[12.9692,12.0148],[12.9647,12.0013],[12.9647,11.9968],[12.9647,11.9901],[12.9692,11.9721],[12.9692,11.9654],[12.9715,11.9564],[12.9737,11.9497],[12.976,11.9452],[12.9827,11.9339],[12.9827,11.925],[12.9827,11.9227],[12.9805,11.9182],[12.9782,11.9115],[12.9715,11.9048],[12.9692,11.9025],[12.9513,11.8935],[12.9423,11.889],[12.9378,11.8868],[12.9266,11.8845],[12.9198,11.8823],[12.9131,11.8823],[12.9064,11.88],[12.8951,11.8733],[12.8906,11.8711],[12.8861,11.8688],[12.8794,11.8666],[12.8727,11.8666],[12.8637,11.8643],[12.8525,11.8621],[12.848,11.8598],[12.8367,11.8576],[12.821,11.8576],[12.8143,11.8576],[12.8008,11.8553],[12.7941,11.8576],[12.7873,11.8576],[12.7784,11.8576],[12.7716,11.8553],[12.7649,11.8553],[12.7357,11.8531],[12.7267,11.8531],[12.7155,11.8509],[12.7087,11.8486],[12.6908,11.8486],[12.6885,11.8486],[12.675,11.8464],[12.6706,11.8441],[12.6661,11.8441],[12.6638,11.8396],[12.6661,11.8351],[12.675,11.8172],[12.6795,11.8059],[12.6795,11.8014],[12.684,11.7902],[12.6885,11.7723],[12.6908,11.7678],[12.693,11.761],[12.6885,11.7543],[12.6863,11.7453],[12.6818,11.7431],[12.6706,11.7363],[12.6683,11.7341],[12.6571,11.7296],[12.6503,11.7296],[12.6481,11.7273],[12.6369,11.7251],[12.6256,11.7139],[12.6211,11.7094],[12.6189,11.7026],[12.6167,11.6892],[12.6167,11.6555],[12.6167,11.6398],[12.6189,11.6308]]]}},{"type":"Feature","properties":{"id":"borno/kukawa","name":"Kukawa","state":"Borno"},"geometry":{"type":"Polygon","coordinates":[[[13.3308,13.2028],[13.3443,13.2006],[13.3465,13.1826],[13.3465,13.1714],[13.3465,13.1601],[13.3443,13.1399],[13.342,13.1197],[13.3398,13.113],[13.3398,13.1017],[13.3398,13.0928],[13.3398,13.0883],[13.3398,13.077],[13.3398,13.0725],[13.3398,13.0703],[13.3398,13.0568],[13.3443,13.0478],[13.3443,13.0411],[13.342,13.0276],[13.3398,13.0164],[13.342,13.0074],[13.3398,12.9984],[13.3398,12.9917],[13.342,12.9782],[13.3465,12.9647],[13.3533,12.9558],[13.3578,12.9445],[13.3735,12.9333],[13.3847,12.9243],[13.4117,12.9064],[13.4229,12.9041],[13.4386,12.8974],[13.4476,12.8906],[13.4611,12.8794],[13.4678,12.8704],[13.4835,12.8547],[13.488,12.8502],[13.4992,12.83],[13.5037,12.821],[13.5127,12.7851],[13.515,12.7784],[13.5172,12.7716],[13.5217,12.7626],[13.5307,12.7469],[13.5374,12.7379],[13.5419,12.72],[13.5442,12.7087],[13.5509,12.693],[13.5576,12.6818],[13.5621,12.675],[13.5711,12.6683],[13.5756,12.6728],[13.5778,12.6795],[13.5891,12.6885],[13.5958,12.6953],[13.6048,12.6975],[13.6138,12.702],[13.6272,12.7065],[13.6362,12.7065],[13.643,12.7065],[13.6475,12.7065],[13.6542,12.7065],[13.6722,12.7087],[13.6789,12.711],[13.7014,12.711],[13.7216,12.7132],[13.7306,12.7132],[13.7373,12.7132],[13.7418,12.7155],[13.762,12.7245],[13.7732,12.7289],[13.8002,12.7402],[13.8114,12.7424],[13.8406,12.7469],[13.8698,12.7514],[13.8765,12.7559],[13.8855,12.7626],[13.9035,12.7671],[13.908,12.7671],[13.9214,12.7694],[13.9282,12.7694],[13.9372,12.7716],[13.9417,12.7739],[13.9461,12.7761],[13.9551,12.7784],[13.9731,12.7828],[14.0,12.7873],[14.0247,12.7918],[14.036,12.7941],[14.0494,12.7941],[14.0584,12.7941],[14.0764,12.7963],[14.0944,12.8008],[14.1078,12.8053],[14.1213,12.8075],[14.1258,12.8075],[14.1348,12.8075],[14.1438,12.8098],[14.1415,12.8165],[14.1415,12.8255],[14.1393,12.8345],[14.137,12.8435],[14.1348,12.8525],[14.1325,12.8614],[14.1303,12.8682],[14.1303,12.8772],[14.128,12.8861],[14.1258,12.8951],[14.1236,12.9041],[14.1213,12.9131],[14.1191,12.9221],[14.1168,12.9311],[14.1168,12.9378],[14.1146,12.9468],[14.1123,12.9558],[14.1101,12.9647],[14.1078,12.9737],[14.1056,12.9827],[14.1056,12.9917],[14.1033,13.0007],[14.1011,13.0074],[14.0989,13.0164],[14.0966,13.0254],[14.0944,13.0344],[14.0921,13.0433],[14.0921,13.0523],[14.0899,13.0613],[14.0876,13.0703],[14.0854,13.0748],[14.0854,13.077],[14.0831,13.0838],[14.0786,13.086],[14.0719,13.0928],[14.0674,13.0972],[14.0652,13.1017],[14.0607,13.1085],[14.0562,13.1152],[14.0517,13.122],[14.0494,13.1242],[14.045,13.1287],[14.0427,13.1332],[14.0382,13.1399],[14.0337,13.1444],[14.027,13.1556],[14.0247,13.1601],[14.0203,13.1669],[14.0158,13.1714],[14.0113,13.1781],[14.0068,13.1848],[14.0023,13.1893],[13.9978,13.1961],[13.9933,13.2028],[13.9888,13.2095],[13.9843,13.2163],[13.9798,13.2208],[13.9776,13.2275],[13.9753,13.2297],[13.9664,13.2387],[13.9641,13.2432],[13.9619,13.2477],[13.9551,13.2545],[13.9529,13.2589],[13.9506,13.2612],[13.9461,13.2679],[13.9394,13.2747],[13.9349,13.2814],[13.9327,13.2881],[13.9259,13.2949],[13.9214,13.3016],[13.9169,13.3083],[13.9102,13.3173],[13.9057,13.3241],[13.899,13.3308],[13.8945,13.3398],[13.89,13.3465],[13.8878,13.351],[13.8833,13.3578],[13.8698,13.3735],[13.8675,13.378],[13.8653,13.3825],[13.8608,13.3869],[13.8563,13.3937],[13.8541,13.3982],[13.8496,13.4027],[13.8451,13.4094],[13.8428,13.4161],[13.8383,13.4206],[13.8361,13.4206],[13.8316,13.4184],[13.8226,13.4139],[13.7957,13.4094],[13.7844,13.4072],[13.7777,13.4049],[13.762,13.4027],[13.7306,13.3914],[13.7216,13.3869],[13.7126,13.3825],[13.7103,13.3802],[13.6969,13.3735],[13.6879,13.3712],[13.6789,13.3667],[13.6587,13.3578],[13.643,13.3488],[13.6295,13.342],[13.616,13.3353],[13.6115,13.3331],[13.5981,13.3286],[13.5733,13.3263],[13.5554,13.3196],[13.5397,13.3173],[13.5307,13.3173],[13.5172,13.3173],[13.4992,13.3151],[13.488,13.3128],[13.4768,13.3106],[13.4633,13.3083],[13.4588,13.3061],[13.4566,13.3061],[13.4453,13.3083],[13.4364,13.3106],[13.4139,13.3128],[13.3914,13.3061],[13.3869,13.3039],[13.378,13.2994],[13.3735,13.2949],[13.3712,13.2926],[13.36,13.2792],[13.351,13.2657],[13.3465,13.2567],[13.3331,13.2365],[13.3218,13.214],[13.3218,13.2028],[13.3308,13.2028]]]}},{"type":"Feature","properties":{"id":"borno/kwaya-kusar","name":"Kwaya Kusar","state":"Borno"},"geometry":{"type":"Polygon","coordinates":[[[11.7633,10.4967],[11.77,10.4652],[11.7723,10.4495],[11.779,10.4383],[11.779,10.4338],[11.7857,10.4248],[11.7902,10.4181],[11.7902,10.4113],[11.7947,10.4023],[11.7947,10.3978],[11.797,10.3844],[11.797,10.3799],[11.7992,10.3754],[11.8014,10.3687],[11.8037,10.3619],[11.8059,10.3574],[11.8059,10.3484],[11.8059,10.3305],[11.8059,10.3192],[11.8059,10.3103],[11.8104,10.299],[11.8149,10.2945],[11.8172,10.2878],[11.8172,10.2833],[11.8127,10.2766],[11.8104,10.2721],[11.8037,10.2653],[11.7992,10.2609],[11.797,10.2586],[11.7902,10.2496],[11.7902,10.2474],[11.7902,10.2429],[11.7947,10.2429],[11.8014,10.2429],[11.8127,10.2451],[11.8351,10.2541],[11.8464,10.2564],[11.8553,10.2609],[11.8688,10.2698],[11.8778,10.2766],[11.8913,10.2878],[11.898,10.2968],[11.9048,10.299],[11.9115,10.3035],[11.916,10.3058],[11.9205,10.3148],[11.925,10.317],[11.9295,10.3215],[11.9384,10.3237],[11.9631,10.3395],[11.9744,10.3529],[11.9789,10.3574],[11.9856,10.3709],[11.9923,10.3844],[11.9991,10.3911],[12.0036,10.4001],[12.0081,10.4158],[12.0103,10.4203],[12.0103,10.427],[12.0103,10.4383],[12.0103,10.4428],[12.0103,10.4473],[12.0081,10.4585],[12.0081,10.4652],[12.0081,10.472],[12.0081,10.4854],[12.0036,10.5034],[12.0013,10.5124],[11.9946,10.5236],[11.9923,10.5281],[11.9856,10.5348],[11.9789,10.5438],[11.9699,10.5506],[11.9654,10.5528],[11.9586,10.5573],[11.9497,10.5551],[11.9339,10.5551],[11.9115,10.5573],[11.907,10.5595],[11.8913,10.5663],[11.8756,10.573],[11.8576,10.5842],[11.8509,10.5955],[11.8441,10.6],[11.8396,10.6045],[11.8351,10.6067],[11.8306,10.6112],[11.8239,10.6134],[11.8172,10.6112],[11.8104,10.6157],[11.8082,10.6202],[11.8014,10.6179],[11.797,10.6112],[11.7925,10.6067],[11.7902,10.5977],[11.7857,10.591],[11.7812,10.5887],[11.7767,10.582],[11.77,10.5798],[11.7678,10.5753],[11.7633,10.5663],[11.7633,10.5506],[11.761,10.5303],[11.761,10.5146],[11.7633,10.4967]]]}},{"type":"Feature","properties":{"id":"borno/mafa","name":"Mafa","state":"Borno"},"geometry":{"type":"Polygon","coordinates":[[[13.2455,11.9631],[13.2477,11.9564],[13.2522,11.9519],[13.2657,11.9407],[13.2679,11.9384],[13.2792,11.9317],[13.2904,11.9295],[13.2971,11.925],[13.3016,11.9205],[13.3061,11.9137],[13.3173,11.8958],[13.3196,11.889],[13.3218,11.8845],[13.3263,11.8778],[13.3286,11.8688],[13.3263,11.8621],[13.3196,11.8441],[13.3106,11.8374],[13.3061,11.8351],[13.3039,11.8351],[13.2994,11.8306],[13.2926,11.8284],[13.2881,11.8239],[13.2769,11.8172],[13.2679,11.8104],[13.2657,11.8082],[13.2589,11.8037],[13.2522,11.7992],[13.25,11.7947],[13.25,11.7902],[13.2522,11.7857],[13.2567,11.7812],[13.2634,11.7745],[13.2679,11.7745],[13.2724,11.7767],[13.2904,11.779],[13.2971,11.7812],[13.3016,11.7812],[13.3173,11.7857],[13.3353,11.7902],[13.3465,11.7925],[13.3555,11.7925],[13.3645,11.7925],[13.3712,11.7925],[13.3757,11.7902],[13.3914,11.7902],[13.4161,11.7857],[13.4319,11.788],[13.4431,11.7902],[13.4498,11.7902],[13.4745,11.7902],[13.4835,11.7902],[13.4903,11.788],[13.497,11.788],[13.5015,11.7902],[13.5082,11.7902],[13.5217,11.7925],[13.5284,11.7925],[13.5352,11.7925],[13.5419,11.7947],[13.5464,11.7947],[13.5509,11.797],[13.5554,11.7992],[13.5846,11.8149],[13.5913,11.8194],[13.5958,11.8194],[13.6048,11.8217],[13.6115,11.8217],[13.616,11.8217],[13.6295,11.8217],[13.6452,11.8217],[13.6632,11.8239],[13.6699,11.8217],[13.6789,11.8172],[13.6969,11.8082],[13.7103,11.797],[13.7216,11.788],[13.7306,11.7812],[13.7328,11.779],[13.7373,11.7767],[13.744,11.7745],[13.7553,11.7655],[13.7597,11.7633],[13.762,11.7655],[13.7665,11.77],[13.7732,11.7745],[13.78,11.7767],[13.7844,11.779],[13.7934,11.779],[13.7979,11.7812],[13.8114,11.797],[13.8181,11.8194],[13.8226,11.8374],[13.8271,11.8553],[13.8339,11.88],[13.8383,11.9025],[13.8406,11.9092],[13.8406,11.9205],[13.8406,11.9295],[13.8406,11.9339],[13.8428,11.9429],[13.8451,11.9452],[13.8473,11.9497],[13.8473,11.9609],[13.8451,11.9676],[13.8406,11.9856],[13.8361,11.9991],[13.8339,12.0058],[13.8339,12.0081],[13.8361,12.0125],[13.8361,12.0215],[13.8361,12.044],[13.8361,12.053],[13.8361,12.0642],[13.8361,12.0687],[13.8518,12.0777],[13.8541,12.0799],[13.8698,12.0889],[13.881,12.0956],[13.8922,12.1114],[13.8945,12.1159],[13.89,12.1181],[13.8855,12.1248],[13.8855,12.1271],[13.8855,12.1361],[13.881,12.1518],[13.8765,12.154],[13.872,12.1563],[13.8675,12.1608],[13.8631,12.163],[13.8586,12.1698],[13.8518,12.172],[13.8473,12.172],[13.8428,12.172],[13.8361,12.172],[13.8294,12.172],[13.8204,12.1742],[13.8136,12.1765],[13.8092,12.1787],[13.7979,12.1832],[13.78,12.1922],[13.7732,12.1967],[13.7597,12.2012],[13.7575,12.1989],[13.7508,12.1922],[13.7463,12.1877],[13.7418,12.1832],[13.7328,12.1742],[13.7283,12.172],[13.7193,12.1608],[13.7148,12.1495],[13.7103,12.1428],[13.7081,12.1383],[13.7036,12.1361],[13.6991,12.1316],[13.6901,12.1293],[13.6834,12.1271],[13.6811,12.1248],[13.6722,12.1248],[13.6609,12.1248],[13.6497,12.1271],[13.6385,12.1271],[13.634,12.1248],[13.6295,12.1271],[13.625,12.1271],[13.607,12.1316],[13.6003,12.1361],[13.5936,12.1383],[13.5891,12.1406],[13.5823,12.1473],[13.5756,12.1563],[13.5666,12.1653],[13.5599,12.1742],[13.5554,12.1765],[13.5509,12.1787],[13.5464,12.1832],[13.5329,12.1877],[13.5194,12.1967],[13.515,12.1989],[13.5015,12.2147],[13.497,12.2169],[13.4947,12.2259],[13.4903,12.2349],[13.488,12.2439],[13.4858,12.2484],[13.4835,12.2528],[13.47,12.2708],[13.4656,12.2775],[13.4611,12.2753],[13.4566,12.2753],[13.4521,12.2731],[13.4453,12.2731],[13.4408,12.2731],[13.4341,12.2731],[13.4184,12.2663],[13.4117,12.2596],[13.4004,12.2551],[13.3959,12.2528],[13.3914,12.2506],[13.3802,12.2484],[13.3735,12.2484],[13.3645,12.2484],[13.3578,12.2461],[13.3443,12.2506],[13.3375,12.2528],[13.3331,12.2551],[13.3286,12.2596],[13.3128,12.2798],[13.3106,12.2843],[13.3039,12.2978],[13.2994,12.309],[13.2904,12.3202],[13.2836,12.327],[13.2747,12.3314],[13.2657,12.3337],[13.2612,12.3337],[13.2545,12.3337],[13.2455,12.3359],[13.241,12.3382],[13.241,12.3337],[13.241,12.3292],[13.2455,12.3112],[13.2455,12.3045],[13.2455,12.3],[13.2455,12.2888],[13.2455,12.2798],[13.25,12.2663],[13.2545,12.2484],[13.2567,12.2371],[13.2634,12.2057],[13.2634,12.1989],[13.2634,12.1922],[13.2657,12.1832],[13.2679,12.1765],[13.2702,12.1675],[13.2702,12.163],[13.2724,12.154],[13.2769,12.1406],[13.2814,12.1293],[13.2792,12.1091],[13.2769,12.1046],[13.2747,12.1001],[13.2702,12.0889],[13.2679,12.0822],[13.2657,12.0777],[13.2522,12.0642],[13.2455,12.0575],[13.2432,12.0575],[13.2432,12.0507],[13.2477,12.044],[13.25,12.0395],[13.2545,12.0305],[13.2567,12.026],[13.2589,12.017],[13.2589,12.0125],[13.2589,12.0081],[13.2545,11.9991],[13.2522,11.9946],[13.25,11.9923],[13.2455,11.9834],[13.241,11.9766],[13.241,11.9721],[13.2455,11.9631]]]}},{"type":"Feature","properties":{"id":"borno/magumeri","name":"Magumeri","state":"Borno"},"geometry":{"type":"Polygon","coordinates":[[[12.2461,11.925],[12.2506,11.925],[12.2641,11.9272],[12.2775,11.9295],[12.2843,11.9295],[12.2933,11.9317],[12.318,11.9295],[12.327,11.9295],[12.3359,11.9295],[12.3517,11.9272],[12.3764,11.925],[12.3988,11.9227],[12.4033,11.9227],[12.4258,11.9227],[12.4437,11.9227],[12.4729,11.9205],[12.4842,11.9205],[12.4931,11.9182],[12.4999,11.9182],[12.5246,11.9182],[12.5381,11.916],[12.547,11.916],[12.5583,11.916],[12.5807,11.9115],[12.5852,11.9092],[12.6032,11.9003],[12.6167,11.8913],[12.6234,11.8868],[12.6324,11.88],[12.6391,11.8733],[12.6481,11.8598],[12.6593,11.8464],[12.6638,11.8396],[12.6661,11.8441],[12.6706,11.8441],[12.675,11.8464],[12.6885,11.8486],[12.6908,11.8486],[12.7087,11.8486],[12.7155,11.8509],[12.7267,11.8531],[12.7357,11.8531],[12.7649,11.8553],[12.7716,11.8553],[12.7784,11.8576],[12.7873,11.8576],[12.7941,11.8576],[12.8008,11.8553],[12.8143,11.8576],[12.821,11.8576],[12.8367,11.8576],[12.848,11.8598],[12.8525,11.8621],[12.8637,11.8643],[12.8727,11.8666],[12.8794,11.8666],[12.8861,11.8688],[12.8906,11.8711],[12.8951,11.8733],[12.9064,11.88],[12.9131,11.8823],[12.9198,11.8823],[12.9266,11.8845],[12.9378,11.8868],[12.9423,11.889],[12.9513,11.8935],[12.9692,11.9025],[12.9715,11.9048],[12.9782,11.9115],[12.9805,11.9182],[12.9827,11.9227],[12.9827,11.925],[12.9827,11.9339],[12.976,11.9452],[12.9737,11.9497],[12.9715,11.9564],[12.9692,11.9654],[12.9692,11.9721],[12.9647,11.9901],[12.9647,11.9968],[12.9647,12.0013],[12.9692,12.0148],[12.9715,12.0193],[12.9737,12.026],[12.9782,12.0328],[12.9827,12.0373],[12.9962,12.0552],[13.0007,12.0642],[13.0052,12.0732],[13.0074,12.0777],[13.0074,12.0844],[13.0074,12.0911],[13.0074,12.0979],[13.0186,12.1159],[13.0254,12.1316],[13.0321,12.145],[13.0344,12.1495],[13.0389,12.1563],[13.0433,12.1608],[13.0456,12.1653],[13.0523,12.1675],[13.0613,12.1698],[13.0725,12.1787],[13.0883,12.1855],[13.1152,12.1967],[13.1242,12.1989],[13.122,12.2012],[13.113,12.2102],[13.1017,12.2192],[13.0838,12.2304],[13.0703,12.2371],[13.0523,12.2484],[13.0456,12.2506],[13.0366,12.2596],[13.0007,12.2865],[12.9782,12.3022],[12.9692,12.3112],[12.9625,12.3157],[12.9445,12.3247],[12.9333,12.3292],[12.9288,12.3314],[12.9221,12.3337],[12.9153,12.3359],[12.9108,12.3404],[12.9041,12.3449],[12.8861,12.3606],[12.8839,12.3651],[12.8817,12.3741],[12.8727,12.3809],[12.8682,12.3876],[12.857,12.3921],[12.8345,12.3988],[12.8165,12.4033],[12.8053,12.4056],[12.7941,12.4056],[12.7851,12.4056],[12.7784,12.4078],[12.7649,12.4123],[12.7581,12.41],[12.7447,12.41],[12.7245,12.4145],[12.7087,12.419],[12.6908,12.4235],[12.6616,12.4303],[12.6548,12.4325],[12.6481,12.4347],[12.6369,12.4437],[12.6234,12.4572],[12.6189,12.4684],[12.6122,12.4729],[12.5987,12.4819],[12.5897,12.4864],[12.565,12.4909],[12.547,12.4909],[12.5425,12.4909],[12.5336,12.4909],[12.5291,12.4909],[12.5223,12.4909],[12.5178,12.4931],[12.5111,12.4976],[12.5021,12.4999],[12.4931,12.5021],[12.4886,12.5044],[12.4797,12.5089],[12.4684,12.5201],[12.455,12.5403],[12.4527,12.5493],[12.4482,12.5628],[12.4437,12.5695],[12.437,12.5785],[12.4347,12.5807],[12.4303,12.574],[12.428,12.5672],[12.4235,12.5628],[12.4235,12.5605],[12.4213,12.556],[12.419,12.5538],[12.4145,12.5515],[12.4056,12.5403],[12.4056,12.5358],[12.3988,12.5246],[12.3988,12.5201],[12.3943,12.5156],[12.3898,12.5089],[12.3696,12.4931],[12.3629,12.4864],[12.3561,12.4819],[12.3539,12.4819],[12.3427,12.4774],[12.3314,12.4684],[12.3157,12.4595],[12.309,12.4572],[12.3,12.455],[12.291,12.4505],[12.2865,12.4482],[12.2686,12.4347],[12.2663,12.4303],[12.2618,12.4235],[12.2596,12.4213],[12.2618,12.4145],[12.2686,12.3921],[12.2753,12.3786],[12.2775,12.3674],[12.2865,12.3539],[12.2978,12.3292],[12.3022,12.3202],[12.3045,12.3135],[12.3067,12.291],[12.3067,12.2843],[12.3045,12.2775],[12.3045,12.2618],[12.3045,12.2573],[12.3045,12.2484],[12.3045,12.2349],[12.3045,12.2281],[12.3022,12.2192],[12.3,12.2012],[12.291,12.1698],[12.2888,12.163],[12.2843,12.1428],[12.2753,12.1091],[12.2708,12.0979],[12.2686,12.0889],[12.2618,12.0642],[12.2573,12.0462],[12.2528,12.017],[12.2506,12.0125],[12.2506,12.0081],[12.2506,12.0058],[12.2484,11.9878],[12.2484,11.9766],[12.2484,11.9721],[12.2484,11.9609],[12.2461,11.9407],[12.2439,11.9362],[12.2461,11.925]]]}},{"type":"Feature","properties":{"id":"borno/maiduguri","name":"Maiduguri","state":"Borno"},"geometry":{"type":"Polygon","coordinates":[[[13.0703,11.8037],[13.0838,11.8037],[13.0928,11.8037],[13.1107,11.7992],[13.1242,11.797],[13.1444,11.7947],[13.1467,11.7902],[13.1489,11.7812],[13.1534,11.7812],[13.1579,11.7812],[13.1714,11.7857],[13.1826,11.7902],[13.1916,11.797],[13.1938,11.8014],[13.1916,11.8082],[13.1893,11.8127],[13.1826,11.8261],[13.1781,11.8306],[13.1736,11.8419],[13.1714,11.8464],[13.1736,11.8531],[13.1736,11.8553],[13.1714,11.8598],[13.1646,11.8688],[13.1556,11.88],[13.1511,11.889],[13.1467,11.8958],[13.1422,11.9025],[13.1399,11.9048],[13.1332,11.9092],[13.1152,11.9182],[13.113,11.9205],[13.1017,11.9227],[13.0928,11.925],[13.086,11.925],[13.0815,11.925],[13.0815,11.9205],[13.0838,11.9092],[13.086,11.9048],[13.0883,11.8958],[13.0883,11.8913],[13.0883,11.8756],[13.0883,11.8666],[13.086,11.8621],[13.0838,11.8553],[13.077,11.8419],[13.0748,11.8396],[13.0703,11.8351],[13.0681,11.8306],[13.0658,11.8261],[13.0658,11.8217],[13.0591,11.8037],[13.0703,11.8037]]]}},{"type":"Feature","properties":{"id":"borno/marte","name":"Marte","state":"Borno"},"geometry":{"type":"Polygon","coordinates":[[[13.4656,12.2888],[13.4656,12.2775],[13.47,12.2708],[13.4835,12.2528],[13.4858,12.2484],[13.488,12.2439],[13.4903,12.2349],[13.4947,12.2259],[13.497,12.2169],[13.5015,12.2147],[13.515,12.1989],[13.5194,12.1967],[13.5329,12.1877],[13.5464,12.1832],[13.5509,12.1787],[13.5554,12.1765],[13.5599,12.1742],[13.5666,12.1653],[13.5756,12.1563],[13.5823,12.1473],[13.5891,12.1406],[13.5936,12.1383],[13.6003,12.1361],[13.607,12.1316],[13.625,12.1271],[13.6295,12.1271],[13.634,12.1248],[13.6385,12.1271],[13.6497,12.1271],[13.6609,12.1248],[13.6722,12.1248],[13.6811,12.1248],[13.6834,12.1271],[13.6901,12.1293],[13.6991,12.1316],[13.7036,12.1361],[13.7081,12.1383],[13.7103,12.1428],[13.7148,12.1495],[13.7193,12.1608],[13.7283,12.172],[13.7328,12.1742],[13.7418,12.1832],[13.7463,12.1877],[13.7508,12.1922],[13.7575,12.1989],[13.7597,12.2012],[13.7732,12.1967],[13.78,12.1922],[13.7979,12.1832],[13.8092,12.1787],[13.8136,12.1765],[13.8204,12.1742],[13.8294,12.172],[13.8361,12.172],[13.8428,12.172],[13.8473,12.172],[13.8518,12.172],[13.8586,12.1698],[13.8631,12.163],[13.8675,12.1608],[13.872,12.1563],[13.8765,12.154],[13.881,12.1518],[13.8855,12.1361],[13.8855,12.1271],[13.8855,12.1248],[13.89,12.1181],[13.8945,12.1159],[13.899,12.1226],[13.9035,12.1248],[13.9102,12.1248],[13.9169,12.1248],[13.9237,12.1203],[13.9417,12.1136],[13.9596,12.1114],[13.9641,12.1159],[13.9641,12.1181],[13.9664,12.1226],[13.9664,12.1271],[13.9708,12.1338],[13.9776,12.145],[13.9821,12.154],[13.9843,12.1585],[13.9888,12.1675],[13.9933,12.1832],[13.9955,12.1877],[14.0023,12.2034],[14.0068,12.2124],[14.0158,12.2304],[14.0247,12.2461],[14.027,12.2551],[14.0292,12.2618],[14.0337,12.2663],[14.0472,12.2888],[14.0494,12.2933],[14.0539,12.3067],[14.0562,12.3112],[14.0607,12.3247],[14.0629,12.3314],[14.0674,12.3404],[14.0764,12.3561],[14.0809,12.3674],[14.0876,12.3876],[14.0899,12.3921],[14.0966,12.4078],[14.1033,12.419],[14.1123,12.4347],[14.1213,12.4617],[14.1303,12.4819],[14.1348,12.4909],[14.146,12.5201],[14.1572,12.5403],[14.1662,12.5628],[14.1685,12.5695],[14.1707,12.574],[14.1752,12.5807],[14.1932,12.583],[14.1909,12.5897],[14.1909,12.5987],[14.1887,12.6054],[14.1887,12.6077],[14.1864,12.6167],[14.1842,12.6256],[14.1819,12.6346],[14.1797,12.6436],[14.1797,12.6503],[14.1775,12.6593],[14.1752,12.6683],[14.173,12.6773],[14.1707,12.6863],[14.1685,12.6953],[14.1685,12.702],[14.1662,12.7042],[14.1662,12.7065],[14.1528,12.7042],[14.1415,12.7042],[14.1325,12.7042],[14.1258,12.702],[14.1168,12.6997],[14.1123,12.6975],[14.1033,12.6975],[14.0944,12.6975],[14.0764,12.6953],[14.0674,12.693],[14.0584,12.693],[14.0472,12.693],[14.0405,12.693],[14.0113,12.6908],[13.9955,12.6885],[13.9753,12.684],[13.9574,12.6818],[13.9372,12.684],[13.9192,12.6818],[13.9035,12.6818],[13.8922,12.6863],[13.8743,12.6885],[13.8675,12.6885],[13.8608,12.6885],[13.8518,12.6908],[13.8316,12.6885],[13.8204,12.6863],[13.8136,12.684],[13.8002,12.6818],[13.7912,12.6773],[13.7822,12.6683],[13.7553,12.6481],[13.7508,12.6391],[13.7418,12.6256],[13.735,12.6167],[13.7328,12.6144],[13.7306,12.6122],[13.7306,12.6077],[13.7283,12.6054],[13.7283,12.5987],[13.7283,12.5942],[13.7328,12.583],[13.7306,12.5762],[13.7283,12.5672],[13.7283,12.5605],[13.7283,12.5538],[13.7283,12.5403],[13.7261,12.5291],[13.7261,12.5223],[13.7238,12.5134],[13.7216,12.4999],[13.7238,12.4909],[13.7238,12.4797],[13.7216,12.4684],[13.7171,12.4617],[13.7126,12.4595],[13.6901,12.4482],[13.6789,12.446],[13.6744,12.446],[13.6699,12.446],[13.6587,12.4415],[13.6564,12.4415],[13.6519,12.4392],[13.643,12.4303],[13.634,12.4235],[13.6295,12.419],[13.6272,12.4145],[13.6205,12.41],[13.6093,12.4078],[13.6025,12.4033],[13.5891,12.4011],[13.5846,12.4033],[13.5823,12.4056],[13.5778,12.4056],[13.5711,12.4078],[13.5621,12.41],[13.5554,12.41],[13.5486,12.4078],[13.5464,12.4078],[13.5397,12.4033],[13.5374,12.4011],[13.5307,12.4011],[13.5239,12.3988],[13.5217,12.3988],[13.5037,12.3966],[13.497,12.3966],[13.488,12.3898],[13.4858,12.3876],[13.4813,12.3741],[13.4813,12.3674],[13.4813,12.3561],[13.479,12.3494],[13.4745,12.3472],[13.4723,12.3427],[13.47,12.3404],[13.4656,12.3359],[13.4656,12.3314],[13.4633,12.3247],[13.4633,12.309],[13.4633,12.3022],[13.4656,12.2888]]]}},{"type":"Feature","properties":{"id":"borno/mobbar","name":"Mobbar","state":"Borno"},"geometry":{"type":"MultiPolygon","coordinates":[[[[12.6436,13.3016],[12.6459,13.3039],[12.6459,13.3061],[12.6436,13.3061],[12.6414,13.3061],[12.6414,13.3039],[12.6414,13.3016],[12.6414,13.2994],[12.6436,13.3016]]],[[[12.6414,13.2994],[12.6414,13.2971],[12.6391,13.2949],[12.6369,13.2949],[12.6369,13.2926],[12.6346,13.2926],[12.6346,13.2904],[12.6346,13.2881],[12.6346,13.2859],[12.6324,13.2859],[12.6324,13.2836],[12.6301,13.2814],[12.6279,13.2814],[12.6279,13.2792],[12.6256,13.2792],[12.6234,13.2792],[12.6211,13.2792],[12.6144,13.2792],[12.6122,13.2792],[12.6122,13.2814],[12.6122,13.2836],[12.6099,13.2836],[12.6077,13.2836],[12.6054,13.2836],[12.6032,13.2814],[12.5964,13.2814],[12.5942,13.2814],[12.5942,13.2836],[12.5942,13.2859],[12.5942,13.2881],[12.592,13.2881],[12.592,13.2904],[12.5897,13.2904],[12.5897,13.2881],[12.5897,13.2859],[12.5897,13.2836],[12.5875,13.2836],[12.5852,13.2836],[12.583,13.2836],[12.583,13.2859],[12.5807,13.2859],[12.5785,13.2859],[12.5785,13.2836],[12.5785,13.2814],[12.5807,13.2814],[12.5852,13.2814],[12.5875,13.2792],[12.5897,13.2769],[12.592,13.2702],[12.592,13.2679],[12.5897,13.2679],[12.5897,13.2657],[12.5875,13.2657],[12.5875,13.2679],[12.5875,13.2702],[12.5875,13.2724],[12.5875,13.2747],[12.5852,13.2747],[12.583,13.2769],[12.5807,13.2769],[12.5785,13.2769],[12.5785,13.2747],[12.5762,13.2747],[12.5762,13.2702],[12.5785,13.2702],[12.5807,13.2702],[12.5807,13.2679],[12.5807,13.2589],[12.5807,13.2567],[12.5785,13.2567],[12.5785,13.2545],[12.5762,13.2545],[12.574,13.2545],[12.5717,13.2545],[12.5695,13.2522],[12.5695,13.25],[12.5672,13.25],[12.565,13.25],[12.5628,13.25],[12.5628,13.2522],[12.5605,13.2522],[12.5605,13.2545],[12.5605,13.2567],[12.5628,13.2589],[12.5628,13.2612],[12.5628,13.2634],[12.5605,13.2634],[12.5515,13.2634],[12.5493,13.2589],[12.5515,13.2567],[12.5605,13.25],[12.5605,13.2477],[12.5628,13.2477],[12.565,13.2455],[12.565,13.2432],[12.565,13.241],[12.565,13.2387],[12.5672,13.2387],[12.5695,13.2387],[12.5717,13.2387],[12.5717,13.2365],[12.5717,13.2342],[12.5717,13.232],[12.5695,13.232],[12.5695,13.2297],[12.5672,13.2297],[12.565,13.2275],[12.5628,13.2275],[12.5583,13.2275],[12.556,13.2275],[12.5538,13.2253],[12.556,13.2253],[12.556,13.223],[12.556,13.2208],[12.5538,13.2118],[12.5538,13.2095],[12.5515,13.205],[12.5493,13.205],[12.5493,13.2028],[12.547,13.2028],[12.547,13.205],[12.5448,13.205],[12.5448,13.2073],[12.5425,13.2095],[12.5425,13.2118],[12.5403,13.2118],[12.5381,13.2118],[12.5381,13.214],[12.5381,13.2163],[12.5381,13.2185],[12.5358,13.2185],[12.5336,13.2163],[12.5336,13.214],[12.5313,13.2118],[12.5336,13.2118],[12.5336,13.2095],[12.5336,13.2073],[12.5358,13.205],[12.5358,13.2028],[12.5381,13.2006],[12.5403,13.1983],[12.5425,13.1983],[12.5425,13.1961],[12.5448,13.1961],[12.547,13.1961],[12.5493,13.1961],[12.5515,13.1961],[12.5538,13.1983],[12.5538,13.2006],[12.5538,13.2028],[12.556,13.2028],[12.5583,13.2028],[12.5583,13.2006],[12.5605,13.2006],[12.5605,13.1983],[12.5605,13.1961],[12.5605,13.1938],[12.5583,13.1938],[12.556,13.1916],[12.5538,13.1893],[12.5515,13.1871],[12.5515,13.1848],[12.5515,13.1826],[12.5515,13.1803],[12.5515,13.1781],[12.5515,13.1736],[12.5515,13.1714],[12.5538,13.1714],[12.5538,13.1691],[12.5538,13.1669],[12.5515,13.1624],[12.5493,13.1579],[12.547,13.1579],[12.5448,13.1556],[12.5403,13.1511],[12.5403,13.1489],[12.5425,13.1489],[12.5425,13.1467],[12.5425,13.1444],[12.5425,13.1422],[12.5403,13.1422],[12.5381,13.1422],[12.5358,13.1422],[12.5336,13.1444],[12.5336,13.1467],[12.5358,13.1467],[12.5358,13.1489],[12.5358,13.1511],[12.5336,13.1511],[12.5268,13.1511],[12.5246,13.1511],[12.5223,13.1511],[12.5201,13.1511],[12.5201,13.1534],[12.5178,13.1534],[12.5178,13.1556],[12.5156,13.1556],[12.5156,13.1534],[12.5134,13.1534],[12.5134,13.1511],[12.5089,13.1467],[12.5044,13.1467],[12.5044,13.1444],[12.5021,13.1444],[12.4999,13.1399],[12.4976,13.1354],[12.4976,13.1332],[12.4954,13.1332],[12.4931,13.1287],[12.4909,13.1287],[12.4909,13.1264],[12.4886,13.1242],[12.4909,13.1175],[12.4909,13.1152],[12.4931,13.1152],[12.4954,13.1152],[12.4954,13.113],[12.4931,13.1085],[12.4931,13.1062],[12.4909,13.1062],[12.4931,13.1017],[12.4954,13.0995],[12.4954,13.0972],[12.4931,13.095],[12.4909,13.095],[12.4886,13.095],[12.4886,13.0928],[12.4886,13.0905],[12.4909,13.0905],[12.4931,13.0905],[12.4954,13.0905],[12.4954,13.0883],[12.4976,13.0883],[12.4954,13.086],[12.4909,13.086],[12.4909,13.0883],[12.4886,13.0883],[12.4842,13.0883],[12.4797,13.086],[12.4774,13.086],[12.4774,13.0838],[12.4774,13.0815],[12.4797,13.0815],[12.4797,13.0793],[12.4797,13.077],[12.4819,13.077],[12.4819,13.0748],[12.4819,13.0725],[12.4797,13.0636],[12.4774,13.0636],[12.4774,13.0613],[12.4752,13.0613],[12.4729,13.0636],[12.4617,13.0725],[12.4595,13.0725],[12.4572,13.0725],[12.4572,13.0748],[12.455,13.0748],[12.4527,13.0748],[12.4505,13.0748],[12.4482,13.0748],[12.446,13.077],[12.4437,13.0748],[12.4415,13.0748],[12.4392,13.0748],[12.4392,13.0725],[12.437,13.0725],[12.4347,13.0725],[12.4303,13.0748],[12.428,13.077],[12.428,13.0748],[12.4258,13.0748],[12.4235,13.0748],[12.4213,13.0748],[12.419,13.0748],[12.419,13.077],[12.4168,13.077],[12.4168,13.0793],[12.41,13.0815],[12.4078,13.0815],[12.4078,13.0838],[12.4056,13.0838],[12.4011,13.0815],[12.3966,13.0793],[12.3966,13.077],[12.3943,13.077],[12.3943,13.0681],[12.3966,13.0478],[12.4011,13.0299],[12.4011,13.0231],[12.4011,13.0209],[12.4033,13.0164],[12.4033,13.0119],[12.4033,13.0097],[12.4011,12.9984],[12.4011,12.9917],[12.3988,12.9827],[12.3988,12.9805],[12.3943,12.967],[12.3898,12.9535],[12.3876,12.949],[12.3876,12.9445],[12.3786,12.9266],[12.3696,12.9131],[12.3674,12.9108],[12.3629,12.9019],[12.3606,12.8974],[12.3584,12.8861],[12.3606,12.8727],[12.3606,12.8614],[12.3629,12.857],[12.3651,12.8502],[12.3719,12.8322],[12.3741,12.8278],[12.3831,12.8165],[12.3921,12.8031],[12.3943,12.8008],[12.3988,12.7986],[12.4033,12.7941],[12.4123,12.7828],[12.419,12.7739],[12.4258,12.7649],[12.428,12.7626],[12.4325,12.7581],[12.437,12.7514],[12.4572,12.7334],[12.4639,12.7267],[12.4729,12.7177],[12.4819,12.7177],[12.4886,12.72],[12.4931,12.7245],[12.5066,12.7334],[12.5111,12.7357],[12.5134,12.7379],[12.5156,12.7424],[12.5223,12.7492],[12.5268,12.7514],[12.5336,12.7514],[12.5403,12.7536],[12.556,12.7559],[12.5695,12.7559],[12.5762,12.7626],[12.5875,12.7649],[12.6032,12.7716],[12.6077,12.7739],[12.6144,12.7784],[12.6144,12.7896],[12.6167,12.7941],[12.6256,12.7963],[12.6301,12.7963],[12.6414,12.7986],[12.6503,12.8008],[12.6593,12.8053],[12.6661,12.8098],[12.6728,12.8143],[12.684,12.83],[12.6953,12.8502],[12.6975,12.857],[12.6997,12.8637],[12.7042,12.8682],[12.7087,12.8749],[12.7155,12.8794],[12.72,12.8839],[12.7312,12.8929],[12.7469,12.9086],[12.7559,12.9198],[12.7604,12.9266],[12.7649,12.9333],[12.7716,12.9423],[12.7761,12.9513],[12.7806,12.958],[12.8031,12.985],[12.8278,13.0142],[12.8322,13.0209],[12.8367,13.0299],[12.839,13.0366],[12.8502,13.0501],[12.8547,13.0568],[12.8614,13.0636],[12.8659,13.0703],[12.8772,13.0793],[12.8861,13.086],[12.8929,13.0883],[12.9086,13.0995],[12.9176,13.1017],[12.9333,13.1085],[12.9558,13.113],[12.9625,13.113],[12.967,13.113],[12.9827,13.1107],[13.0007,13.1062],[13.0321,13.0995],[13.0591,13.095],[13.0748,13.0905],[13.0995,13.0838],[13.1107,13.0815],[13.1152,13.0815],[13.1197,13.0815],[13.1197,13.0883],[13.1152,13.104],[13.113,13.1062],[13.1085,13.113],[13.1017,13.1242],[13.0972,13.1354],[13.086,13.1467],[13.0838,13.1511],[13.0793,13.1556],[13.0703,13.1624],[13.0591,13.1736],[13.0568,13.1758],[13.0523,13.1803],[13.0433,13.1916],[13.0411,13.1961],[13.0344,13.205],[13.0209,13.2208],[13.0097,13.2365],[12.9984,13.2522],[12.9939,13.2589],[12.9872,13.2634],[12.9805,13.2679],[12.9782,13.2702],[12.9715,13.2769],[12.9692,13.2814],[12.9647,13.2859],[12.9603,13.2904],[12.9558,13.2949],[12.9468,13.2994],[12.9445,13.3016],[12.9333,13.3106],[12.9198,13.3173],[12.9153,13.3173],[12.9108,13.3196],[12.8974,13.3241],[12.8906,13.3286],[12.8727,13.342],[12.8682,13.3465],[12.8637,13.351],[12.857,13.3555],[12.8502,13.3578],[12.848,13.3578],[12.8435,13.36],[12.8345,13.3712],[12.8278,13.3825],[12.821,13.3869],[12.8188,13.3892],[12.8165,13.3914],[12.8098,13.4072],[12.8031,13.4072],[12.8008,13.4072],[12.7986,13.4072],[12.7941,13.4049],[12.7851,13.4004],[12.7851,13.3982],[12.7828,13.3982],[12.7828,13.3959],[12.7851,13.3937],[12.7851,13.3914],[12.7873,13.3914],[12.7873,13.3892],[12.7896,13.3892],[12.7963,13.3847],[12.7963,13.3825],[12.7941,13.378],[12.7918,13.378],[12.7806,13.3757],[12.7761,13.378],[12.7761,13.3802],[12.7784,13.3802],[12.7784,13.3825],[12.7806,13.3847],[12.7806,13.3869],[12.7739,13.3914],[12.7716,13.3914],[12.7694,13.3914],[12.7671,13.3914],[12.7649,13.3914],[12.7626,13.3892],[12.7626,13.3869],[12.7626,13.3847],[12.7626,13.3825],[12.7626,13.378],[12.7626,13.3757],[12.7626,13.3735],[12.7604,13.369],[12.7581,13.369],[12.7581,13.3667],[12.7559,13.3667],[12.7559,13.3645],[12.7536,13.3622],[12.7514,13.36],[12.7514,13.3578],[12.7492,13.3578],[12.7469,13.3578],[12.7469,13.3555],[12.7447,13.3555],[12.7424,13.3555],[12.7424,13.3533],[12.7379,13.351],[12.7379,13.3488],[12.7379,13.3465],[12.7379,13.3443],[12.7357,13.342],[12.7334,13.342],[12.7334,13.3375],[12.7357,13.3375],[12.7379,13.3375],[12.7402,13.3375],[12.7424,13.3353],[12.7424,13.3286],[12.7402,13.3263],[12.7379,13.3263],[12.7357,13.3263],[12.7334,13.3263],[12.7312,13.3263],[12.7289,13.3263],[12.7289,13.3241],[12.7267,13.3241],[12.7222,13.3241],[12.72,13.3241],[12.7177,13.3241],[12.7155,13.3241],[12.7132,13.3241],[12.711,13.3241],[12.7087,13.3218],[12.7087,13.3196],[12.711,13.3196],[12.711,13.3173],[12.7132,13.3173],[12.7132,13.3151],[12.7155,13.3151],[12.7177,13.3151],[12.72,13.3151],[12.7222,13.3151],[12.7222,13.3128],[12.7222,13.3106],[12.72,13.3106],[12.72,13.3083],[12.7177,13.3083],[12.7155,13.3061],[12.711,13.3083],[12.7087,13.3083],[12.7087,13.3106],[12.7065,13.3106],[12.7065,13.3128],[12.7087,13.3128],[12.7087,13.3151],[12.7065,13.3173],[12.7042,13.3196],[12.702,13.3218],[12.6997,13.3218],[12.6975,13.3196],[12.693,13.3196],[12.6885,13.3218],[12.684,13.3218],[12.6818,13.3196],[12.684,13.3173],[12.684,13.3151],[12.6863,13.3128],[12.6885,13.3106],[12.6908,13.3061],[12.693,13.3039],[12.693,13.3016],[12.6908,13.3016],[12.6908,13.2994],[12.6908,13.2971],[12.6885,13.2971],[12.6863,13.2949],[12.684,13.2904],[12.6818,13.2859],[12.6795,13.2859],[12.6795,13.2836],[12.6773,13.2814],[12.6773,13.2792],[12.6773,13.2769],[12.675,13.2769],[12.6706,13.2747],[12.6683,13.2747],[12.6683,13.2769],[12.6661,13.2769],[12.6661,13.2792],[12.6661,13.2814],[12.6661,13.2836],[12.6661,13.2859],[12.6638,13.2881],[12.6616,13.2881],[12.6616,13.2904],[12.6571,13.2904],[12.6571,13.2926],[12.6548,13.2904],[12.6548,13.2881],[12.6526,13.2881],[12.6503,13.2881],[12.6481,13.2881],[12.6459,13.2881],[12.6459,13.2904],[12.6436,13.2971],[12.6414,13.2994]]]]}},{"type":"Feature","properties":{"id":"borno/monguno","name":"Monguno","state":"Borno"},"geometry":{"type":"Polygon","coordinates":[[[13.2387,12.3427],[13.241,12.3382],[13.2455,12.3359],[13.2545,12.3337],[13.2612,12.3337],[13.2657,12.3337],[13.2747,12.3314],[13.2836,12.327],[13.2904,12.3202],[13.2994,12.309],[13.3039,12.2978],[13.3106,12.2843],[13.3128,12.2798],[13.3286,12.2596],[13.3331,12.2551],[13.3375,12.2528],[13.3443,12.2506],[13.3578,12.2461],[13.3645,12.2484],[13.3735,12.2484],[13.3802,12.2484],[13.3914,12.2506],[13.3959,12.2528],[13.4004,12.2551],[13.4117,12.2596],[13.4184,12.2663],[13.4341,12.2731],[13.4408,12.2731],[13.4453,12.2731],[13.4521,12.2731],[13.4566,12.2753],[13.4611,12.2753],[13.4656,12.2775],[13.4656,12.2888],[13.4633,12.3022],[13.4633,12.309],[13.4633,12.3247],[13.4656,12.3314],[13.4656,12.3359],[13.47,12.3404],[13.4723,12.3427],[13.4745,12.3472],[13.479,12.3494],[13.4813,12.3561],[13.4813,12.3674],[13.4813,12.3741],[13.4858,12.3876],[13.488,12.3898],[13.497,12.3966],[13.5037,12.3966],[13.5217,12.3988],[13.5239,12.3988],[13.5307,12.4011],[13.5374,12.4011],[13.5397,12.4033],[13.5464,12.4078],[13.5486,12.4078],[13.5554,12.41],[13.5621,12.41],[13.5711,12.4078],[13.5778,12.4056],[13.5823,12.4056],[13.5846,12.4033],[13.5891,12.4011],[13.6025,12.4033],[13.6093,12.4078],[13.6205,12.41],[13.6272,12.4145],[13.6295,12.419],[13.634,12.4235],[13.643,12.4303],[13.6519,12.4392],[13.6564,12.4415],[13.6587,12.4415],[13.6699,12.446],[13.6744,12.446],[13.6789,12.446],[13.6901,12.4482],[13.7126,12.4595],[13.7171,12.4617],[13.7216,12.4684],[13.7238,12.4797],[13.7238,12.4909],[13.7216,12.4999],[13.7238,12.5134],[13.7261,12.5223],[13.7261,12.5291],[13.7283,12.5403],[13.7283,12.5538],[13.7283,12.5605],[13.7283,12.5672],[13.7306,12.5762],[13.7328,12.583],[13.7283,12.5942],[13.7283,12.5987],[13.7283,12.6054],[13.7306,12.6077],[13.7306,12.6122],[13.7328,12.6144],[13.735,12.6167],[13.7418,12.6256],[13.7508,12.6391],[13.7553,12.6481],[13.7822,12.6683],[13.7912,12.6773],[13.8002,12.6818],[13.8136,12.684],[13.8204,12.6863],[13.8316,12.6885],[13.8518,12.6908],[13.8608,12.6885],[13.8675,12.6885],[13.8743,12.6885],[13.8922,12.6863],[13.9035,12.6818],[13.9192,12.6818],[13.9372,12.684],[13.9574,12.6818],[13.9753,12.684],[13.9955,12.6885],[14.0113,12.6908],[14.0405,12.693],[14.0472,12.693],[14.0584,12.693],[14.0674,12.693],[14.0764,12.6953],[14.0944,12.6975],[14.1033,12.6975],[14.1123,12.6975],[14.1168,12.6997],[14.1258,12.702],[14.1325,12.7042],[14.1415,12.7042],[14.1528,12.7042],[14.1662,12.7065],[14.1662,12.7132],[14.164,12.72],[14.1617,12.7289],[14.1595,12.7379],[14.1572,12.7469],[14.155,12.7559],[14.155,12.7649],[14.1528,12.7694],[14.1528,12.7739],[14.1505,12.7828],[14.1483,12.7896],[14.146,12.7986],[14.1438,12.8075],[14.1438,12.8098],[14.1348,12.8075],[14.1258,12.8075],[14.1213,12.8075],[14.1078,12.8053],[14.0944,12.8008],[14.0764,12.7963],[14.0584,12.7941],[14.0494,12.7941],[14.036,12.7941],[14.0247,12.7918],[14.0,12.7873],[13.9731,12.7828],[13.9551,12.7784],[13.9461,12.7761],[13.9417,12.7739],[13.9372,12.7716],[13.9282,12.7694],[13.9214,12.7694],[13.908,12.7671],[13.9035,12.7671],[13.8855,12.7626],[13.8765,12.7559],[13.8698,12.7514],[13.8406,12.7469],[13.8114,12.7424],[13.8002,12.7402],[13.7732,12.7289],[13.762,12.7245],[13.7418,12.7155],[13.7373,12.7132],[13.7306,12.7132],[13.7216,12.7132],[13.7014,12.711],[13.6789,12.711],[13.6722,12.7087],[13.6542,12.7065],[13.6475,12.7065],[13.643,12.7065],[13.6362,12.7065],[13.6272,12.7065],[13.6138,12.702],[13.6048,12.6975],[13.5958,12.6953],[13.5891,12.6885],[13.5778,12.6795],[13.5756,12.6728],[13.5711,12.6683],[13.5689,12.6616],[13.5666,12.6548],[13.5644,12.6503],[13.5599,12.6436],[13.5486,12.6301],[13.5486,12.6279],[13.5419,12.6211],[13.5307,12.6122],[13.5239,12.6077],[13.5194,12.6032],[13.5127,12.6009],[13.5037,12.5964],[13.4992,12.5964],[13.4947,12.592],[13.4903,12.5875],[13.4858,12.5852],[13.4768,12.583],[13.4431,12.5762],[13.4161,12.574],[13.4117,12.574],[13.4072,12.574],[13.4049,12.5762],[13.3982,12.5762],[13.3847,12.574],[13.378,12.5695],[13.369,12.5605],[13.3645,12.556],[13.36,12.5515],[13.3578,12.547],[13.3555,12.5448],[13.351,12.5425],[13.3465,12.5403],[13.3398,12.5336],[13.3286,12.5223],[13.3106,12.5089],[13.3061,12.5066],[13.3039,12.5044],[13.2994,12.5021],[13.2881,12.4909],[13.2814,12.4842],[13.2747,12.4729],[13.2724,12.4684],[13.2589,12.4505],[13.2545,12.4437],[13.2477,12.437],[13.2387,12.4213],[13.2365,12.4168],[13.2365,12.41],[13.2365,12.3966],[13.2365,12.3853],[13.2365,12.3606],[13.2387,12.3427]]]}},{"type":"Feature","properties":{"id":"borno/ngala","name":"Ngala","state":"Borno"},"geometry":{"type":"MultiPolygon","coordinates":[[[[14.301,12.3629],[14.3032,12.3651],[14.3032,12.3674],[14.301,12.3674],[14.301,12.3696],[14.2987,12.3696],[14.2965,12.3719],[14.2942,12.3719],[14.292,12.3719],[14.2897,12.3719],[14.2897,12.3696],[14.2897,12.3674],[14.292,12.3674],[14.2942,12.3651],[14.2965,12.3651],[14.2965,12.3629],[14.2965,12.3606],[14.2987,12.3606],[14.301,12.3629]]],[[[14.2987,12.3606],[14.2965,12.3584],[14.2965,12.3561],[14.2942,12.3561],[14.292,12.3539],[14.2897,12.3539],[14.2897,12.3561],[14.2875,12.3561],[14.2875,12.3584],[14.2853,12.3606],[14.2853,12.3629],[14.2853,12.3651],[14.2853,12.3674],[14.2853,12.3696],[14.283,12.3696],[14.2808,12.3719],[14.2785,12.3719],[14.2763,12.3741],[14.274,12.3741],[14.2718,12.3741],[14.2695,12.3741],[14.2695,12.3719],[14.2673,12.3719],[14.265,12.3719],[14.265,12.3696],[14.2605,12.3674],[14.2583,12.3674],[14.2561,12.3674],[14.2538,12.3674],[14.2538,12.3696],[14.2516,12.3696],[14.2493,12.3696],[14.2493,12.3674],[14.2471,12.3674],[14.2426,12.3674],[14.2426,12.3651],[14.2403,12.3651],[14.2358,12.3629],[14.2314,12.3629],[14.2291,12.3629],[14.2269,12.3606],[14.2246,12.3606],[14.2224,12.3629],[14.2201,12.3629],[14.2179,12.3651],[14.2179,12.3674],[14.2179,12.3696],[14.2201,12.3719],[14.2224,12.3719],[14.2224,12.3741],[14.2201,12.3764],[14.2134,12.3786],[14.2111,12.3809],[14.2089,12.3809],[14.2067,12.3809],[14.2044,12.3809],[14.2022,12.3831],[14.1999,12.3853],[14.1977,12.3853],[14.1977,12.3876],[14.1932,12.3943],[14.1887,12.4033],[14.1887,12.4056],[14.1864,12.4078],[14.1842,12.4078],[14.1819,12.4078],[14.1775,12.4078],[14.1752,12.4078],[14.1752,12.41],[14.173,12.41],[14.173,12.4123],[14.173,12.4145],[14.1752,12.4145],[14.1752,12.4168],[14.1775,12.4168],[14.1797,12.4168],[14.1797,12.419],[14.1775,12.4213],[14.1775,12.4235],[14.1752,12.4258],[14.1752,12.428],[14.1752,12.4303],[14.1775,12.4303],[14.1797,12.4303],[14.1797,12.428],[14.1819,12.428],[14.1842,12.428],[14.1864,12.428],[14.1864,12.4303],[14.1864,12.4325],[14.1864,12.4347],[14.1864,12.437],[14.1887,12.437],[14.1887,12.4347],[14.1909,12.4347],[14.1909,12.4325],[14.1932,12.4325],[14.1932,12.4347],[14.1954,12.4347],[14.1954,12.437],[14.1932,12.437],[14.1909,12.4392],[14.1887,12.4392],[14.1887,12.4415],[14.1887,12.4437],[14.1887,12.446],[14.1909,12.446],[14.1932,12.446],[14.1954,12.446],[14.1954,12.4482],[14.1977,12.4482],[14.1977,12.4505],[14.1954,12.4505],[14.1932,12.4505],[14.1909,12.4505],[14.1887,12.4505],[14.1864,12.4482],[14.1842,12.446],[14.1819,12.446],[14.1819,12.4482],[14.1819,12.4505],[14.1842,12.4505],[14.1842,12.4527],[14.1842,12.455],[14.1819,12.4572],[14.1819,12.4595],[14.1819,12.4617],[14.1819,12.4639],[14.1819,12.4662],[14.1797,12.4662],[14.1797,12.4684],[14.1797,12.4707],[14.1775,12.4707],[14.1775,12.4729],[14.1775,12.4752],[14.1752,12.4774],[14.1752,12.4797],[14.1775,12.4797],[14.1775,12.4819],[14.1797,12.4819],[14.1819,12.4819],[14.1842,12.4797],[14.1864,12.4797],[14.1864,12.4819],[14.1887,12.4819],[14.1887,12.4842],[14.1909,12.4864],[14.1909,12.4886],[14.1909,12.4909],[14.1909,12.4931],[14.1909,12.4954],[14.1909,12.4976],[14.1932,12.4999],[14.1954,12.5021],[14.1977,12.5021],[14.1999,12.5021],[14.1999,12.5044],[14.2044,12.5381],[14.2022,12.547],[14.1999,12.556],[14.1977,12.565],[14.1954,12.574],[14.1932,12.5807],[14.1932,12.583],[14.1752,12.5807],[14.1707,12.574],[14.1685,12.5695],[14.1662,12.5628],[14.1572,12.5403],[14.146,12.5201],[14.1348,12.4909],[14.1303,12.4819],[14.1213,12.4617],[14.1123,12.4347],[14.1033,12.419],[14.0966,12.4078],[14.0899,12.3921],[14.0876,12.3876],[14.0809,12.3674],[14.0764,12.3561],[14.0674,12.3404],[14.0629,12.3314],[14.0607,12.3247],[14.0562,12.3112],[14.0539,12.3067],[14.0494,12.2933],[14.0472,12.2888],[14.0337,12.2663],[14.0292,12.2618],[14.027,12.2551],[14.0247,12.2461],[14.0158,12.2304],[14.0068,12.2124],[14.0023,12.2034],[13.9955,12.1877],[13.9933,12.1832],[13.9888,12.1675],[13.9955,12.163],[14.0113,12.1495],[14.0203,12.1406],[14.027,12.1316],[14.036,12.1226],[14.0472,12.1114],[14.0494,12.1091],[14.0539,12.1001],[14.0584,12.0911],[14.0629,12.0822],[14.0652,12.0754],[14.0674,12.0709],[14.0742,12.0552],[14.0786,12.0485],[14.0809,12.0462],[14.0854,12.0328],[14.0876,12.0305],[14.0921,12.0215],[14.0966,12.0125],[14.1011,12.0058],[14.1033,12.0036],[14.1123,11.9946],[14.1168,11.9923],[14.1236,11.9901],[14.1325,11.9856],[14.1438,11.9834],[14.1483,11.9834],[14.1505,11.9856],[14.155,11.9856],[14.1662,11.9901],[14.1662,11.9923],[14.1685,11.9968],[14.173,12.0013],[14.1842,12.0148],[14.1909,12.0193],[14.1977,12.0238],[14.2022,12.026],[14.2156,12.0283],[14.2314,12.0328],[14.2403,12.0328],[14.2583,12.0417],[14.2718,12.044],[14.2763,12.044],[14.283,12.044],[14.2897,12.044],[14.3032,12.0395],[14.3122,12.0395],[14.3212,12.0395],[14.3212,12.0417],[14.3234,12.0485],[14.3257,12.0597],[14.3257,12.0642],[14.3324,12.0754],[14.3347,12.0777],[14.3392,12.0844],[14.3414,12.0956],[14.3436,12.1069],[14.3459,12.1136],[14.3504,12.1383],[14.3526,12.1518],[14.3526,12.1563],[14.3549,12.1608],[14.3571,12.1653],[14.3594,12.1675],[14.3616,12.172],[14.3639,12.1787],[14.3616,12.1877],[14.3616,12.1945],[14.3639,12.2079],[14.3661,12.2169],[14.3683,12.2259],[14.3683,12.2326],[14.3683,12.2439],[14.3683,12.2484],[14.3683,12.2551],[14.3683,12.2596],[14.3683,12.2663],[14.3683,12.2708],[14.3683,12.2753],[14.3683,12.2798],[14.3706,12.2843],[14.3661,12.2955],[14.3661,12.3112],[14.3616,12.3225],[14.3594,12.3292],[14.3549,12.3494],[14.3526,12.3584],[14.3526,12.3629],[14.3504,12.3629],[14.3481,12.3651],[14.3459,12.3651],[14.3392,12.3696],[14.3324,12.3741],[14.3302,12.3764],[14.3279,12.3764],[14.3257,12.3764],[14.3257,12.3741],[14.3189,12.3696],[14.3167,12.3696],[14.3167,12.3674],[14.3167,12.3651],[14.3167,12.3629],[14.3144,12.3629],[14.3122,12.3606],[14.31,12.3584],[14.3077,12.3584],[14.3055,12.3584],[14.3032,12.3584],[14.301,12.3606],[14.2987,12.3606]]]]}},{"type":"Feature","properties":{"id":"borno/nganzai","name":"Nganzai","state":"Borno"},"geometry":{"type":"Polygon","coordinates":[[[12.8727,12.3809],[12.8817,12.3741],[12.8839,12.3651],[12.8861,12.3606],[12.9041,12.3449],[12.9108,12.3404],[12.9153,12.3359],[12.9221,12.3337],[12.9288,12.3314],[12.9333,12.3292],[12.9445,12.3247],[12.9625,12.3157],[12.9692,12.3112],[12.9782,12.3022],[13.0007,12.2865],[13.0366,12.2596],[13.0456,12.2506],[13.0523,12.2484],[13.0703,12.2371],[13.0838,12.2304],[13.1017,12.2192],[13.113,12.2102],[13.122,12.2012],[13.1242,12.1989],[13.1264,12.1967],[13.1354,12.1765],[13.1399,12.1698],[13.1444,12.163],[13.1489,12.1563],[13.1579,12.1428],[13.1646,12.1293],[13.1669,12.1248],[13.1691,12.1159],[13.1781,12.1024],[13.1826,12.0979],[13.1938,12.0889],[13.2006,12.0822],[13.2185,12.0732],[13.2365,12.0597],[13.2432,12.0575],[13.2455,12.0575],[13.2522,12.0642],[13.2657,12.0777],[13.2679,12.0822],[13.2702,12.0889],[13.2747,12.1001],[13.2769,12.1046],[13.2792,12.1091],[13.2814,12.1293],[13.2769,12.1406],[13.2724,12.154],[13.2702,12.163],[13.2702,12.1675],[13.2679,12.1765],[13.2657,12.1832],[13.2634,12.1922],[13.2634,12.1989],[13.2634,12.2057],[13.2567,12.2371],[13.2545,12.2484],[13.25,12.2663],[13.2455,12.2798],[13.2455,12.2888],[13.2455,12.3],[13.2455,12.3045],[13.2455,12.3112],[13.241,12.3292],[13.241,12.3337],[13.241,12.3382],[13.2387,12.3427],[13.2365,12.3606],[13.2365,12.3853],[13.2365,12.3966],[13.2365,12.41],[13.2365,12.4168],[13.2387,12.4213],[13.2477,12.437],[13.2545,12.4437],[13.2589,12.4505],[13.2724,12.4684],[13.2747,12.4729],[13.2814,12.4842],[13.2881,12.4909],[13.2994,12.5021],[13.3039,12.5044],[13.3061,12.5066],[13.3106,12.5089],[13.3286,12.5223],[13.3398,12.5336],[13.3465,12.5403],[13.351,12.5425],[13.3555,12.5448],[13.3578,12.547],[13.36,12.5515],[13.3645,12.556],[13.369,12.5605],[13.378,12.5695],[13.3847,12.574],[13.3982,12.5762],[13.4049,12.5762],[13.4004,12.583],[13.3959,12.5875],[13.3937,12.5897],[13.3892,12.5942],[13.369,12.6032],[13.3578,12.6099],[13.3533,12.6167],[13.3465,12.6234],[13.3353,12.6279],[13.3308,12.6279],[13.3241,12.6301],[13.3196,12.6301],[13.3128,12.6301],[13.3039,12.6301],[13.2926,12.6279],[13.2881,12.6256],[13.2814,12.6256],[13.2747,12.6279],[13.2657,12.6324],[13.2589,12.6346],[13.25,12.6414],[13.2477,12.6436],[13.2432,12.6481],[13.2387,12.6571],[13.2297,12.6661],[13.223,12.6728],[13.214,12.6818],[13.2095,12.6908],[13.2095,12.693],[13.2073,12.6997],[13.2073,12.7065],[13.205,12.7222],[13.205,12.7267],[13.2028,12.7334],[13.2006,12.7447],[13.1983,12.7559],[13.1961,12.7604],[13.1938,12.7626],[13.1871,12.7671],[13.1758,12.7671],[13.1714,12.7694],[13.1669,12.7694],[13.1511,12.7761],[13.1444,12.7828],[13.1422,12.7896],[13.1422,12.7941],[13.1444,12.7986],[13.1467,12.8053],[13.1489,12.8075],[13.1489,12.812],[13.1489,12.821],[13.1489,12.8255],[13.1467,12.83],[13.1444,12.8345],[13.1399,12.839],[13.1354,12.8435],[13.1309,12.8457],[13.1264,12.8457],[13.113,12.8502],[13.104,12.8547],[13.0883,12.8637],[13.0815,12.8637],[13.0748,12.8659],[13.0636,12.8659],[13.0546,12.8637],[13.0433,12.8592],[13.0299,12.8547],[13.0254,12.8525],[13.0164,12.8412],[13.0142,12.8367],[13.0097,12.83],[13.0029,12.812],[12.9984,12.8053],[12.9962,12.8008],[13.0007,12.7963],[13.0007,12.7918],[13.0029,12.7784],[13.0029,12.7626],[12.9984,12.7536],[12.9962,12.7402],[12.9939,12.7312],[12.9939,12.7267],[12.9895,12.6997],[12.985,12.6885],[12.9805,12.6818],[12.9782,12.6773],[12.9715,12.6638],[12.9625,12.6481],[12.958,12.6391],[12.9513,12.6256],[12.9513,12.6211],[12.949,12.6144],[12.9468,12.6032],[12.9468,12.5987],[12.9378,12.5762],[12.9356,12.5605],[12.9311,12.5448],[12.9311,12.5425],[12.9266,12.5336],[12.9176,12.5156],[12.8951,12.4639],[12.8839,12.4482],[12.8794,12.4437],[12.8794,12.4392],[12.8727,12.4235],[12.8682,12.3966],[12.8682,12.3876],[12.8727,12.3809]]]}},{"type":"Feature","properties":{"id":"borno/shani","name":"Shani","state":"Borno"},"geometry":{"type":"Polygon","coordinates":[[[11.6824,10.1733],[11.6981,10.1665],[11.7228,10.1665],[11.7408,10.1643],[11.7498,10.1553],[11.7565,10.1418],[11.761,10.1328],[11.7745,10.1194],[11.7992,10.0947],[11.8059,10.0879],[11.8082,10.0857],[11.8104,10.0745],[11.8172,10.0677],[11.8217,10.0632],[11.8284,10.0542],[11.8329,10.0475],[11.8396,10.0453],[11.8441,10.0453],[11.8464,10.0453],[11.8621,10.0453],[11.8666,10.0453],[11.8778,10.043],[11.8913,10.0408],[11.9115,10.034],[11.9429,10.0295],[11.9654,10.0273],[11.9946,10.0228],[12.0036,10.0228],[12.0036,10.0251],[12.0058,10.0251],[12.0283,10.0318],[12.044,10.0363],[12.0485,10.0385],[12.062,10.0385],[12.0687,10.0363],[12.0799,10.0363],[12.0844,10.0385],[12.0934,10.043],[12.0979,10.0475],[12.1046,10.0542],[12.1069,10.061],[12.1069,10.0677],[12.1069,10.0745],[12.1091,10.0834],[12.1159,10.0969],[12.1226,10.1037],[12.1271,10.1126],[12.1293,10.1171],[12.1338,10.1284],[12.145,10.1418],[12.1495,10.1486],[12.1585,10.1553],[12.163,10.162],[12.172,10.171],[12.1832,10.1823],[12.1945,10.1935],[12.1967,10.1957],[12.2102,10.2002],[12.2214,10.207],[12.2259,10.2092],[12.2304,10.2092],[12.2371,10.2115],[12.2439,10.2159],[12.2484,10.2204],[12.2573,10.2384],[12.2596,10.2451],[12.2618,10.2541],[12.2641,10.2609],[12.2641,10.2631],[12.2596,10.2676],[12.2371,10.2788],[12.2259,10.2833],[12.2214,10.2856],[12.2034,10.2901],[12.1877,10.2923],[12.1832,10.2923],[12.1742,10.2901],[12.1675,10.2878],[12.1585,10.2856],[12.145,10.2856],[12.1316,10.2811],[12.1248,10.2788],[12.1226,10.2766],[12.1114,10.2698],[12.0889,10.2698],[12.0799,10.2698],[12.0597,10.2788],[12.0462,10.2878],[12.035,10.2968],[12.0283,10.3035],[12.026,10.308],[12.0148,10.317],[11.9878,10.3462],[11.9789,10.3507],[11.9744,10.3529],[11.9631,10.3395],[11.9384,10.3237],[11.9295,10.3215],[11.925,10.317],[11.9205,10.3148],[11.916,10.3058],[11.9115,10.3035],[11.9048,10.299],[11.898,10.2968],[11.8913,10.2878],[11.8778,10.2766],[11.8688,10.2698],[11.8553,10.2609],[11.8464,10.2564],[11.8351,10.2541],[11.8127,10.2451],[11.8014,10.2429],[11.7947,10.2429],[11.7902,10.2429],[11.7835,10.2451],[11.77,10.2429],[11.761,10.2429],[11.752,10.2384],[11.7273,10.2137],[11.7206,10.198],[11.7116,10.1935],[11.6869,10.1845],[11.6757,10.1733],[11.6824,10.1733]]]}}]}